alert_id,entity_id,entity_name,sector,timestamp,category,severity,asset_id,closure_time_minutes,escalated,status,is_execution_gap,anomaly_score,is_anomaly
ALT-2026-00001,CSE-005,Eastern Port Trust,Maritime Logistics,2026-09-22 18:08:41,Authentication & Brute Force,Medium,AST-005-04,113,Yes,Closed,False,1,False
ALT-2026-00002,CSE-004,Metro Airport Authority,Civil Aviation,2026-09-09 05:02:41,Perimeter Boundary Scanning,High,AST-004-06,12,No,Closed,True,1,False
ALT-2026-00003,CSE-001,National Power Grid Corporation,Power & Energy,2026-09-09 20:02:41,Data Exfiltration Attempt,High,AST-001-06,8,No,Closed,True,1,False
ALT-2026-00004,CSE-002,Apex National Bank,Banking & Finance,2026-09-08 05:19:41,Authentication & Brute Force,High,AST-002-03,2,No,Closed,True,1,False
ALT-2026-00005,CSE-002,Apex National Bank,Banking & Finance,2026-08-30 21:16:41,Perimeter Boundary Scanning,High,AST-002-04,9,No,Closed,True,1,False
ALT-2026-00006,CSE-003,Bharat Telecom Ltd,Telecommunications,2026-09-25 08:25:41,Privilege Escalation,Medium,AST-003-05,69,No,Closed,False,1,False
ALT-2026-00008,CSE-004,Metro Airport Authority,Civil Aviation,2026-09-16 20:43:41,Privilege Escalation,Low,AST-004-01,16,Yes,Closed,False,-1,True
ALT-2026-00009,CSE-004,Metro Airport Authority,Civil Aviation,2026-09-24 02:12:41,Privilege Escalation,Low,AST-004-05,112,No,Closed,False,1,False
ALT-2026-00010,CSE-002,Apex National Bank,Banking & Finance,2026-09-18 10:38:41,Authentication & Brute Force,Medium,AST-002-01,77,No,Closed,False,1,False
ALT-2026-00011,CSE-005,Eastern Port Trust,Maritime Logistics,2026-08-30 14:07:41,Service Principal Anomaly,Low,AST-005-02,112,Yes,Closed,False,-1,True
ALT-2026-00012,CSE-005,Eastern Port Trust,Maritime Logistics,2026-09-01 20:45:41,Data Exfiltration Attempt,Low,AST-005-06,111,Yes,Closed,False,-1,True
ALT-2026-00013,CSE-003,Bharat Telecom Ltd,Telecommunications,2026-09-14 23:44:41,Malware & C2 Beaconing,High,AST-003-02,77,No,Closed,False,1,False
ALT-2026-00014,CSE-001,National Power Grid Corporation,Power & Energy,2026-09-06 20:09:41,Data Exfiltration Attempt,Critical,AST-001-05,2,No,Closed,True,1,False
ALT-2026-00015,CSE-003,Bharat Telecom Ltd,Telecommunications,2026-09-08 00:59:41,SCADA / ICS Telemetry Anomaly,Medium,AST-003-02,88,Yes,Closed,False,1,False
ALT-2026-00016,CSE-001,National Power Grid Corporation,Power & Energy,2026-09-08 02:50:41,Lateral Movement,High,AST-001-06,13,No,Closed,True,1,False
ALT-2026-00017,CSE-001,National Power Grid Corporation,Power & Energy,2026-09-28 03:26:41,Perimeter Boundary Scanning,Low,AST-001-04,28,Yes,Closed,False,1,False
ALT-2026-00019,CSE-007,National Highway Authority,Transportation,2026-09-02 09:02:41,Lateral Movement,Medium,AST-007-01,42,No,Closed,False,1,False
ALT-2026-00020,CSE-003,Bharat Telecom Ltd,Telecommunications,2026-08-31 01:54:41,Lateral Movement,Medium,AST-003-02,108,No,Closed,False,1,False
ALT-2026-00021,CSE-002,Apex National Bank,Banking & Finance,2026-08-30 14:35:41,Authentication & Brute Force,Medium,AST-002-01,22,No,Closed,False,1,False
ALT-2026-00022,CSE-001,National Power Grid Corporation,Power & Energy,2026-09-02 11:08:41,Malware & C2 Beaconing,Medium,AST-001-05,45,No,Closed,False,1,False
ALT-2026-00023,CSE-005,Eastern Port Trust,Maritime Logistics,2026-09-27 02:30:41,Perimeter Boundary Scanning,Low,AST-005-02,41,No,Closed,False,1,False
ALT-2026-00024,CSE-006,Central Metro Rail,Urban Mass Transit,2026-09-20 01:52:41,Malware & C2 Beaconing,Critical,AST-006-03,363,Yes,Closed,False,1,False
ALT-2026-00026,CSE-006,Central Metro Rail,Urban Mass Transit,2026-09-02 22:53:41,Malware & C2 Beaconing,Low,AST-006-03,32,No,Closed,False,1,False
ALT-2026-00027,CSE-002,Apex National Bank,Banking & Finance,2026-09-07 05:59:41,Privilege Escalation,Medium,AST-002-03,47,No,Closed,False,1,False
ALT-2026-00028,CSE-001,National Power Grid Corporation,Power & Energy,2026-09-19 11:32:41,Privilege Escalation,High,AST-001-04,9,No,Closed,True,1,False
ALT-2026-00029,CSE-001,National Power Grid Corporation,Power & Energy,2026-09-26 13:16:41,SCADA / ICS Telemetry Anomaly,Medium,AST-001-03,62,Yes,Closed,False,1,False
ALT-2026-00030,CSE-007,National Highway Authority,Transportation,2026-09-02 14:15:41,Perimeter Boundary Scanning,High,AST-007-02,172,No,Closed,False,1,False
ALT-2026-00031,CSE-002,Apex National Bank,Banking & Finance,2026-09-04 10:16:41,Lateral Movement,Critical,AST-002-04,13,No,Closed,True,1,False
ALT-2026-00032,CSE-006,Central Metro Rail,Urban Mass Transit,2026-09-01 16:21:41,Data Exfiltration Attempt,High,AST-006-02,448,No,Closed,False,1,False
ALT-2026-00033,CSE-007,National Highway Authority,Transportation,2026-08-31 01:50:41,Privilege Escalation,Low,AST-007-03,44,No,Closed,False,1,False
ALT-2026-00034,CSE-001,National Power Grid Corporation,Power & Energy,2026-08-30 07:50:41,Lateral Movement,Medium,AST-001-05,83,Yes,Closed,False,1,False
ALT-2026-00035,CSE-001,National Power Grid Corporation,Power & Energy,2026-09-25 20:45:41,Perimeter Boundary Scanning,Medium,AST-001-05,55,No,Closed,False,1,False
ALT-2026-00036,CSE-003,Bharat Telecom Ltd,Telecommunications,2026-09-27 17:45:41,Authentication & Brute Force,Medium,AST-003-04,118,No,Closed,False,1,False
ALT-2026-00037,CSE-006,Central Metro Rail,Urban Mass Transit,2026-08-31 05:33:41,Perimeter Boundary Scanning,Medium,AST-006-03,30,No,Closed,False,1,False
ALT-2026-00038,CSE-006,Central Metro Rail,Urban Mass Transit,2026-09-19 23:04:41,Data Exfiltration Attempt,High,AST-006-05,239,No,Closed,False,1,False
ALT-2026-00039,CSE-001,National Power Grid Corporation,Power & Energy,2026-09-20 06:59:41,Lateral Movement,Medium,AST-001-05,92,No,Closed,False,1,False
ALT-2026-00040,CSE-007,National Highway Authority,Transportation,2026-08-31 17:02:41,Malware & C2 Beaconing,High,AST-007-02,384,No,Closed,False,1,False
ALT-2026-00041,CSE-002,Apex National Bank,Banking & Finance,2026-09-25 16:10:41,Data Exfiltration Attempt,Low,AST-002-02,93,Yes,Closed,False,1,False
ALT-2026-00042,CSE-006,Central Metro Rail,Urban Mass Transit,2026-09-17 00:47:41,Data Exfiltration Attempt,Critical,AST-006-02,397,Yes,Closed,False,1,False
ALT-2026-00043,CSE-007,National Highway Authority,Transportation,2026-08-29 17:39:41,Service Principal Anomaly,Critical,AST-007-06,172,Yes,Closed,False,1,False
ALT-2026-00044,CSE-005,Eastern Port Trust,Maritime Logistics,2026-09-10 05:24:41,Service Principal Anomaly,Medium,AST-005-06,107,No,Closed,False,1,False
ALT-2026-00045,CSE-004,Metro Airport Authority,Civil Aviation,2026-09-15 07:24:41,Data Exfiltration Attempt,Low,AST-004-04,50,No,Closed,False,1,False
ALT-2026-00046,CSE-006,Central Metro Rail,Urban Mass Transit,2026-09-20 08:55:41,Perimeter Boundary Scanning,High,AST-006-06,321,Yes,Closed,False,1,False
ALT-2026-00047,CSE-001,National Power Grid Corporation,Power & Energy,2026-09-16 02:51:41,Service Principal Anomaly,High,AST-001-05,5,No,Closed,True,1,False
ALT-2026-00048,CSE-001,National Power Grid Corporation,Power & Energy,2026-09-01 21:48:41,Service Principal Anomaly,Critical,AST-001-04,7,No,Closed,True,1,False
ALT-2026-00049,CSE-007,National Highway Authority,Transportation,2026-09-15 22:25:41,Data Exfiltration Attempt,Medium,AST-007-06,49,Yes,Closed,False,1,False
ALT-2026-00050,CSE-007,National Highway Authority,Transportation,2026-09-15 11:33:41,Authentication & Brute Force,Low,AST-007-04,90,Yes,Closed,False,1,False
ALT-2026-00052,CSE-004,Metro Airport Authority,Civil Aviation,2026-09-28 16:38:41,Authentication & Brute Force,Low,AST-004-02,59,Yes,Closed,False,1,False
ALT-2026-00053,CSE-007,National Highway Authority,Transportation,2026-09-28 21:03:41,Data Exfiltration Attempt,Critical,AST-007-02,387,No,Closed,False,-1,True
ALT-2026-00054,CSE-005,Eastern Port Trust,Maritime Logistics,2026-08-29 16:27:41,Malware & C2 Beaconing,Medium,AST-005-05,35,Yes,Closed,False,1,False
ALT-2026-00055,CSE-004,Metro Airport Authority,Civil Aviation,2026-09-16 18:00:41,Malware & C2 Beaconing,Medium,AST-004-05,95,No,Closed,False,1,False
ALT-2026-00056,CSE-001,National Power Grid Corporation,Power & Energy,2026-09-17 22:45:41,Perimeter Boundary Scanning,Critical,AST-001-04,12,No,Closed,True,1,False
ALT-2026-00057,CSE-004,Metro Airport Authority,Civil Aviation,2026-09-26 02:49:41,Service Principal Anomaly,Medium,AST-004-04,70,No,Closed,False,1,False
ALT-2026-00058,CSE-004,Metro Airport Authority,Civil Aviation,2026-09-02 16:35:41,Privilege Escalation,High,AST-004-04,5,No,Closed,True,1,False
ALT-2026-00059,CSE-007,National Highway Authority,Transportation,2026-09-14 21:33:41,Lateral Movement,High,AST-007-03,298,Yes,Closed,False,1,False
ALT-2026-00060,CSE-003,Bharat Telecom Ltd,Telecommunications,2026-08-31 20:28:41,Privilege Escalation,Medium,AST-003-05,81,Yes,Closed,False,1,False
ALT-2026-00061,CSE-002,Apex National Bank,Banking & Finance,2026-09-07 00:31:41,Service Principal Anomaly,High,AST-002-02,2,No,Closed,True,1,False
ALT-2026-00062,CSE-006,Central Metro Rail,Urban Mass Transit,2026-09-22 06:30:41,Perimeter Boundary Scanning,Medium,AST-006-06,82,No,Closed,False,1,False
ALT-2026-00063,CSE-003,Bharat Telecom Ltd,Telecommunications,2026-09-20 07:58:41,Malware & C2 Beaconing,Medium,AST-003-02,55,No,Closed,False,1,False
ALT-2026-00064,CSE-004,Metro Airport Authority,Civil Aviation,2026-09-20 16:35:41,Privilege Escalation,Low,AST-004-06,39,No,Closed,False,1,False
ALT-2026-00065,CSE-002,Apex National Bank,Banking & Finance,2026-09-21 15:09:41,Privilege Escalation,Medium,AST-002-05,31,No,Closed,False,1,False
ALT-2026-00066,CSE-004,Metro Airport Authority,Civil Aviation,2026-09-14 01:51:41,SCADA / ICS Telemetry Anomaly,Low,AST-004-04,47,No,Closed,False,1,False
ALT-2026-00067,CSE-005,Eastern Port Trust,Maritime Logistics,2026-09-08 19:09:41,SCADA / ICS Telemetry Anomaly,Critical,AST-005-05,333,Yes,Closed,False,1,False
ALT-2026-00068,CSE-004,Metro Airport Authority,Civil Aviation,2026-09-09 20:22:41,Data Exfiltration Attempt,Medium,AST-004-05,63,No,Closed,False,1,False
ALT-2026-00070,CSE-002,Apex National Bank,Banking & Finance,2026-09-29 02:44:41,Service Principal Anomaly,High,AST-002-03,5,No,Closed,True,1,False
ALT-2026-00071,CSE-007,National Highway Authority,Transportation,2026-09-15 13:29:41,Data Exfiltration Attempt,Low,AST-007-01,115,No,Closed,False,1,False
ALT-2026-00072,CSE-002,Apex National Bank,Banking & Finance,2026-09-09 11:14:41,Privilege Escalation,Low,AST-002-03,24,No,Closed,False,1,False
ALT-2026-00073,CSE-001,National Power Grid Corporation,Power & Energy,2026-09-14 17:53:41,Lateral Movement,Low,AST-001-06,79,No,Closed,False,1,False
ALT-2026-00075,CSE-007,National Highway Authority,Transportation,2026-09-05 10:42:41,Service Principal Anomaly,Low,AST-007-04,38,No,Closed,False,1,False
ALT-2026-00076,CSE-004,Metro Airport Authority,Civil Aviation,2026-09-19 05:30:41,Malware & C2 Beaconing,Low,AST-004-01,57,No,Closed,False,1,False
ALT-2026-00077,CSE-001,National Power Grid Corporation,Power & Energy,2026-09-19 07:52:41,Malware & C2 Beaconing,Low,AST-001-04,66,No,Closed,False,1,False
ALT-2026-00078,CSE-001,National Power Grid Corporation,Power & Energy,2026-09-22 23:49:41,Service Principal Anomaly,Medium,AST-001-04,112,No,Closed,False,1,False
ALT-2026-00079,CSE-006,Central Metro Rail,Urban Mass Transit,2026-09-14 13:11:41,Data Exfiltration Attempt,Medium,AST-006-01,54,No,Closed,False,1,False
ALT-2026-00080,CSE-001,National Power Grid Corporation,Power & Energy,2026-09-09 11:41:41,Privilege Escalation,Medium,AST-001-04,49,No,Closed,False,1,False
ALT-2026-00081,CSE-002,Apex National Bank,Banking & Finance,2026-09-17 09:14:41,SCADA / ICS Telemetry Anomaly,Low,AST-002-03,50,No,Closed,False,1,False
ALT-2026-00082,CSE-001,National Power Grid Corporation,Power & Energy,2026-09-19 16:53:41,Service Principal Anomaly,Low,AST-001-03,72,No,Closed,False,1,False
ALT-2026-00083,CSE-002,Apex National Bank,Banking & Finance,2026-09-07 08:36:41,Lateral Movement,High,AST-002-03,14,No,Closed,True,1,False
ALT-2026-00084,CSE-004,Metro Airport Authority,Civil Aviation,2026-09-07 03:48:41,SCADA / ICS Telemetry Anomaly,Medium,AST-004-04,19,No,Closed,False,1,False
ALT-2026-00085,CSE-005,Eastern Port Trust,Maritime Logistics,2026-08-31 02:12:41,SCADA / ICS Telemetry Anomaly,High,AST-005-05,380,Yes,Closed,False,-1,True
ALT-2026-00086,CSE-004,Metro Airport Authority,Civil Aviation,2026-09-09 13:18:41,Perimeter Boundary Scanning,Low,AST-004-01,83,No,Closed,False,1,False
ALT-2026-00087,CSE-001,National Power Grid Corporation,Power & Energy,2026-09-21 19:29:41,Privilege Escalation,Low,AST-001-02,110,No,Closed,False,1,False
ALT-2026-00088,CSE-003,Bharat Telecom Ltd,Telecommunications,2026-09-01 16:10:41,Perimeter Boundary Scanning,Medium,AST-003-04,52,No,Closed,False,1,False
ALT-2026-00089,CSE-006,Central Metro Rail,Urban Mass Transit,2026-09-04 11:02:41,SCADA / ICS Telemetry Anomaly,Critical,AST-006-04,240,Yes,Closed,False,1,False
ALT-2026-00090,CSE-003,Bharat Telecom Ltd,Telecommunications,2026-09-15 07:30:41,Authentication & Brute Force,Low,AST-003-04,74,No,Closed,False,1,False
ALT-2026-00091,CSE-005,Eastern Port Trust,Maritime Logistics,2026-09-19 19:45:41,Privilege Escalation,Medium,AST-005-02,53,No,Closed,False,1,False
ALT-2026-00092,CSE-005,Eastern Port Trust,Maritime Logistics,2026-09-17 21:54:41,Privilege Escalation,Critical,AST-005-03,469,Yes,Closed,False,-1,True
ALT-2026-00093,CSE-007,National Highway Authority,Transportation,2026-09-21 20:21:41,Perimeter Boundary Scanning,High,AST-007-06,142,No,Closed,False,1,False
ALT-2026-00094,CSE-001,National Power Grid Corporation,Power & Energy,2026-09-20 02:10:41,Perimeter Boundary Scanning,Medium,AST-001-02,26,No,Closed,False,1,False
ALT-2026-00095,CSE-007,National Highway Authority,Transportation,2026-09-12 04:39:41,Privilege Escalation,Low,AST-007-01,47,No,Closed,False,1,False
ALT-2026-00096,CSE-001,National Power Grid Corporation,Power & Energy,2026-09-25 08:17:41,Lateral Movement,Low,AST-001-03,117,Yes,Closed,False,-1,True
ALT-2026-00099,CSE-002,Apex National Bank,Banking & Finance,2026-09-28 14:53:41,Service Principal Anomaly,Critical,AST-002-04,5,No,Closed,True,1,False
ALT-2026-00100,CSE-003,Bharat Telecom Ltd,Telecommunications,2026-09-07 16:28:41,Lateral Movement,Medium,AST-003-05,108,No,Closed,False,1,False
ALT-2026-00101,CSE-003,Bharat Telecom Ltd,Telecommunications,2026-09-27 17:49:41,Data Exfiltration Attempt,High,AST-003-06,165,Yes,Closed,False,1,False
ALT-2026-00102,CSE-001,National Power Grid Corporation,Power & Energy,2026-09-17 08:00:41,Malware & C2 Beaconing,Low,AST-001-03,120,No,Closed,False,1,False
ALT-2026-00103,CSE-002,Apex National Bank,Banking & Finance,2026-09-03 21:59:41,Malware & C2 Beaconing,Low,AST-002-02,85,Yes,Closed,False,1,False
ALT-2026-00105,CSE-003,Bharat Telecom Ltd,Telecommunications,2026-09-04 08:35:41,Perimeter Boundary Scanning,Critical,AST-003-06,180,Yes,Closed,False,1,False
ALT-2026-00106,CSE-004,Metro Airport Authority,Civil Aviation,2026-09-15 04:40:41,Malware & C2 Beaconing,Medium,AST-004-06,43,Yes,Closed,False,1,False
ALT-2026-00108,CSE-002,Apex National Bank,Banking & Finance,2026-09-20 20:32:41,Perimeter Boundary Scanning,High,AST-002-04,11,No,Closed,True,1,False
ALT-2026-00109,CSE-005,Eastern Port Trust,Maritime Logistics,2026-09-16 12:22:41,Malware & C2 Beaconing,Low,AST-005-04,98,No,Closed,False,1,False
ALT-2026-00110,CSE-002,Apex National Bank,Banking & Finance,2026-09-16 05:20:41,Service Principal Anomaly,High,AST-002-04,13,No,Closed,True,1,False
ALT-2026-00111,CSE-006,Central Metro Rail,Urban Mass Transit,2026-09-21 05:03:41,Service Principal Anomaly,Critical,AST-006-05,470,Yes,Closed,False,-1,True
ALT-2026-00112,CSE-005,Eastern Port Trust,Maritime Logistics,2026-08-29 22:37:41,Perimeter Boundary Scanning,Medium,AST-005-03,67,No,Closed,False,1,False
ALT-2026-00113,CSE-003,Bharat Telecom Ltd,Telecommunications,2026-09-18 12:36:41,Data Exfiltration Attempt,High,AST-003-03,291,Yes,Closed,False,1,False
ALT-2026-00114,CSE-002,Apex National Bank,Banking & Finance,2026-09-04 02:18:41,Authentication & Brute Force,Medium,AST-002-06,99,No,Closed,False,1,False
ALT-2026-00116,CSE-006,Central Metro Rail,Urban Mass Transit,2026-09-13 09:48:41,Lateral Movement,Medium,AST-006-02,35,No,Closed,False,1,False
ALT-2026-00117,CSE-007,National Highway Authority,Transportation,2026-09-10 14:29:41,Malware & C2 Beaconing,High,AST-007-02,383,No,Closed,False,1,False
ALT-2026-00118,CSE-005,Eastern Port Trust,Maritime Logistics,2026-09-26 04:45:41,Malware & C2 Beaconing,High,AST-005-02,392,No,Closed,False,1,False
ALT-2026-00120,CSE-004,Metro Airport Authority,Civil Aviation,2026-09-06 03:01:41,SCADA / ICS Telemetry Anomaly,High,AST-004-05,13,No,Closed,True,1,False
ALT-2026-00121,CSE-006,Central Metro Rail,Urban Mass Transit,2026-09-04 05:08:41,Lateral Movement,Low,AST-006-05,20,No,Closed,False,1,False
ALT-2026-00122,CSE-005,Eastern Port Trust,Maritime Logistics,2026-09-16 17:32:41,Lateral Movement,High,AST-005-06,252,No,Closed,False,1,False
ALT-2026-00123,CSE-003,Bharat Telecom Ltd,Telecommunications,2026-09-27 02:18:41,Malware & C2 Beaconing,High,AST-003-02,346,Yes,Closed,False,-1,True
ALT-2026-00124,CSE-007,National Highway Authority,Transportation,2026-09-24 13:40:41,Malware & C2 Beaconing,Medium,AST-007-01,39,No,Closed,False,1,False
ALT-2026-00125,CSE-003,Bharat Telecom Ltd,Telecommunications,2026-09-23 10:34:41,SCADA / ICS Telemetry Anomaly,Medium,AST-003-05,98,No,Closed,False,1,False
ALT-2026-00126,CSE-005,Eastern Port Trust,Maritime Logistics,2026-09-14 18:13:41,Perimeter Boundary Scanning,Low,AST-005-06,95,No,Closed,False,1,False
ALT-2026-00127,CSE-007,National Highway Authority,Transportation,2026-09-20 22:09:41,Perimeter Boundary Scanning,Medium,AST-007-01,54,Yes,Closed,False,1,False
ALT-2026-00128,CSE-007,National Highway Authority,Transportation,2026-09-02 13:33:41,Lateral Movement,Medium,AST-007-05,85,No,Closed,False,1,False
ALT-2026-00129,CSE-002,Apex National Bank,Banking & Finance,2026-09-18 20:42:41,SCADA / ICS Telemetry Anomaly,Low,AST-002-05,72,No,Closed,False,1,False
ALT-2026-00130,CSE-002,Apex National Bank,Banking & Finance,2026-09-28 08:27:41,Service Principal Anomaly,Low,AST-002-04,82,Yes,Closed,False,1,False
ALT-2026-00131,CSE-007,National Highway Authority,Transportation,2026-09-18 18:34:41,Authentication & Brute Force,Medium,AST-007-03,97,No,Closed,False,1,False
ALT-2026-00132,CSE-007,National Highway Authority,Transportation,2026-09-07 20:17:41,SCADA / ICS Telemetry Anomaly,High,AST-007-02,343,No,Closed,False,1,False
ALT-2026-00133,CSE-006,Central Metro Rail,Urban Mass Transit,2026-08-30 13:53:41,Lateral Movement,Medium,AST-006-05,57,No,Closed,False,1,False
ALT-2026-00134,CSE-001,National Power Grid Corporation,Power & Energy,2026-09-18 07:01:41,Data Exfiltration Attempt,High,AST-001-02,14,No,Closed,True,1,False
ALT-2026-00135,CSE-002,Apex National Bank,Banking & Finance,2026-09-27 06:18:41,Malware & C2 Beaconing,Medium,AST-002-05,84,No,Closed,False,1,False
ALT-2026-00136,CSE-005,Eastern Port Trust,Maritime Logistics,2026-09-17 12:02:41,SCADA / ICS Telemetry Anomaly,Low,AST-005-04,113,No,Closed,False,1,False
ALT-2026-00137,CSE-006,Central Metro Rail,Urban Mass Transit,2026-09-06 08:44:41,Privilege Escalation,Medium,AST-006-02,115,No,Closed,False,1,False
ALT-2026-00138,CSE-006,Central Metro Rail,Urban Mass Transit,2026-08-29 21:44:41,Service Principal Anomaly,Medium,AST-006-05,114,No,Closed,False,1,False
ALT-2026-00139,CSE-007,National Highway Authority,Transportation,2026-09-21 14:31:41,Service Principal Anomaly,Low,AST-007-01,85,No,Closed,False,1,False
ALT-2026-00140,CSE-002,Apex National Bank,Banking & Finance,2026-09-21 01:15:41,SCADA / ICS Telemetry Anomaly,Low,AST-002-01,26,Yes,Closed,False,1,False
ALT-2026-00142,CSE-003,Bharat Telecom Ltd,Telecommunications,2026-08-31 12:19:41,Perimeter Boundary Scanning,Medium,AST-003-06,32,No,Closed,False,1,False
ALT-2026-00143,CSE-004,Metro Airport Authority,Civil Aviation,2026-09-10 15:15:41,Malware & C2 Beaconing,Critical,AST-004-06,5,No,Closed,True,1,False
ALT-2026-00145,CSE-001,National Power Grid Corporation,Power & Energy,2026-09-03 00:34:41,Authentication & Brute Force,Medium,AST-001-05,88,Yes,Closed,False,1,False
ALT-2026-00146,CSE-002,Apex National Bank,Banking & Finance,2026-09-11 03:01:41,Malware & C2 Beaconing,Medium,AST-002-05,61,No,Closed,False,1,False
ALT-2026-00147,CSE-004,Metro Airport Authority,Civil Aviation,2026-09-02 01:10:41,Lateral Movement,Low,AST-004-02,47,No,Closed,False,1,False
ALT-2026-00148,CSE-006,Central Metro Rail,Urban Mass Transit,2026-09-09 12:23:41,Perimeter Boundary Scanning,Critical,AST-006-06,225,Yes,Closed,False,1,False
ALT-2026-00149,CSE-006,Central Metro Rail,Urban Mass Transit,2026-09-24 12:08:41,Service Principal Anomaly,Critical,AST-006-03,148,Yes,Closed,False,1,False
ALT-2026-00150,CSE-004,Metro Airport Authority,Civil Aviation,2026-09-02 22:42:41,Privilege Escalation,Critical,AST-004-03,12,No,Closed,True,1,False
ALT-2026-00151,CSE-007,National Highway Authority,Transportation,2026-09-27 19:51:41,Privilege Escalation,Critical,AST-007-03,233,Yes,Closed,False,1,False
ALT-2026-00152,CSE-004,Metro Airport Authority,Civil Aviation,2026-09-07 00:49:41,Privilege Escalation,Low,AST-004-03,108,No,Closed,False,1,False
ALT-2026-00153,CSE-001,National Power Grid Corporation,Power & Energy,2026-09-27 05:30:41,Privilege Escalation,High,AST-001-06,11,No,Closed,True,1,False
ALT-2026-00154,CSE-003,Bharat Telecom Ltd,Telecommunications,2026-09-15 14:26:41,Perimeter Boundary Scanning,Medium,AST-003-06,70,No,Closed,False,1,False
ALT-2026-00155,CSE-004,Metro Airport Authority,Civil Aviation,2026-09-17 23:21:41,SCADA / ICS Telemetry Anomaly,Low,AST-004-02,33,No,Closed,False,1,False
ALT-2026-00156,CSE-002,Apex National Bank,Banking & Finance,2026-09-04 19:49:41,Perimeter Boundary Scanning,High,AST-002-02,11,No,Closed,True,1,False
ALT-2026-00157,CSE-004,Metro Airport Authority,Civil Aviation,2026-08-30 04:49:41,Service Principal Anomaly,Medium,AST-004-02,88,No,Closed,False,1,False
ALT-2026-00158,CSE-001,National Power Grid Corporation,Power & Energy,2026-09-06 10:41:41,Lateral Movement,Low,AST-001-05,30,No,Closed,False,1,False
ALT-2026-00159,CSE-006,Central Metro Rail,Urban Mass Transit,2026-08-31 01:00:41,Malware & C2 Beaconing,Critical,AST-006-06,82,No,Closed,False,-1,True
ALT-2026-00160,CSE-006,Central Metro Rail,Urban Mass Transit,2026-09-26 22:38:41,Privilege Escalation,Low,AST-006-05,35,No,Closed,False,1,False
ALT-2026-00161,CSE-001,National Power Grid Corporation,Power & Energy,2026-09-23 11:57:41,Service Principal Anomaly,Critical,AST-001-04,10,No,Closed,True,1,False
ALT-2026-00162,CSE-005,Eastern Port Trust,Maritime Logistics,2026-09-24 20:16:41,Malware & C2 Beaconing,Critical,AST-005-05,248,Yes,Closed,False,1,False
ALT-2026-00163,CSE-002,Apex National Bank,Banking & Finance,2026-09-18 20:08:41,Service Principal Anomaly,Medium,AST-002-04,81,No,Closed,False,1,False
ALT-2026-00164,CSE-007,National Highway Authority,Transportation,2026-09-28 12:39:41,SCADA / ICS Telemetry Anomaly,High,AST-007-03,127,No,Closed,False,1,False
ALT-2026-00167,CSE-001,National Power Grid Corporation,Power & Energy,2026-08-29 19:23:41,Privilege Escalation,Medium,AST-001-06,113,No,Closed,False,1,False
ALT-2026-00168,CSE-003,Bharat Telecom Ltd,Telecommunications,2026-09-09 06:42:41,Data Exfiltration Attempt,Low,AST-003-04,102,No,Closed,False,1,False
ALT-2026-00169,CSE-004,Metro Airport Authority,Civil Aviation,2026-09-15 09:51:41,SCADA / ICS Telemetry Anomaly,High,AST-004-03,13,No,Closed,True,1,False
ALT-2026-00170,CSE-002,Apex National Bank,Banking & Finance,2026-09-05 04:40:41,Malware & C2 Beaconing,High,AST-002-04,9,No,Closed,True,1,False
ALT-2026-00171,CSE-002,Apex National Bank,Banking & Finance,2026-09-26 14:54:41,Lateral Movement,Low,AST-002-05,68,No,Closed,False,1,False
ALT-2026-00172,CSE-003,Bharat Telecom Ltd,Telecommunications,2026-09-23 10:41:41,Service Principal Anomaly,Medium,AST-003-04,54,Yes,Closed,False,1,False
ALT-2026-00173,CSE-002,Apex National Bank,Banking & Finance,2026-09-11 05:09:41,Authentication & Brute Force,High,AST-002-05,11,No,Closed,True,1,False
ALT-2026-00174,CSE-007,National Highway Authority,Transportation,2026-09-26 03:04:41,Privilege Escalation,Medium,AST-007-05,112,Yes,Closed,False,1,False
ALT-2026-00176,CSE-004,Metro Airport Authority,Civil Aviation,2026-09-18 05:37:41,Perimeter Boundary Scanning,Medium,AST-004-01,40,No,Closed,False,1,False
ALT-2026-00177,CSE-006,Central Metro Rail,Urban Mass Transit,2026-09-19 00:39:41,Service Principal Anomaly,Critical,AST-006-05,308,No,Closed,False,-1,True
ALT-2026-00178,CSE-005,Eastern Port Trust,Maritime Logistics,2026-09-02 23:38:41,Service Principal Anomaly,Medium,AST-005-04,53,Yes,Closed,False,1,False
ALT-2026-00179,CSE-003,Bharat Telecom Ltd,Telecommunications,2026-09-03 16:17:41,Authentication & Brute Force,Medium,AST-003-05,48,No,Closed,False,1,False
ALT-2026-00180,CSE-002,Apex National Bank,Banking & Finance,2026-09-12 19:26:41,Lateral Movement,Critical,AST-002-05,12,No,Closed,True,1,False
ALT-2026-00181,CSE-001,National Power Grid Corporation,Power & Energy,2026-09-23 15:44:41,Perimeter Boundary Scanning,High,AST-001-05,8,No,Closed,True,1,False
ALT-2026-00182,CSE-005,Eastern Port Trust,Maritime Logistics,2026-08-31 00:17:41,Authentication & Brute Force,Medium,AST-005-04,81,No,Closed,False,1,False
ALT-2026-00183,CSE-002,Apex National Bank,Banking & Finance,2026-09-14 22:51:41,Perimeter Boundary Scanning,Medium,AST-002-02,107,No,Closed,False,1,False
ALT-2026-00184,CSE-003,Bharat Telecom Ltd,Telecommunications,2026-09-12 06:58:41,Privilege Escalation,Medium,AST-003-03,105,No,Closed,False,1,False
ALT-2026-00185,CSE-007,National Highway Authority,Transportation,2026-09-06 07:54:41,Malware & C2 Beaconing,Medium,AST-007-03,84,No,Closed,False,1,False
ALT-2026-00186,CSE-003,Bharat Telecom Ltd,Telecommunications,2026-08-29 18:07:41,Perimeter Boundary Scanning,Low,AST-003-03,98,No,Closed,False,1,False
ALT-2026-00188,CSE-001,National Power Grid Corporation,Power & Energy,2026-09-16 05:27:41,Service Principal Anomaly,Critical,AST-001-05,14,No,Closed,True,1,False
ALT-2026-00189,CSE-002,Apex National Bank,Banking & Finance,2026-09-15 19:13:41,Service Principal Anomaly,Medium,AST-002-01,40,No,Closed,False,1,False
ALT-2026-00190,CSE-005,Eastern Port Trust,Maritime Logistics,2026-09-21 22:25:41,Authentication & Brute Force,Low,AST-005-04,37,No,Closed,False,1,False
ALT-2026-00191,CSE-006,Central Metro Rail,Urban Mass Transit,2026-08-30 06:16:41,Authentication & Brute Force,Critical,AST-006-05,335,No,Closed,False,-1,True
ALT-2026-00192,CSE-002,Apex National Bank,Banking & Finance,2026-09-01 23:43:41,Privilege Escalation,High,AST-002-06,3,No,Closed,True,1,False
ALT-2026-00193,CSE-006,Central Metro Rail,Urban Mass Transit,2026-09-20 18:01:41,Authentication & Brute Force,Medium,AST-006-05,116,No,Closed,False,1,False
ALT-2026-00194,CSE-006,Central Metro Rail,Urban Mass Transit,2026-09-01 03:20:41,Lateral Movement,Medium,AST-006-03,26,Yes,Closed,False,1,False
ALT-2026-00195,CSE-002,Apex National Bank,Banking & Finance,2026-09-29 07:48:41,Data Exfiltration Attempt,High,AST-002-05,6,No,Closed,True,1,False
ALT-2026-00196,CSE-005,Eastern Port Trust,Maritime Logistics,2026-09-29 07:31:41,Perimeter Boundary Scanning,Medium,AST-005-06,22,No,Closed,False,1,False
ALT-2026-00197,CSE-006,Central Metro Rail,Urban Mass Transit,2026-09-05 06:28:41,Malware & C2 Beaconing,Medium,AST-006-02,52,Yes,Closed,False,1,False
ALT-2026-00198,CSE-006,Central Metro Rail,Urban Mass Transit,2026-09-10 04:46:41,Service Principal Anomaly,Medium,AST-006-05,117,Yes,Closed,False,1,False
ALT-2026-00199,CSE-005,Eastern Port Trust,Maritime Logistics,2026-09-07 05:08:41,Malware & C2 Beaconing,Critical,AST-005-03,325,Yes,Closed,False,1,False
ALT-2026-00200,CSE-005,Eastern Port Trust,Maritime Logistics,2026-09-15 12:29:41,Data Exfiltration Attempt,Medium,AST-005-02,77,No,Closed,False,1,False
ALT-2026-00201,CSE-004,Metro Airport Authority,Civil Aviation,2026-09-14 22:09:41,Service Principal Anomaly,Medium,AST-004-05,54,No,Closed,False,1,False
ALT-2026-00202,CSE-001,National Power Grid Corporation,Power & Energy,2026-09-16 04:28:41,Malware & C2 Beaconing,Medium,AST-001-03,22,Yes,Closed,False,1,False
ALT-2026-00203,CSE-002,Apex National Bank,Banking & Finance,2026-09-05 11:23:41,Lateral Movement,High,AST-002-04,8,No,Closed,True,1,False
ALT-2026-00204,CSE-001,National Power Grid Corporation,Power & Energy,2026-09-07 18:17:41,SCADA / ICS Telemetry Anomaly,Medium,AST-001-02,59,No,Closed,False,1,False
ALT-2026-00205,CSE-002,Apex National Bank,Banking & Finance,2026-09-03 15:24:41,Authentication & Brute Force,Low,AST-002-02,74,No,Closed,False,1,False
ALT-2026-00206,CSE-003,Bharat Telecom Ltd,Telecommunications,2026-09-25 08:00:41,Malware & C2 Beaconing,Critical,AST-003-02,383,Yes,Closed,False,1,False
ALT-2026-00207,CSE-001,National Power Grid Corporation,Power & Energy,2026-09-10 14:44:41,Authentication & Brute Force,High,AST-001-02,2,No,Closed,True,1,False
ALT-2026-00208,CSE-002,Apex National Bank,Banking & Finance,2026-09-05 15:04:41,Privilege Escalation,High,AST-002-05,13,No,Closed,True,1,False
ALT-2026-00209,CSE-007,National Highway Authority,Transportation,2026-09-08 05:57:41,Privilege Escalation,Low,AST-007-05,99,No,Closed,False,1,False
ALT-2026-00210,CSE-006,Central Metro Rail,Urban Mass Transit,2026-08-31 10:32:41,Lateral Movement,Medium,AST-006-03,21,No,Closed,False,1,False
ALT-2026-00211,CSE-004,Metro Airport Authority,Civil Aviation,2026-09-16 11:53:41,Lateral Movement,High,AST-004-02,10,No,Closed,True,1,False
ALT-2026-00212,CSE-007,National Highway Authority,Transportation,2026-09-07 11:21:41,Service Principal Anomaly,Low,AST-007-02,86,No,Closed,False,1,False
ALT-2026-00213,CSE-002,Apex National Bank,Banking & Finance,2026-09-18 20:07:41,Service Principal Anomaly,Low,AST-002-04,26,No,Closed,False,1,False
ALT-2026-00214,CSE-005,Eastern Port Trust,Maritime Logistics,2026-09-10 14:17:41,Malware & C2 Beaconing,High,AST-005-02,434,No,Closed,False,1,False
ALT-2026-00215,CSE-003,Bharat Telecom Ltd,Telecommunications,2026-09-20 15:59:41,Data Exfiltration Attempt,Low,AST-003-04,30,No,Closed,False,1,False
ALT-2026-00216,CSE-002,Apex National Bank,Banking & Finance,2026-09-12 05:23:41,Privilege Escalation,High,AST-002-03,10,No,Closed,True,1,False
ALT-2026-00217,CSE-005,Eastern Port Trust,Maritime Logistics,2026-09-01 00:43:41,Malware & C2 Beaconing,Low,AST-005-03,107,No,Closed,False,1,False
ALT-2026-00218,CSE-001,National Power Grid Corporation,Power & Energy,2026-09-11 08:25:41,SCADA / ICS Telemetry Anomaly,Critical,AST-001-06,10,No,Closed,True,1,False
ALT-2026-00219,CSE-003,Bharat Telecom Ltd,Telecommunications,2026-09-25 09:51:41,Data Exfiltration Attempt,High,AST-003-04,471,No,Closed,False,-1,True
ALT-2026-00220,CSE-006,Central Metro Rail,Urban Mass Transit,2026-09-06 00:43:41,SCADA / ICS Telemetry Anomaly,Medium,AST-006-05,60,No,Closed,False,1,False
ALT-2026-00222,CSE-006,Central Metro Rail,Urban Mass Transit,2026-09-25 15:59:41,Service Principal Anomaly,High,AST-006-01,361,No,Closed,False,1,False
ALT-2026-00224,CSE-001,National Power Grid Corporation,Power & Energy,2026-09-13 11:57:41,Data Exfiltration Attempt,Medium,AST-001-03,47,No,Closed,False,1,False
ALT-2026-00225,CSE-004,Metro Airport Authority,Civil Aviation,2026-09-11 08:28:41,Data Exfiltration Attempt,High,AST-004-04,3,No,Closed,True,1,False
ALT-2026-00226,CSE-004,Metro Airport Authority,Civil Aviation,2026-09-12 01:09:41,Authentication & Brute Force,Medium,AST-004-01,25,No,Closed,False,1,False
ALT-2026-00227,CSE-005,Eastern Port Trust,Maritime Logistics,2026-08-31 14:58:41,Data Exfiltration Attempt,Low,AST-005-06,103,No,Closed,False,1,False
ALT-2026-00229,CSE-003,Bharat Telecom Ltd,Telecommunications,2026-09-23 21:57:41,Lateral Movement,Medium,AST-003-05,84,No,Closed,False,1,False
ALT-2026-00231,CSE-006,Central Metro Rail,Urban Mass Transit,2026-09-21 01:41:41,Data Exfiltration Attempt,High,AST-006-05,237,No,Closed,False,1,False
ALT-2026-00232,CSE-007,National Highway Authority,Transportation,2026-09-21 18:08:41,Malware & C2 Beaconing,High,AST-007-03,239,No,Closed,False,1,False
ALT-2026-00233,CSE-001,National Power Grid Corporation,Power & Energy,2026-09-29 06:44:41,Perimeter Boundary Scanning,Medium,AST-001-05,28,Yes,Closed,False,1,False
ALT-2026-00234,CSE-004,Metro Airport Authority,Civil Aviation,2026-09-26 16:07:41,Perimeter Boundary Scanning,Medium,AST-004-03,91,No,Closed,False,1,False
ALT-2026-00235,CSE-004,Metro Airport Authority,Civil Aviation,2026-09-05 13:26:41,Data Exfiltration Attempt,Medium,AST-004-03,36,Yes,Closed,False,1,False
ALT-2026-00236,CSE-002,Apex National Bank,Banking & Finance,2026-09-27 10:45:41,Privilege Escalation,High,AST-002-03,9,No,Closed,True,1,False
ALT-2026-00237,CSE-006,Central Metro Rail,Urban Mass Transit,2026-09-09 00:34:41,Data Exfiltration Attempt,Medium,AST-006-03,32,No,Closed,False,1,False
ALT-2026-00238,CSE-003,Bharat Telecom Ltd,Telecommunications,2026-09-15 19:34:41,SCADA / ICS Telemetry Anomaly,High,AST-003-04,353,Yes,Closed,False,-1,True
ALT-2026-00240,CSE-005,Eastern Port Trust,Maritime Logistics,2026-09-22 21:38:41,SCADA / ICS Telemetry Anomaly,Medium,AST-005-03,85,No,Closed,False,1,False
ALT-2026-00241,CSE-006,Central Metro Rail,Urban Mass Transit,2026-09-27 02:29:41,Service Principal Anomaly,Critical,AST-006-01,200,Yes,Closed,False,1,False
ALT-2026-00242,CSE-005,Eastern Port Trust,Maritime Logistics,2026-09-13 21:47:41,Lateral Movement,Medium,AST-005-02,116,No,Closed,False,1,False
ALT-2026-00243,CSE-006,Central Metro Rail,Urban Mass Transit,2026-09-18 10:31:41,Authentication & Brute Force,Medium,AST-006-01,97,No,Closed,False,1,False
ALT-2026-00244,CSE-001,National Power Grid Corporation,Power & Energy,2026-09-21 08:40:41,Data Exfiltration Attempt,High,AST-001-06,8,No,Closed,True,1,False
ALT-2026-00245,CSE-006,Central Metro Rail,Urban Mass Transit,2026-09-13 11:50:41,Authentication & Brute Force,Medium,AST-006-03,52,No,Closed,False,1,False
ALT-2026-00246,CSE-003,Bharat Telecom Ltd,Telecommunications,2026-09-15 09:39:41,Service Principal Anomaly,High,AST-003-03,94,No,Closed,False,1,False
ALT-2026-00247,CSE-007,National Highway Authority,Transportation,2026-09-07 13:11:41,Perimeter Boundary Scanning,Medium,AST-007-02,101,No,Closed,False,1,False
ALT-2026-00248,CSE-002,Apex National Bank,Banking & Finance,2026-09-18 22:45:41,Service Principal Anomaly,High,AST-002-06,8,No,Closed,True,1,False
ALT-2026-00249,CSE-004,Metro Airport Authority,Civil Aviation,2026-09-17 15:25:41,Data Exfiltration Attempt,High,AST-004-06,8,No,Closed,True,1,False
ALT-2026-00250,CSE-002,Apex National Bank,Banking & Finance,2026-09-20 17:21:41,Malware & C2 Beaconing,Medium,AST-002-04,117,Yes,Closed,False,1,False
ALT-2026-00251,CSE-003,Bharat Telecom Ltd,Telecommunications,2026-09-08 00:39:41,Perimeter Boundary Scanning,Medium,AST-003-05,93,Yes,Closed,False,1,False
ALT-2026-00252,CSE-007,National Highway Authority,Transportation,2026-09-07 17:21:41,Privilege Escalation,Low,AST-007-03,90,Yes,Closed,False,1,False
ALT-2026-00253,CSE-002,Apex National Bank,Banking & Finance,2026-09-17 18:03:41,Lateral Movement,High,AST-002-04,4,No,Closed,True,1,False
ALT-2026-00254,CSE-004,Metro Airport Authority,Civil Aviation,2026-09-08 22:28:41,SCADA / ICS Telemetry Anomaly,Medium,AST-004-03,77,Yes,Closed,False,1,False
ALT-2026-00255,CSE-004,Metro Airport Authority,Civil Aviation,2026-09-25 09:20:41,Lateral Movement,Low,AST-004-06,79,No,Closed,False,1,False
ALT-2026-00256,CSE-004,Metro Airport Authority,Civil Aviation,2026-09-14 11:07:41,Authentication & Brute Force,Medium,AST-004-04,43,No,Closed,False,1,False
ALT-2026-00257,CSE-006,Central Metro Rail,Urban Mass Transit,2026-09-05 00:37:41,Malware & C2 Beaconing,Medium,AST-006-01,49,No,Closed,False,1,False
ALT-2026-00258,CSE-006,Central Metro Rail,Urban Mass Transit,2026-09-14 22:59:41,Lateral Movement,Critical,AST-006-03,469,Yes,Closed,False,-1,True
ALT-2026-00259,CSE-007,National Highway Authority,Transportation,2026-09-03 13:44:41,Malware & C2 Beaconing,Medium,AST-007-02,45,No,Closed,False,1,False
ALT-2026-00260,CSE-002,Apex National Bank,Banking & Finance,2026-09-04 09:20:41,Data Exfiltration Attempt,Low,AST-002-06,87,No,Closed,False,1,False
ALT-2026-00261,CSE-003,Bharat Telecom Ltd,Telecommunications,2026-09-11 07:18:41,Malware & C2 Beaconing,Critical,AST-003-02,429,No,Closed,False,-1,True
ALT-2026-00262,CSE-006,Central Metro Rail,Urban Mass Transit,2026-09-19 08:24:41,Lateral Movement,Medium,AST-006-01,88,No,Closed,False,1,False
ALT-2026-00263,CSE-007,National Highway Authority,Transportation,2026-09-01 13:47:41,Privilege Escalation,Medium,AST-007-06,62,No,Closed,False,1,False
ALT-2026-00264,CSE-006,Central Metro Rail,Urban Mass Transit,2026-09-07 17:50:41,Malware & C2 Beaconing,Medium,AST-006-03,65,No,Closed,False,1,False
ALT-2026-00265,CSE-007,National Highway Authority,Transportation,2026-09-20 05:37:41,SCADA / ICS Telemetry Anomaly,Medium,AST-007-01,77,No,Closed,False,1,False
ALT-2026-00266,CSE-007,National Highway Authority,Transportation,2026-09-03 02:11:41,Malware & C2 Beaconing,Low,AST-007-06,35,Yes,Closed,False,1,False
ALT-2026-00267,CSE-002,Apex National Bank,Banking & Finance,2026-08-31 19:53:41,SCADA / ICS Telemetry Anomaly,Low,AST-002-06,50,No,Closed,False,1,False
ALT-2026-00268,CSE-006,Central Metro Rail,Urban Mass Transit,2026-09-24 14:47:41,Privilege Escalation,Medium,AST-006-02,111,No,Closed,False,1,False
ALT-2026-00270,CSE-007,National Highway Authority,Transportation,2026-09-15 18:04:41,Service Principal Anomaly,Critical,AST-007-03,241,Yes,Closed,False,1,False
ALT-2026-00271,CSE-003,Bharat Telecom Ltd,Telecommunications,2026-09-25 03:23:41,SCADA / ICS Telemetry Anomaly,Medium,AST-003-04,101,No,Closed,False,1,False
ALT-2026-00272,CSE-006,Central Metro Rail,Urban Mass Transit,2026-09-22 19:25:41,SCADA / ICS Telemetry Anomaly,Low,AST-006-02,93,No,Closed,False,1,False
ALT-2026-00273,CSE-001,National Power Grid Corporation,Power & Energy,2026-09-10 16:48:41,Perimeter Boundary Scanning,Low,AST-001-05,55,Yes,Closed,False,1,False
ALT-2026-00274,CSE-005,Eastern Port Trust,Maritime Logistics,2026-09-05 20:54:41,Authentication & Brute Force,Low,AST-005-03,99,Yes,Closed,False,1,False
ALT-2026-00275,CSE-001,National Power Grid Corporation,Power & Energy,2026-09-04 08:41:41,Lateral Movement,Critical,AST-001-05,9,No,Closed,True,1,False
ALT-2026-00277,CSE-001,National Power Grid Corporation,Power & Energy,2026-09-11 14:12:41,Privilege Escalation,High,AST-001-03,2,No,Closed,True,1,False
ALT-2026-00278,CSE-006,Central Metro Rail,Urban Mass Transit,2026-09-13 02:45:41,Lateral Movement,Critical,AST-006-01,319,Yes,Closed,False,1,False
ALT-2026-00279,CSE-002,Apex National Bank,Banking & Finance,2026-09-04 11:38:41,Perimeter Boundary Scanning,High,AST-002-06,12,No,Closed,True,1,False
ALT-2026-00280,CSE-006,Central Metro Rail,Urban Mass Transit,2026-08-30 09:09:41,Data Exfiltration Attempt,Critical,AST-006-06,267,Yes,Closed,False,1,False
ALT-2026-00281,CSE-006,Central Metro Rail,Urban Mass Transit,2026-09-06 11:05:41,Authentication & Brute Force,Medium,AST-006-05,104,No,Closed,False,1,False
ALT-2026-00282,CSE-007,National Highway Authority,Transportation,2026-09-06 08:02:41,Perimeter Boundary Scanning,Critical,AST-007-03,444,Yes,Closed,False,-1,True
ALT-2026-00283,CSE-004,Metro Airport Authority,Civil Aviation,2026-09-21 00:08:41,Privilege Escalation,Medium,AST-004-04,88,No,Closed,False,1,False
ALT-2026-00285,CSE-002,Apex National Bank,Banking & Finance,2026-09-28 00:49:41,Lateral Movement,Low,AST-002-03,37,No,Closed,False,1,False
ALT-2026-00286,CSE-004,Metro Airport Authority,Civil Aviation,2026-08-30 16:52:41,Privilege Escalation,Low,AST-004-02,88,No,Closed,False,1,False
ALT-2026-00287,CSE-005,Eastern Port Trust,Maritime Logistics,2026-09-28 04:08:41,Service Principal Anomaly,Low,AST-005-03,114,No,Closed,False,1,False
ALT-2026-00288,CSE-003,Bharat Telecom Ltd,Telecommunications,2026-09-11 06:25:41,Data Exfiltration Attempt,Medium,AST-003-02,90,No,Closed,False,1,False
ALT-2026-00289,CSE-001,National Power Grid Corporation,Power & Energy,2026-08-31 03:11:41,Data Exfiltration Attempt,Medium,AST-001-06,96,No,Closed,False,1,False
ALT-2026-00290,CSE-007,National Highway Authority,Transportation,2026-09-05 16:53:41,Malware & C2 Beaconing,High,AST-007-01,166,No,Closed,False,1,False
ALT-2026-00291,CSE-002,Apex National Bank,Banking & Finance,2026-08-31 23:46:41,Perimeter Boundary Scanning,Medium,AST-002-01,110,Yes,Closed,False,1,False
ALT-2026-00292,CSE-005,Eastern Port Trust,Maritime Logistics,2026-09-28 02:30:41,SCADA / ICS Telemetry Anomaly,High,AST-005-03,178,No,Closed,False,1,False
ALT-2026-00293,CSE-003,Bharat Telecom Ltd,Telecommunications,2026-09-22 14:00:41,SCADA / ICS Telemetry Anomaly,Medium,AST-003-03,89,Yes,Closed,False,1,False
ALT-2026-00294,CSE-001,National Power Grid Corporation,Power & Energy,2026-09-12 04:23:41,Data Exfiltration Attempt,Medium,AST-001-06,74,Yes,Closed,False,1,False
ALT-2026-00295,CSE-005,Eastern Port Trust,Maritime Logistics,2026-09-28 09:19:41,Perimeter Boundary Scanning,Critical,AST-005-03,409,Yes,Closed,False,1,False
ALT-2026-00296,CSE-002,Apex National Bank,Banking & Finance,2026-09-29 03:18:41,Service Principal Anomaly,Medium,AST-002-01,85,No,Closed,False,1,False
ALT-2026-00297,CSE-007,National Highway Authority,Transportation,2026-09-05 09:04:41,Data Exfiltration Attempt,Low,AST-007-05,62,No,Closed,False,1,False
ALT-2026-00298,CSE-007,National Highway Authority,Transportation,2026-09-27 16:08:41,Data Exfiltration Attempt,Low,AST-007-01,71,Yes,Closed,False,1,False
ALT-2026-00299,CSE-001,National Power Grid Corporation,Power & Energy,2026-09-23 21:45:41,Lateral Movement,Medium,AST-001-03,63,Yes,Closed,False,1,False
ALT-2026-00300,CSE-004,Metro Airport Authority,Civil Aviation,2026-09-01 12:10:41,Data Exfiltration Attempt,Medium,AST-004-03,78,No,Closed,False,1,False
ALT-2026-00301,CSE-002,Apex National Bank,Banking & Finance,2026-09-16 09:31:41,Data Exfiltration Attempt,Medium,AST-002-04,117,Yes,Closed,False,1,False
ALT-2026-00302,CSE-007,National Highway Authority,Transportation,2026-09-14 04:14:41,Perimeter Boundary Scanning,High,AST-007-01,137,No,Closed,False,1,False
ALT-2026-00303,CSE-004,Metro Airport Authority,Civil Aviation,2026-09-13 04:23:41,Data Exfiltration Attempt,Low,AST-004-05,27,Yes,Closed,False,1,False
ALT-2026-00304,CSE-007,National Highway Authority,Transportation,2026-09-17 04:13:41,SCADA / ICS Telemetry Anomaly,High,AST-007-06,348,No,Closed,False,1,False
ALT-2026-00305,CSE-003,Bharat Telecom Ltd,Telecommunications,2026-08-29 21:36:41,SCADA / ICS Telemetry Anomaly,Medium,AST-003-03,39,No,Closed,False,1,False
ALT-2026-00306,CSE-004,Metro Airport Authority,Civil Aviation,2026-09-28 14:09:41,Data Exfiltration Attempt,Medium,AST-004-03,17,Yes,Closed,False,1,False
ALT-2026-00307,CSE-002,Apex National Bank,Banking & Finance,2026-08-31 06:09:41,Authentication & Brute Force,Critical,AST-002-01,13,No,Closed,True,1,False
ALT-2026-00308,CSE-005,Eastern Port Trust,Maritime Logistics,2026-09-02 05:08:41,Perimeter Boundary Scanning,Medium,AST-005-02,99,Yes,Closed,False,1,False
ALT-2026-00309,CSE-006,Central Metro Rail,Urban Mass Transit,2026-08-30 02:22:41,Service Principal Anomaly,Medium,AST-006-06,37,No,Closed,False,1,False
ALT-2026-00310,CSE-007,National Highway Authority,Transportation,2026-09-24 03:53:41,Privilege Escalation,Critical,AST-007-05,418,Yes,Closed,False,1,False
ALT-2026-00311,CSE-002,Apex National Bank,Banking & Finance,2026-09-10 05:14:41,Data Exfiltration Attempt,Medium,AST-002-03,28,Yes,Closed,False,1,False
ALT-2026-00312,CSE-002,Apex National Bank,Banking & Finance,2026-09-09 13:20:41,Perimeter Boundary Scanning,High,AST-002-06,6,No,Closed,True,1,False
ALT-2026-00313,CSE-003,Bharat Telecom Ltd,Telecommunications,2026-09-21 12:26:41,Authentication & Brute Force,Critical,AST-003-03,269,No,Closed,False,-1,True
ALT-2026-00314,CSE-004,Metro Airport Authority,Civil Aviation,2026-09-26 00:22:41,Data Exfiltration Attempt,High,AST-004-01,3,No,Closed,True,1,False
ALT-2026-00315,CSE-003,Bharat Telecom Ltd,Telecommunications,2026-08-30 13:08:41,Perimeter Boundary Scanning,High,AST-003-05,237,Yes,Closed,False,1,False
ALT-2026-00316,CSE-004,Metro Airport Authority,Civil Aviation,2026-09-07 15:45:41,SCADA / ICS Telemetry Anomaly,Medium,AST-004-04,70,Yes,Closed,False,1,False
ALT-2026-00318,CSE-003,Bharat Telecom Ltd,Telecommunications,2026-09-29 03:07:41,Privilege Escalation,Low,AST-003-02,95,Yes,Closed,False,1,False
ALT-2026-00319,CSE-003,Bharat Telecom Ltd,Telecommunications,2026-09-27 00:18:41,Malware & C2 Beaconing,High,AST-003-06,248,No,Closed,False,1,False
ALT-2026-00320,CSE-004,Metro Airport Authority,Civil Aviation,2026-09-24 04:16:41,Lateral Movement,High,AST-004-04,9,No,Closed,True,1,False
ALT-2026-00321,CSE-003,Bharat Telecom Ltd,Telecommunications,2026-09-22 07:36:41,Authentication & Brute Force,High,AST-003-04,401,Yes,Closed,False,1,False
ALT-2026-00322,CSE-005,Eastern Port Trust,Maritime Logistics,2026-09-21 23:09:41,Lateral Movement,Low,AST-005-02,68,No,Closed,False,1,False
ALT-2026-00323,CSE-003,Bharat Telecom Ltd,Telecommunications,2026-09-27 03:15:41,Authentication & Brute Force,Medium,AST-003-04,81,No,Closed,False,1,False
ALT-2026-00324,CSE-002,Apex National Bank,Banking & Finance,2026-09-23 10:04:41,Authentication & Brute Force,High,AST-002-06,12,No,Closed,True,1,False
ALT-2026-00325,CSE-007,National Highway Authority,Transportation,2026-09-10 07:52:41,Malware & C2 Beaconing,Critical,AST-007-04,329,Yes,Closed,False,1,False
ALT-2026-00326,CSE-007,National Highway Authority,Transportation,2026-09-28 17:33:41,Lateral Movement,Critical,AST-007-05,121,Yes,Closed,False,1,False
ALT-2026-00327,CSE-001,National Power Grid Corporation,Power & Energy,2026-09-04 06:17:41,Perimeter Boundary Scanning,Low,AST-001-02,48,No,Closed,False,1,False
ALT-2026-00328,CSE-004,Metro Airport Authority,Civil Aviation,2026-09-24 20:34:41,Lateral Movement,Critical,AST-004-06,7,No,Closed,True,1,False
ALT-2026-00329,CSE-003,Bharat Telecom Ltd,Telecommunications,2026-09-01 05:11:41,Perimeter Boundary Scanning,Low,AST-003-02,53,No,Closed,False,1,False
ALT-2026-00330,CSE-006,Central Metro Rail,Urban Mass Transit,2026-09-15 05:55:41,Lateral Movement,Medium,AST-006-05,26,Yes,Closed,False,1,False
ALT-2026-00331,CSE-003,Bharat Telecom Ltd,Telecommunications,2026-09-03 14:40:41,SCADA / ICS Telemetry Anomaly,Critical,AST-003-02,408,Yes,Closed,False,1,False
ALT-2026-00332,CSE-007,National Highway Authority,Transportation,2026-09-23 14:57:41,Authentication & Brute Force,Medium,AST-007-04,61,No,Closed,False,1,False
ALT-2026-00333,CSE-001,National Power Grid Corporation,Power & Energy,2026-09-08 15:57:41,Perimeter Boundary Scanning,Medium,AST-001-02,72,No,Closed,False,1,False
ALT-2026-00334,CSE-003,Bharat Telecom Ltd,Telecommunications,2026-09-05 18:07:41,Privilege Escalation,Critical,AST-003-06,70,Yes,Closed,False,-1,True
ALT-2026-00335,CSE-006,Central Metro Rail,Urban Mass Transit,2026-09-23 07:31:41,Lateral Movement,Medium,AST-006-06,114,No,Closed,False,1,False
ALT-2026-00336,CSE-005,Eastern Port Trust,Maritime Logistics,2026-09-04 15:58:41,Privilege Escalation,Medium,AST-005-04,54,No,Closed,False,1,False
ALT-2026-00337,CSE-003,Bharat Telecom Ltd,Telecommunications,2026-09-15 07:59:41,Service Principal Anomaly,High,AST-003-05,311,No,Closed,False,1,False
ALT-2026-00338,CSE-007,National Highway Authority,Transportation,2026-09-03 04:37:41,Privilege Escalation,High,AST-007-03,100,No,Closed,False,1,False
ALT-2026-00339,CSE-006,Central Metro Rail,Urban Mass Transit,2026-09-06 19:53:41,Data Exfiltration Attempt,Critical,AST-006-06,436,Yes,Closed,False,1,False
ALT-2026-00340,CSE-006,Central Metro Rail,Urban Mass Transit,2026-09-28 19:41:41,Privilege Escalation,High,AST-006-06,259,No,Closed,False,1,False
ALT-2026-00341,CSE-002,Apex National Bank,Banking & Finance,2026-09-07 22:32:41,Service Principal Anomaly,Low,AST-002-02,100,No,Closed,False,1,False
ALT-2026-00342,CSE-001,National Power Grid Corporation,Power & Energy,2026-09-14 11:25:41,Privilege Escalation,Medium,AST-001-02,86,Yes,Closed,False,1,False
ALT-2026-00343,CSE-002,Apex National Bank,Banking & Finance,2026-09-06 06:46:41,Perimeter Boundary Scanning,High,AST-002-01,11,No,Closed,True,1,False
ALT-2026-00344,CSE-001,National Power Grid Corporation,Power & Energy,2026-09-01 19:35:41,Malware & C2 Beaconing,Medium,AST-001-03,39,No,Closed,False,1,False
ALT-2026-00345,CSE-001,National Power Grid Corporation,Power & Energy,2026-09-02 12:04:41,Data Exfiltration Attempt,High,AST-001-03,11,No,Closed,True,1,False
ALT-2026-00346,CSE-006,Central Metro Rail,Urban Mass Transit,2026-09-24 13:41:41,Perimeter Boundary Scanning,Medium,AST-006-02,37,Yes,Closed,False,1,False
ALT-2026-00347,CSE-007,National Highway Authority,Transportation,2026-09-23 21:24:41,SCADA / ICS Telemetry Anomaly,Medium,AST-007-04,112,Yes,Closed,False,1,False
ALT-2026-00348,CSE-004,Metro Airport Authority,Civil Aviation,2026-09-17 16:10:41,Data Exfiltration Attempt,Medium,AST-004-06,16,No,Closed,False,1,False
ALT-2026-00349,CSE-006,Central Metro Rail,Urban Mass Transit,2026-09-06 08:58:41,Perimeter Boundary Scanning,High,AST-006-01,97,No,Closed,False,1,False
ALT-2026-00350,CSE-003,Bharat Telecom Ltd,Telecommunications,2026-09-14 16:39:41,Perimeter Boundary Scanning,High,AST-003-02,396,No,Closed,False,1,False
ALT-2026-00351,CSE-007,National Highway Authority,Transportation,2026-09-17 15:58:41,Data Exfiltration Attempt,Medium,AST-007-03,31,Yes,Closed,False,1,False
ALT-2026-00352,CSE-006,Central Metro Rail,Urban Mass Transit,2026-09-04 14:48:41,Privilege Escalation,Medium,AST-006-01,94,No,Closed,False,1,False
ALT-2026-00353,CSE-001,National Power Grid Corporation,Power & Energy,2026-09-16 01:48:41,Malware & C2 Beaconing,Medium,AST-001-04,75,Yes,Closed,False,1,False
ALT-2026-00354,CSE-001,National Power Grid Corporation,Power & Energy,2026-09-07 23:55:41,SCADA / ICS Telemetry Anomaly,High,AST-001-05,3,No,Closed,True,1,False
ALT-2026-00355,CSE-003,Bharat Telecom Ltd,Telecommunications,2026-09-26 12:41:41,Data Exfiltration Attempt,Medium,AST-003-06,114,No,Closed,False,1,False
ALT-2026-00356,CSE-003,Bharat Telecom Ltd,Telecommunications,2026-09-24 14:37:41,Service Principal Anomaly,Low,AST-003-06,103,No,Closed,False,1,False
ALT-2026-00357,CSE-001,National Power Grid Corporation,Power & Energy,2026-09-02 21:30:41,Service Principal Anomaly,Critical,AST-001-06,3,No,Closed,True,1,False
ALT-2026-00358,CSE-001,National Power Grid Corporation,Power & Energy,2026-09-01 07:31:41,Data Exfiltration Attempt,Medium,AST-001-03,52,Yes,Closed,False,1,False
ALT-2026-00359,CSE-007,National Highway Authority,Transportation,2026-09-08 05:45:41,Malware & C2 Beaconing,Critical,AST-007-03,433,Yes,Closed,False,1,False
ALT-2026-00360,CSE-004,Metro Airport Authority,Civil Aviation,2026-08-29 20:55:41,Malware & C2 Beaconing,High,AST-004-04,7,No,Closed,True,1,False
ALT-2026-00361,CSE-004,Metro Airport Authority,Civil Aviation,2026-09-21 03:28:41,Service Principal Anomaly,Medium,AST-004-02,98,Yes,Closed,False,1,False
ALT-2026-00362,CSE-004,Metro Airport Authority,Civil Aviation,2026-08-30 21:42:41,Service Principal Anomaly,High,AST-004-01,8,No,Closed,True,1,False
ALT-2026-00363,CSE-006,Central Metro Rail,Urban Mass Transit,2026-08-31 16:15:41,SCADA / ICS Telemetry Anomaly,Medium,AST-006-03,77,No,Closed,False,1,False
ALT-2026-00364,CSE-003,Bharat Telecom Ltd,Telecommunications,2026-09-28 17:17:41,Data Exfiltration Attempt,Low,AST-003-06,100,No,Closed,False,1,False
ALT-2026-00365,CSE-002,Apex National Bank,Banking & Finance,2026-09-14 04:30:41,Lateral Movement,Critical,AST-002-01,10,No,Closed,True,1,False
ALT-2026-00366,CSE-002,Apex National Bank,Banking & Finance,2026-09-13 00:18:41,Service Principal Anomaly,Low,AST-002-01,24,No,Closed,False,1,False
ALT-2026-00367,CSE-002,Apex National Bank,Banking & Finance,2026-09-11 19:48:41,Lateral Movement,Low,AST-002-04,25,No,Closed,False,1,False
ALT-2026-00368,CSE-003,Bharat Telecom Ltd,Telecommunications,2026-09-26 00:25:41,Authentication & Brute Force,Critical,AST-003-05,256,Yes,Closed,False,1,False
ALT-2026-00369,CSE-002,Apex National Bank,Banking & Finance,2026-09-08 18:43:41,Perimeter Boundary Scanning,High,AST-002-04,2,No,Closed,True,1,False
ALT-2026-00370,CSE-005,Eastern Port Trust,Maritime Logistics,2026-09-04 20:34:41,Service Principal Anomaly,Medium,AST-005-03,61,Yes,Closed,False,1,False
ALT-2026-00371,CSE-007,National Highway Authority,Transportation,2026-09-09 06:37:41,Perimeter Boundary Scanning,Medium,AST-007-03,20,No,Closed,False,1,False
ALT-2026-00372,CSE-002,Apex National Bank,Banking & Finance,2026-09-23 12:13:41,Lateral Movement,High,AST-002-03,14,No,Closed,True,1,False
ALT-2026-00373,CSE-007,National Highway Authority,Transportation,2026-09-16 14:13:41,Malware & C2 Beaconing,Medium,AST-007-01,72,No,Closed,False,1,False
ALT-2026-00374,CSE-006,Central Metro Rail,Urban Mass Transit,2026-09-27 22:13:41,Lateral Movement,Low,AST-006-02,76,No,Closed,False,1,False
ALT-2026-00375,CSE-007,National Highway Authority,Transportation,2026-09-25 12:48:41,Perimeter Boundary Scanning,Medium,AST-007-04,64,No,Closed,False,1,False
ALT-2026-00376,CSE-003,Bharat Telecom Ltd,Telecommunications,2026-09-15 12:04:41,Lateral Movement,Medium,AST-003-06,110,No,Closed,False,1,False
ALT-2026-00377,CSE-002,Apex National Bank,Banking & Finance,2026-09-22 20:27:41,Privilege Escalation,Medium,AST-002-05,101,No,Closed,False,1,False
ALT-2026-00378,CSE-006,Central Metro Rail,Urban Mass Transit,2026-09-18 18:05:41,Perimeter Boundary Scanning,Medium,AST-006-03,89,No,Closed,False,1,False
ALT-2026-00379,CSE-007,National Highway Authority,Transportation,2026-09-16 15:39:41,Malware & C2 Beaconing,Critical,AST-007-03,119,Yes,Closed,False,1,False
ALT-2026-00380,CSE-003,Bharat Telecom Ltd,Telecommunications,2026-09-25 14:28:41,Privilege Escalation,High,AST-003-02,322,No,Closed,False,1,False
ALT-2026-00381,CSE-006,Central Metro Rail,Urban Mass Transit,2026-09-12 03:57:41,Privilege Escalation,Medium,AST-006-01,21,No,Closed,False,1,False
ALT-2026-00382,CSE-006,Central Metro Rail,Urban Mass Transit,2026-09-21 09:33:41,Service Principal Anomaly,Low,AST-006-03,96,No,Closed,False,1,False
ALT-2026-00383,CSE-002,Apex National Bank,Banking & Finance,2026-09-08 14:01:41,SCADA / ICS Telemetry Anomaly,Medium,AST-002-02,30,No,Closed,False,1,False
ALT-2026-00384,CSE-007,National Highway Authority,Transportation,2026-09-21 15:51:41,Service Principal Anomaly,Medium,AST-007-06,34,No,Closed,False,1,False
ALT-2026-00385,CSE-007,National Highway Authority,Transportation,2026-09-08 06:41:41,Perimeter Boundary Scanning,Critical,AST-007-01,407,Yes,Closed,False,1,False
ALT-2026-00386,CSE-005,Eastern Port Trust,Maritime Logistics,2026-09-24 02:38:41,Lateral Movement,Critical,AST-005-03,158,Yes,Closed,False,1,False
ALT-2026-00387,CSE-007,National Highway Authority,Transportation,2026-09-09 23:42:41,Authentication & Brute Force,Critical,AST-007-06,222,No,Closed,False,-1,True
ALT-2026-00388,CSE-003,Bharat Telecom Ltd,Telecommunications,2026-09-17 12:48:41,Privilege Escalation,Medium,AST-003-05,51,No,Closed,False,1,False
ALT-2026-00389,CSE-004,Metro Airport Authority,Civil Aviation,2026-09-28 06:15:41,Data Exfiltration Attempt,High,AST-004-05,3,No,Closed,True,1,False
ALT-2026-00390,CSE-001,National Power Grid Corporation,Power & Energy,2026-09-09 13:59:41,Data Exfiltration Attempt,Low,AST-001-06,69,Yes,Closed,False,1,False
ALT-2026-00391,CSE-002,Apex National Bank,Banking & Finance,2026-09-29 01:27:41,Perimeter Boundary Scanning,Critical,AST-002-03,3,No,Closed,True,1,False
ALT-2026-00392,CSE-001,National Power Grid Corporation,Power & Energy,2026-09-11 08:14:41,Privilege Escalation,High,AST-001-03,9,No,Closed,True,1,False
ALT-2026-00393,CSE-004,Metro Airport Authority,Civil Aviation,2026-09-08 12:38:41,Authentication & Brute Force,Medium,AST-004-03,94,No,Closed,False,1,False
ALT-2026-00394,CSE-005,Eastern Port Trust,Maritime Logistics,2026-09-26 06:22:41,Privilege Escalation,Medium,AST-005-04,51,No,Closed,False,1,False
ALT-2026-00396,CSE-005,Eastern Port Trust,Maritime Logistics,2026-09-01 23:03:41,Malware & C2 Beaconing,Critical,AST-005-02,338,Yes,Closed,False,1,False
ALT-2026-00397,CSE-006,Central Metro Rail,Urban Mass Transit,2026-08-31 16:50:41,Data Exfiltration Attempt,High,AST-006-05,375,Yes,Closed,False,-1,True
ALT-2026-00398,CSE-003,Bharat Telecom Ltd,Telecommunications,2026-09-23 13:01:41,Authentication & Brute Force,Low,AST-003-03,85,No,Closed,False,1,False
ALT-2026-00399,CSE-002,Apex National Bank,Banking & Finance,2026-09-05 21:41:41,Perimeter Boundary Scanning,High,AST-002-03,12,No,Closed,True,1,False
ALT-2026-00400,CSE-001,National Power Grid Corporation,Power & Energy,2026-09-01 09:52:41,Service Principal Anomaly,Medium,AST-001-05,93,No,Closed,False,1,False
ALT-2026-00401,CSE-007,National Highway Authority,Transportation,2026-09-19 03:02:41,Authentication & Brute Force,High,AST-007-03,447,No,Closed,False,1,False
ALT-2026-00402,CSE-006,Central Metro Rail,Urban Mass Transit,2026-09-06 05:16:41,Service Principal Anomaly,Medium,AST-006-06,60,No,Closed,False,1,False
ALT-2026-00404,CSE-007,National Highway Authority,Transportation,2026-09-12 20:11:41,Lateral Movement,Medium,AST-007-03,42,No,Closed,False,1,False
ALT-2026-00405,CSE-002,Apex National Bank,Banking & Finance,2026-08-31 21:26:41,Privilege Escalation,Critical,AST-002-04,10,No,Closed,True,1,False
ALT-2026-00406,CSE-005,Eastern Port Trust,Maritime Logistics,2026-09-28 18:57:41,SCADA / ICS Telemetry Anomaly,Medium,AST-005-03,32,Yes,Closed,False,1,False
ALT-2026-00407,CSE-002,Apex National Bank,Banking & Finance,2026-09-05 00:58:41,Malware & C2 Beaconing,High,AST-002-02,5,No,Closed,True,1,False
ALT-2026-00408,CSE-007,National Highway Authority,Transportation,2026-09-18 03:42:41,Service Principal Anomaly,Low,AST-007-05,20,No,Closed,False,1,False
ALT-2026-00409,CSE-005,Eastern Port Trust,Maritime Logistics,2026-09-24 03:31:41,Lateral Movement,High,AST-005-02,379,Yes,Closed,False,-1,True
ALT-2026-00410,CSE-004,Metro Airport Authority,Civil Aviation,2026-09-18 04:41:41,Service Principal Anomaly,Low,AST-004-01,15,Yes,Closed,False,-1,True
ALT-2026-00411,CSE-006,Central Metro Rail,Urban Mass Transit,2026-09-21 10:03:41,SCADA / ICS Telemetry Anomaly,High,AST-006-03,353,Yes,Closed,False,-1,True
ALT-2026-00412,CSE-001,National Power Grid Corporation,Power & Energy,2026-09-13 18:42:41,Service Principal Anomaly,High,AST-001-02,4,No,Closed,True,1,False
ALT-2026-00413,CSE-002,Apex National Bank,Banking & Finance,2026-09-10 22:02:41,SCADA / ICS Telemetry Anomaly,Medium,AST-002-02,20,Yes,Closed,False,1,False
ALT-2026-00414,CSE-004,Metro Airport Authority,Civil Aviation,2026-09-09 21:32:41,Authentication & Brute Force,Low,AST-004-04,108,No,Closed,False,1,False
ALT-2026-00415,CSE-004,Metro Airport Authority,Civil Aviation,2026-09-02 01:02:41,Data Exfiltration Attempt,Low,AST-004-03,91,No,Closed,False,1,False
ALT-2026-00416,CSE-006,Central Metro Rail,Urban Mass Transit,2026-09-08 05:13:41,Service Principal Anomaly,Medium,AST-006-02,23,No,Closed,False,1,False
ALT-2026-00417,CSE-007,National Highway Authority,Transportation,2026-08-30 23:29:41,Lateral Movement,Low,AST-007-05,92,No,Closed,False,1,False
ALT-2026-00418,CSE-007,National Highway Authority,Transportation,2026-09-26 13:42:41,SCADA / ICS Telemetry Anomaly,Low,AST-007-04,84,No,Closed,False,1,False
ALT-2026-00419,CSE-007,National Highway Authority,Transportation,2026-09-27 17:39:41,Lateral Movement,High,AST-007-06,455,No,Closed,False,-1,True
ALT-2026-00420,CSE-007,National Highway Authority,Transportation,2026-09-02 17:36:41,Malware & C2 Beaconing,High,AST-007-05,175,Yes,Closed,False,1,False
ALT-2026-00421,CSE-005,Eastern Port Trust,Maritime Logistics,2026-09-16 08:00:41,Authentication & Brute Force,Medium,AST-005-04,116,No,Closed,False,1,False
ALT-2026-00422,CSE-002,Apex National Bank,Banking & Finance,2026-09-07 05:46:41,Perimeter Boundary Scanning,Critical,AST-002-03,8,No,Closed,True,1,False
ALT-2026-00423,CSE-005,Eastern Port Trust,Maritime Logistics,2026-09-15 21:49:41,Privilege Escalation,Low,AST-005-03,65,No,Closed,False,1,False
ALT-2026-00424,CSE-005,Eastern Port Trust,Maritime Logistics,2026-09-14 07:53:41,Perimeter Boundary Scanning,Medium,AST-005-04,65,No,Closed,False,1,False
ALT-2026-00425,CSE-006,Central Metro Rail,Urban Mass Transit,2026-08-30 11:06:41,Data Exfiltration Attempt,Medium,AST-006-04,115,No,Closed,False,1,False
ALT-2026-00427,CSE-005,Eastern Port Trust,Maritime Logistics,2026-09-27 16:48:41,Lateral Movement,Medium,AST-005-06,81,No,Closed,False,1,False
ALT-2026-00428,CSE-004,Metro Airport Authority,Civil Aviation,2026-09-29 09:18:41,Privilege Escalation,High,AST-004-05,14,No,Closed,True,1,False
ALT-2026-00429,CSE-002,Apex National Bank,Banking & Finance,2026-09-10 10:29:41,Authentication & Brute Force,High,AST-002-01,12,No,Closed,True,1,False
ALT-2026-00430,CSE-007,National Highway Authority,Transportation,2026-09-17 04:30:41,Lateral Movement,High,AST-007-05,147,No,Closed,False,1,False
ALT-2026-00431,CSE-006,Central Metro Rail,Urban Mass Transit,2026-09-02 22:14:41,Perimeter Boundary Scanning,High,AST-006-04,462,No,Closed,False,-1,True
ALT-2026-00432,CSE-001,National Power Grid Corporation,Power & Energy,2026-09-21 10:46:41,Malware & C2 Beaconing,Medium,AST-001-05,79,No,Closed,False,1,False
ALT-2026-00433,CSE-006,Central Metro Rail,Urban Mass Transit,2026-09-15 03:36:41,Service Principal Anomaly,Medium,AST-006-01,111,No,Closed,False,1,False
ALT-2026-00434,CSE-001,National Power Grid Corporation,Power & Energy,2026-09-21 13:48:41,Data Exfiltration Attempt,Medium,AST-001-05,44,No,Closed,False,1,False
ALT-2026-00435,CSE-006,Central Metro Rail,Urban Mass Transit,2026-09-03 07:57:41,Privilege Escalation,Critical,AST-006-03,389,Yes,Closed,False,1,False
ALT-2026-00436,CSE-002,Apex National Bank,Banking & Finance,2026-08-31 21:55:41,SCADA / ICS Telemetry Anomaly,Low,AST-002-06,102,Yes,Closed,False,1,False
ALT-2026-00437,CSE-007,National Highway Authority,Transportation,2026-09-21 09:58:41,Data Exfiltration Attempt,Low,AST-007-06,94,No,Closed,False,1,False
ALT-2026-00438,CSE-004,Metro Airport Authority,Civil Aviation,2026-09-10 15:24:41,Authentication & Brute Force,Low,AST-004-02,62,No,Closed,False,1,False
ALT-2026-00439,CSE-005,Eastern Port Trust,Maritime Logistics,2026-09-21 03:58:41,SCADA / ICS Telemetry Anomaly,Critical,AST-005-06,454,Yes,Closed,False,-1,True
ALT-2026-00440,CSE-002,Apex National Bank,Banking & Finance,2026-09-15 12:28:41,Service Principal Anomaly,High,AST-002-02,2,No,Closed,True,1,False
ALT-2026-00441,CSE-005,Eastern Port Trust,Maritime Logistics,2026-09-26 05:49:41,Privilege Escalation,High,AST-005-02,179,No,Closed,False,1,False
ALT-2026-00442,CSE-004,Metro Airport Authority,Civil Aviation,2026-09-23 02:28:41,Perimeter Boundary Scanning,High,AST-004-02,8,No,Closed,True,1,False
ALT-2026-00443,CSE-002,Apex National Bank,Banking & Finance,2026-09-10 18:58:41,Malware & C2 Beaconing,Medium,AST-002-02,117,No,Closed,False,1,False
ALT-2026-00444,CSE-006,Central Metro Rail,Urban Mass Transit,2026-09-25 00:21:41,Authentication & Brute Force,High,AST-006-06,300,No,Closed,False,1,False
ALT-2026-00445,CSE-007,National Highway Authority,Transportation,2026-09-14 06:56:41,Authentication & Brute Force,High,AST-007-06,398,Yes,Closed,False,1,False
ALT-2026-00446,CSE-004,Metro Airport Authority,Civil Aviation,2026-09-06 05:56:41,Perimeter Boundary Scanning,High,AST-004-01,10,No,Closed,True,1,False
ALT-2026-00447,CSE-001,National Power Grid Corporation,Power & Energy,2026-09-17 18:34:41,Data Exfiltration Attempt,Medium,AST-001-03,98,Yes,Closed,False,1,False
ALT-2026-00448,CSE-005,Eastern Port Trust,Maritime Logistics,2026-09-13 16:44:41,Malware & C2 Beaconing,High,AST-005-04,191,No,Closed,False,1,False
ALT-2026-00449,CSE-005,Eastern Port Trust,Maritime Logistics,2026-09-11 03:18:41,Malware & C2 Beaconing,Critical,AST-005-05,220,Yes,Closed,False,1,False
ALT-2026-00450,CSE-004,Metro Airport Authority,Civil Aviation,2026-09-21 01:23:41,Perimeter Boundary Scanning,Medium,AST-004-02,81,No,Closed,False,1,False
ALT-2026-00451,CSE-002,Apex National Bank,Banking & Finance,2026-09-08 07:25:41,Malware & C2 Beaconing,High,AST-002-01,8,No,Closed,True,1,False
ALT-2026-00452,CSE-004,Metro Airport Authority,Civil Aviation,2026-09-12 15:11:41,Lateral Movement,Medium,AST-004-03,25,No,Closed,False,1,False
ALT-2026-00453,CSE-002,Apex National Bank,Banking & Finance,2026-09-06 06:44:41,SCADA / ICS Telemetry Anomaly,Critical,AST-002-06,4,No,Closed,True,1,False
ALT-2026-00454,CSE-007,National Highway Authority,Transportation,2026-08-31 05:17:41,Service Principal Anomaly,Medium,AST-007-02,84,No,Closed,False,1,False
ALT-2026-00455,CSE-005,Eastern Port Trust,Maritime Logistics,2026-09-14 19:25:41,Lateral Movement,Medium,AST-005-02,96,No,Closed,False,1,False
ALT-2026-00456,CSE-001,National Power Grid Corporation,Power & Energy,2026-09-15 06:49:41,Lateral Movement,High,AST-001-05,6,No,Closed,True,1,False
ALT-2026-00457,CSE-007,National Highway Authority,Transportation,2026-09-02 11:50:41,Privilege Escalation,Medium,AST-007-01,16,No,Closed,False,1,False
ALT-2026-00458,CSE-004,Metro Airport Authority,Civil Aviation,2026-09-04 06:34:41,Data Exfiltration Attempt,Medium,AST-004-02,85,No,Closed,False,1,False
ALT-2026-00459,CSE-006,Central Metro Rail,Urban Mass Transit,2026-09-05 19:48:41,Lateral Movement,High,AST-006-06,85,Yes,Closed,False,1,False
ALT-2026-00460,CSE-005,Eastern Port Trust,Maritime Logistics,2026-09-04 07:46:41,Data Exfiltration Attempt,Low,AST-005-03,38,Yes,Closed,False,1,False
ALT-2026-00461,CSE-005,Eastern Port Trust,Maritime Logistics,2026-09-14 09:52:41,Authentication & Brute Force,High,AST-005-02,318,No,Closed,False,1,False
ALT-2026-00462,CSE-004,Metro Airport Authority,Civil Aviation,2026-09-06 15:58:41,Malware & C2 Beaconing,High,AST-004-04,9,No,Closed,True,1,False
ALT-2026-00463,CSE-007,National Highway Authority,Transportation,2026-09-04 00:49:41,Service Principal Anomaly,Medium,AST-007-03,19,No,Closed,False,1,False
ALT-2026-00464,CSE-004,Metro Airport Authority,Civil Aviation,2026-09-26 22:42:41,SCADA / ICS Telemetry Anomaly,High,AST-004-01,6,No,Closed,True,1,False
ALT-2026-00465,CSE-007,National Highway Authority,Transportation,2026-09-07 08:48:41,Service Principal Anomaly,High,AST-007-06,62,No,Closed,False,1,False
ALT-2026-00466,CSE-004,Metro Airport Authority,Civil Aviation,2026-09-16 18:53:41,Perimeter Boundary Scanning,High,AST-004-05,13,No,Closed,True,1,False
ALT-2026-00467,CSE-001,National Power Grid Corporation,Power & Energy,2026-09-21 00:32:41,Privilege Escalation,High,AST-001-02,2,No,Closed,True,1,False
ALT-2026-00468,CSE-004,Metro Airport Authority,Civil Aviation,2026-09-19 16:02:41,Privilege Escalation,Medium,AST-004-06,65,Yes,Closed,False,1,False
ALT-2026-00469,CSE-006,Central Metro Rail,Urban Mass Transit,2026-09-10 11:49:41,Malware & C2 Beaconing,High,AST-006-03,300,No,Closed,False,1,False
ALT-2026-00470,CSE-002,Apex National Bank,Banking & Finance,2026-09-06 22:22:41,Malware & C2 Beaconing,Critical,AST-002-06,5,No,Closed,True,1,False
ALT-2026-00471,CSE-003,Bharat Telecom Ltd,Telecommunications,2026-09-04 01:26:41,Data Exfiltration Attempt,Critical,AST-003-06,238,Yes,Closed,False,1,False
ALT-2026-00472,CSE-005,Eastern Port Trust,Maritime Logistics,2026-09-19 22:28:41,Service Principal Anomaly,High,AST-005-05,140,No,Closed,False,1,False
ALT-2026-00473,CSE-007,National Highway Authority,Transportation,2026-09-12 11:08:41,SCADA / ICS Telemetry Anomaly,High,AST-007-04,464,No,Closed,False,-1,True
ALT-2026-00474,CSE-002,Apex National Bank,Banking & Finance,2026-09-01 15:33:41,Perimeter Boundary Scanning,Medium,AST-002-05,45,Yes,Closed,False,1,False
ALT-2026-00475,CSE-004,Metro Airport Authority,Civil Aviation,2026-09-04 23:03:41,Privilege Escalation,High,AST-004-01,12,No,Closed,True,1,False
ALT-2026-00476,CSE-006,Central Metro Rail,Urban Mass Transit,2026-09-27 14:19:41,SCADA / ICS Telemetry Anomaly,High,AST-006-05,61,No,Closed,False,1,False
ALT-2026-00477,CSE-007,National Highway Authority,Transportation,2026-09-16 18:41:41,Privilege Escalation,Critical,AST-007-01,158,Yes,Closed,False,1,False
ALT-2026-00478,CSE-007,National Highway Authority,Transportation,2026-09-09 14:49:41,Lateral Movement,Low,AST-007-01,116,No,Closed,False,1,False
ALT-2026-00479,CSE-001,National Power Grid Corporation,Power & Energy,2026-09-03 07:08:41,Data Exfiltration Attempt,Low,AST-001-02,27,Yes,Closed,False,1,False
ALT-2026-00480,CSE-006,Central Metro Rail,Urban Mass Transit,2026-09-21 21:32:41,SCADA / ICS Telemetry Anomaly,Medium,AST-006-06,86,Yes,Closed,False,1,False
ALT-2026-00481,CSE-004,Metro Airport Authority,Civil Aviation,2026-09-01 13:02:41,SCADA / ICS Telemetry Anomaly,Medium,AST-004-03,79,Yes,Closed,False,1,False
ALT-2026-00482,CSE-003,Bharat Telecom Ltd,Telecommunications,2026-09-02 04:46:41,Lateral Movement,Low,AST-003-05,56,No,Closed,False,1,False
ALT-2026-00483,CSE-006,Central Metro Rail,Urban Mass Transit,2026-09-21 04:44:41,Service Principal Anomaly,Low,AST-006-02,15,No,Closed,False,1,False
ALT-2026-00484,CSE-003,Bharat Telecom Ltd,Telecommunications,2026-09-29 06:58:41,Data Exfiltration Attempt,Low,AST-003-05,17,No,Closed,False,1,False
ALT-2026-00485,CSE-005,Eastern Port Trust,Maritime Logistics,2026-08-30 22:03:41,Malware & C2 Beaconing,Critical,AST-005-03,227,Yes,Closed,False,1,False
ALT-2026-00488,CSE-007,National Highway Authority,Transportation,2026-09-05 08:25:41,Authentication & Brute Force,Medium,AST-007-05,95,No,Closed,False,1,False
ALT-2026-00489,CSE-002,Apex National Bank,Banking & Finance,2026-09-18 23:28:41,Data Exfiltration Attempt,High,AST-002-05,12,No,Closed,True,1,False
ALT-2026-00490,CSE-005,Eastern Port Trust,Maritime Logistics,2026-09-27 08:45:41,Privilege Escalation,Medium,AST-005-05,33,Yes,Closed,False,1,False
ALT-2026-00491,CSE-003,Bharat Telecom Ltd,Telecommunications,2026-09-27 03:40:41,Lateral Movement,Medium,AST-003-04,31,No,Closed,False,1,False
ALT-2026-00492,CSE-005,Eastern Port Trust,Maritime Logistics,2026-09-22 22:33:41,Data Exfiltration Attempt,High,AST-005-06,181,No,Closed,False,1,False
ALT-2026-00493,CSE-004,Metro Airport Authority,Civil Aviation,2026-09-18 05:00:41,Perimeter Boundary Scanning,High,AST-004-03,12,No,Closed,True,1,False
ALT-2026-00495,CSE-006,Central Metro Rail,Urban Mass Transit,2026-09-28 08:33:41,SCADA / ICS Telemetry Anomaly,Low,AST-006-04,119,No,Closed,False,1,False
ALT-2026-00496,CSE-001,National Power Grid Corporation,Power & Energy,2026-09-19 09:25:41,Data Exfiltration Attempt,High,AST-001-04,10,No,Closed,True,1,False
ALT-2026-00497,CSE-006,Central Metro Rail,Urban Mass Transit,2026-09-24 17:28:41,Authentication & Brute Force,High,AST-006-02,384,No,Closed,False,1,False
ALT-2026-00498,CSE-006,Central Metro Rail,Urban Mass Transit,2026-09-10 08:09:41,Service Principal Anomaly,Medium,AST-006-01,16,No,Closed,False,1,False
ALT-2026-00499,CSE-007,National Highway Authority,Transportation,2026-08-31 19:48:41,Data Exfiltration Attempt,Low,AST-007-05,80,Yes,Closed,False,1,False
ALT-2026-00500,CSE-001,National Power Grid Corporation,Power & Energy,2026-09-24 09:40:41,Service Principal Anomaly,Medium,AST-001-03,106,Yes,Closed,False,1,False
ALT-2026-00501,CSE-004,Metro Airport Authority,Civil Aviation,2026-09-06 11:11:41,Perimeter Boundary Scanning,Medium,AST-004-06,60,Yes,Closed,False,1,False
ALT-2026-00502,CSE-004,Metro Airport Authority,Civil Aviation,2026-09-01 15:37:41,Privilege Escalation,High,AST-004-02,7,No,Closed,True,1,False
ALT-2026-00503,CSE-006,Central Metro Rail,Urban Mass Transit,2026-09-16 23:29:41,Data Exfiltration Attempt,High,AST-006-05,338,No,Closed,False,1,False
ALT-2026-00504,CSE-002,Apex National Bank,Banking & Finance,2026-09-09 11:35:41,Data Exfiltration Attempt,Low,AST-002-02,54,No,Closed,False,1,False
ALT-2026-00505,CSE-005,Eastern Port Trust,Maritime Logistics,2026-08-31 10:52:41,Malware & C2 Beaconing,Medium,AST-005-03,107,No,Closed,False,1,False
ALT-2026-00506,CSE-004,Metro Airport Authority,Civil Aviation,2026-08-30 02:53:41,Service Principal Anomaly,Medium,AST-004-02,120,No,Closed,False,1,False
ALT-2026-00507,CSE-002,Apex National Bank,Banking & Finance,2026-09-24 15:24:41,Privilege Escalation,Medium,AST-002-01,93,Yes,Closed,False,1,False
ALT-2026-00508,CSE-007,National Highway Authority,Transportation,2026-09-14 11:40:41,Service Principal Anomaly,Medium,AST-007-02,62,No,Closed,False,1,False
ALT-2026-00509,CSE-002,Apex National Bank,Banking & Finance,2026-09-28 02:24:41,Authentication & Brute Force,Low,AST-002-01,67,No,Closed,False,1,False
ALT-2026-00510,CSE-004,Metro Airport Authority,Civil Aviation,2026-09-01 20:41:41,Perimeter Boundary Scanning,Low,AST-004-04,46,No,Closed,False,1,False
ALT-2026-00511,CSE-006,Central Metro Rail,Urban Mass Transit,2026-09-10 20:38:41,Authentication & Brute Force,Medium,AST-006-05,72,No,Closed,False,1,False
ALT-2026-00512,CSE-006,Central Metro Rail,Urban Mass Transit,2026-09-27 22:48:41,Authentication & Brute Force,High,AST-006-02,270,No,Closed,False,1,False
ALT-2026-00513,CSE-003,Bharat Telecom Ltd,Telecommunications,2026-09-10 14:28:41,SCADA / ICS Telemetry Anomaly,Medium,AST-003-05,97,No,Closed,False,1,False
ALT-2026-00514,CSE-006,Central Metro Rail,Urban Mass Transit,2026-09-12 11:47:41,Lateral Movement,High,AST-006-01,57,No,Closed,False,1,False
ALT-2026-00515,CSE-003,Bharat Telecom Ltd,Telecommunications,2026-09-06 19:14:41,SCADA / ICS Telemetry Anomaly,Medium,AST-003-05,30,No,Closed,False,1,False
ALT-2026-00516,CSE-004,Metro Airport Authority,Civil Aviation,2026-09-05 23:33:41,SCADA / ICS Telemetry Anomaly,High,AST-004-02,8,No,Closed,True,1,False
ALT-2026-00517,CSE-003,Bharat Telecom Ltd,Telecommunications,2026-09-10 18:17:41,SCADA / ICS Telemetry Anomaly,High,AST-003-03,119,No,Closed,False,1,False
ALT-2026-00518,CSE-007,National Highway Authority,Transportation,2026-08-30 01:54:41,SCADA / ICS Telemetry Anomaly,Critical,AST-007-04,112,Yes,Closed,False,1,False
ALT-2026-00519,CSE-007,National Highway Authority,Transportation,2026-09-13 22:21:41,Authentication & Brute Force,Medium,AST-007-04,78,No,Closed,False,1,False
ALT-2026-00520,CSE-001,National Power Grid Corporation,Power & Energy,2026-09-09 21:12:41,Data Exfiltration Attempt,Low,AST-001-02,50,No,Closed,False,1,False
ALT-2026-00522,CSE-001,National Power Grid Corporation,Power & Energy,2026-09-16 11:02:41,Privilege Escalation,Medium,AST-001-06,103,No,Closed,False,1,False
ALT-2026-00523,CSE-003,Bharat Telecom Ltd,Telecommunications,2026-08-31 15:07:41,Privilege Escalation,High,AST-003-04,239,No,Closed,False,1,False
ALT-2026-00524,CSE-001,National Power Grid Corporation,Power & Energy,2026-09-07 07:51:41,Lateral Movement,Medium,AST-001-06,104,Yes,Closed,False,1,False
ALT-2026-00525,CSE-005,Eastern Port Trust,Maritime Logistics,2026-08-30 17:54:41,Lateral Movement,Medium,AST-005-05,55,No,Closed,False,1,False
ALT-2026-00526,CSE-004,Metro Airport Authority,Civil Aviation,2026-09-12 16:32:41,Service Principal Anomaly,Medium,AST-004-01,38,Yes,Closed,False,1,False
ALT-2026-00527,CSE-001,National Power Grid Corporation,Power & Energy,2026-09-14 19:22:41,Malware & C2 Beaconing,Medium,AST-001-03,41,No,Closed,False,1,False
ALT-2026-00528,CSE-005,Eastern Port Trust,Maritime Logistics,2026-09-03 19:59:41,Authentication & Brute Force,Medium,AST-005-05,103,No,Closed,False,1,False
ALT-2026-00529,CSE-003,Bharat Telecom Ltd,Telecommunications,2026-09-05 16:05:41,Perimeter Boundary Scanning,High,AST-003-03,415,No,Closed,False,1,False
ALT-2026-00530,CSE-003,Bharat Telecom Ltd,Telecommunications,2026-08-30 18:42:41,Service Principal Anomaly,Medium,AST-003-03,97,Yes,Closed,False,1,False
ALT-2026-00531,CSE-007,National Highway Authority,Transportation,2026-09-03 02:13:41,Authentication & Brute Force,Low,AST-007-05,53,No,Closed,False,1,False
ALT-2026-00532,CSE-003,Bharat Telecom Ltd,Telecommunications,2026-09-04 05:08:41,SCADA / ICS Telemetry Anomaly,High,AST-003-05,60,No,Closed,False,1,False
ALT-2026-00533,CSE-002,Apex National Bank,Banking & Finance,2026-09-10 12:17:41,Privilege Escalation,Medium,AST-002-02,55,No,Closed,False,1,False
ALT-2026-00534,CSE-004,Metro Airport Authority,Civil Aviation,2026-09-03 06:59:41,Privilege Escalation,High,AST-004-02,7,No,Closed,True,1,False
ALT-2026-00535,CSE-001,National Power Grid Corporation,Power & Energy,2026-09-15 00:11:41,Service Principal Anomaly,Low,AST-001-02,34,No,Closed,False,1,False
ALT-2026-00536,CSE-007,National Highway Authority,Transportation,2026-09-25 23:29:41,SCADA / ICS Telemetry Anomaly,High,AST-007-03,63,No,Closed,False,1,False
ALT-2026-00537,CSE-001,National Power Grid Corporation,Power & Energy,2026-09-07 20:17:41,Malware & C2 Beaconing,High,AST-001-06,2,No,Closed,True,1,False
ALT-2026-00538,CSE-003,Bharat Telecom Ltd,Telecommunications,2026-09-28 21:24:41,Privilege Escalation,Medium,AST-003-03,41,Yes,Closed,False,1,False
ALT-2026-00539,CSE-004,Metro Airport Authority,Civil Aviation,2026-09-08 12:55:41,SCADA / ICS Telemetry Anomaly,High,AST-004-05,3,No,Closed,True,1,False
ALT-2026-00540,CSE-001,National Power Grid Corporation,Power & Energy,2026-09-22 22:50:41,Perimeter Boundary Scanning,High,AST-001-02,13,No,Closed,True,1,False
ALT-2026-00541,CSE-001,National Power Grid Corporation,Power & Energy,2026-09-19 20:15:41,Perimeter Boundary Scanning,Medium,AST-001-04,21,No,Closed,False,1,False
ALT-2026-00542,CSE-001,National Power Grid Corporation,Power & Energy,2026-09-16 04:01:41,Service Principal Anomaly,Medium,AST-001-05,54,Yes,Closed,False,1,False
ALT-2026-00543,CSE-001,National Power Grid Corporation,Power & Energy,2026-09-02 17:43:41,Malware & C2 Beaconing,Medium,AST-001-02,102,No,Closed,False,1,False
ALT-2026-00544,CSE-007,National Highway Authority,Transportation,2026-08-31 20:56:41,Perimeter Boundary Scanning,High,AST-007-04,403,No,Closed,False,1,False
ALT-2026-00546,CSE-004,Metro Airport Authority,Civil Aviation,2026-09-02 17:22:41,Malware & C2 Beaconing,High,AST-004-03,12,No,Closed,True,1,False
ALT-2026-00547,CSE-004,Metro Airport Authority,Civil Aviation,2026-09-16 21:46:41,Data Exfiltration Attempt,Medium,AST-004-02,85,No,Closed,False,1,False
ALT-2026-00548,CSE-006,Central Metro Rail,Urban Mass Transit,2026-09-11 02:22:41,Lateral Movement,Medium,AST-006-04,58,Yes,Closed,False,1,False
ALT-2026-00549,CSE-005,Eastern Port Trust,Maritime Logistics,2026-09-10 01:52:41,Malware & C2 Beaconing,Low,AST-005-03,37,No,Closed,False,1,False
ALT-2026-00550,CSE-006,Central Metro Rail,Urban Mass Transit,2026-09-08 15:07:41,Data Exfiltration Attempt,Low,AST-006-06,89,No,Closed,False,1,False
ALT-2026-00551,CSE-004,Metro Airport Authority,Civil Aviation,2026-09-12 06:48:41,Service Principal Anomaly,High,AST-004-05,12,No,Closed,True,1,False
ALT-2026-00552,CSE-006,Central Metro Rail,Urban Mass Transit,2026-09-20 02:27:41,Perimeter Boundary Scanning,Low,AST-006-03,89,No,Closed,False,1,False
ALT-2026-00553,CSE-003,Bharat Telecom Ltd,Telecommunications,2026-08-31 23:09:41,Authentication & Brute Force,Medium,AST-003-02,120,Yes,Closed,False,1,False
ALT-2026-00554,CSE-006,Central Metro Rail,Urban Mass Transit,2026-09-11 03:32:41,Perimeter Boundary Scanning,Medium,AST-006-02,66,No,Closed,False,1,False
ALT-2026-00555,CSE-005,Eastern Port Trust,Maritime Logistics,2026-09-17 04:19:41,Lateral Movement,High,AST-005-06,388,Yes,Closed,False,1,False
ALT-2026-00556,CSE-004,Metro Airport Authority,Civil Aviation,2026-09-08 03:04:41,Malware & C2 Beaconing,Critical,AST-004-04,14,No,Closed,True,1,False
ALT-2026-00557,CSE-007,National Highway Authority,Transportation,2026-09-06 20:13:41,Lateral Movement,Medium,AST-007-03,73,No,Closed,False,1,False
ALT-2026-00558,CSE-002,Apex National Bank,Banking & Finance,2026-09-15 21:12:41,Service Principal Anomaly,Low,AST-002-01,45,No,Closed,False,1,False
ALT-2026-00559,CSE-004,Metro Airport Authority,Civil Aviation,2026-09-07 05:05:41,Service Principal Anomaly,Low,AST-004-05,25,No,Closed,False,1,False
ALT-2026-00560,CSE-005,Eastern Port Trust,Maritime Logistics,2026-08-31 21:07:41,Data Exfiltration Attempt,Medium,AST-005-03,109,No,Closed,False,1,False
ALT-2026-00561,CSE-007,National Highway Authority,Transportation,2026-09-29 00:43:41,Service Principal Anomaly,Medium,AST-007-02,57,No,Closed,False,1,False
ALT-2026-00562,CSE-006,Central Metro Rail,Urban Mass Transit,2026-08-30 20:25:41,Privilege Escalation,Medium,AST-006-01,87,No,Closed,False,1,False
ALT-2026-00563,CSE-003,Bharat Telecom Ltd,Telecommunications,2026-09-03 16:33:41,Authentication & Brute Force,High,AST-003-02,87,Yes,Closed,False,1,False
ALT-2026-00564,CSE-003,Bharat Telecom Ltd,Telecommunications,2026-09-21 08:12:41,Malware & C2 Beaconing,Medium,AST-003-03,90,No,Closed,False,1,False
ALT-2026-00565,CSE-006,Central Metro Rail,Urban Mass Transit,2026-09-22 01:01:41,Authentication & Brute Force,High,AST-006-04,88,No,Closed,False,1,False
ALT-2026-00566,CSE-004,Metro Airport Authority,Civil Aviation,2026-09-21 18:44:41,SCADA / ICS Telemetry Anomaly,High,AST-004-06,13,No,Closed,True,1,False
ALT-2026-00567,CSE-007,National Highway Authority,Transportation,2026-09-03 13:09:41,SCADA / ICS Telemetry Anomaly,Medium,AST-007-06,75,No,Closed,False,1,False
ALT-2026-00568,CSE-004,Metro Airport Authority,Civil Aviation,2026-09-14 08:03:41,Lateral Movement,Critical,AST-004-06,14,No,Closed,True,1,False
ALT-2026-00569,CSE-005,Eastern Port Trust,Maritime Logistics,2026-09-08 15:06:41,Perimeter Boundary Scanning,Low,AST-005-03,70,No,Closed,False,1,False
ALT-2026-00570,CSE-007,National Highway Authority,Transportation,2026-09-26 07:31:41,Lateral Movement,Medium,AST-007-03,101,No,Closed,False,1,False
ALT-2026-00571,CSE-006,Central Metro Rail,Urban Mass Transit,2026-09-24 05:37:41,Authentication & Brute Force,Medium,AST-006-03,23,Yes,Closed,False,1,False
ALT-2026-00572,CSE-006,Central Metro Rail,Urban Mass Transit,2026-09-20 08:00:41,Authentication & Brute Force,Critical,AST-006-06,92,Yes,Closed,False,-1,True
ALT-2026-00573,CSE-001,National Power Grid Corporation,Power & Energy,2026-09-01 21:04:41,Lateral Movement,Medium,AST-001-03,97,No,Closed,False,1,False
ALT-2026-00574,CSE-004,Metro Airport Authority,Civil Aviation,2026-09-08 13:32:41,Service Principal Anomaly,Low,AST-004-02,50,No,Closed,False,1,False
ALT-2026-00575,CSE-001,National Power Grid Corporation,Power & Energy,2026-09-21 14:48:41,Lateral Movement,High,AST-001-03,2,No,Closed,True,1,False
ALT-2026-00576,CSE-004,Metro Airport Authority,Civil Aviation,2026-09-27 00:13:41,Data Exfiltration Attempt,Medium,AST-004-05,37,Yes,Closed,False,1,False
ALT-2026-00577,CSE-001,National Power Grid Corporation,Power & Energy,2026-08-31 01:27:41,Privilege Escalation,Critical,AST-001-06,3,No,Closed,True,1,False
ALT-2026-00578,CSE-007,National Highway Authority,Transportation,2026-09-15 15:15:41,Service Principal Anomaly,Critical,AST-007-02,372,Yes,Closed,False,1,False
ALT-2026-00579,CSE-003,Bharat Telecom Ltd,Telecommunications,2026-09-01 03:36:41,Authentication & Brute Force,Medium,AST-003-02,113,No,Closed,False,1,False
ALT-2026-00580,CSE-004,Metro Airport Authority,Civil Aviation,2026-08-29 17:20:41,Service Principal Anomaly,Critical,AST-004-06,10,No,Closed,True,1,False
ALT-2026-00581,CSE-004,Metro Airport Authority,Civil Aviation,2026-09-27 19:31:41,Malware & C2 Beaconing,High,AST-004-04,7,No,Closed,True,1,False
ALT-2026-00582,CSE-007,National Highway Authority,Transportation,2026-09-19 20:00:41,SCADA / ICS Telemetry Anomaly,Medium,AST-007-06,64,No,Closed,False,1,False
ALT-2026-00583,CSE-003,Bharat Telecom Ltd,Telecommunications,2026-09-14 13:16:41,Service Principal Anomaly,Medium,AST-003-04,32,Yes,Closed,False,1,False
ALT-2026-00585,CSE-003,Bharat Telecom Ltd,Telecommunications,2026-09-03 17:10:41,Lateral Movement,Critical,AST-003-02,458,Yes,Closed,False,-1,True
ALT-2026-00587,CSE-002,Apex National Bank,Banking & Finance,2026-09-09 14:15:41,Privilege Escalation,Low,AST-002-01,27,Yes,Closed,False,1,False
ALT-2026-00589,CSE-006,Central Metro Rail,Urban Mass Transit,2026-09-10 23:04:41,Perimeter Boundary Scanning,Low,AST-006-01,116,Yes,Closed,False,-1,True
ALT-2026-00590,CSE-003,Bharat Telecom Ltd,Telecommunications,2026-09-25 03:02:41,Perimeter Boundary Scanning,Medium,AST-003-06,71,No,Closed,False,1,False
ALT-2026-00591,CSE-004,Metro Airport Authority,Civil Aviation,2026-09-05 11:11:41,Service Principal Anomaly,Critical,AST-004-06,2,No,Closed,True,1,False
ALT-2026-00592,CSE-005,Eastern Port Trust,Maritime Logistics,2026-09-01 06:46:41,Service Principal Anomaly,Medium,AST-005-02,41,No,Closed,False,1,False
ALT-2026-00593,CSE-005,Eastern Port Trust,Maritime Logistics,2026-09-07 14:34:41,SCADA / ICS Telemetry Anomaly,Medium,AST-005-04,93,No,Closed,False,1,False
ALT-2026-00594,CSE-005,Eastern Port Trust,Maritime Logistics,2026-09-22 10:05:41,Malware & C2 Beaconing,Medium,AST-005-03,112,No,Closed,False,1,False
ALT-2026-00595,CSE-002,Apex National Bank,Banking & Finance,2026-09-26 11:29:41,Service Principal Anomaly,Medium,AST-002-02,35,Yes,Closed,False,1,False
ALT-2026-00596,CSE-003,Bharat Telecom Ltd,Telecommunications,2026-09-18 20:21:41,Service Principal Anomaly,Critical,AST-003-04,424,Yes,Closed,False,1,False
ALT-2026-00598,CSE-003,Bharat Telecom Ltd,Telecommunications,2026-09-22 12:57:41,Lateral Movement,Low,AST-003-04,63,Yes,Closed,False,1,False
ALT-2026-00599,CSE-002,Apex National Bank,Banking & Finance,2026-08-30 20:43:41,SCADA / ICS Telemetry Anomaly,High,AST-002-02,4,No,Closed,True,1,False
ALT-2026-00600,CSE-003,Bharat Telecom Ltd,Telecommunications,2026-09-21 09:51:41,SCADA / ICS Telemetry Anomaly,Critical,AST-003-04,336,Yes,Closed,False,1,False
ALT-2026-00601,CSE-007,National Highway Authority,Transportation,2026-09-19 08:16:41,Privilege Escalation,Medium,AST-007-05,116,No,Closed,False,1,False
ALT-2026-00602,CSE-002,Apex National Bank,Banking & Finance,2026-09-27 02:18:41,Service Principal Anomaly,Low,AST-002-06,42,No,Closed,False,1,False
ALT-2026-00603,CSE-006,Central Metro Rail,Urban Mass Transit,2026-09-02 08:57:41,Perimeter Boundary Scanning,High,AST-006-01,158,No,Closed,False,1,False
ALT-2026-00604,CSE-001,National Power Grid Corporation,Power & Energy,2026-09-28 00:26:41,Authentication & Brute Force,High,AST-001-06,8,No,Closed,True,1,False
ALT-2026-00605,CSE-001,National Power Grid Corporation,Power & Energy,2026-09-15 00:57:41,Malware & C2 Beaconing,Medium,AST-001-03,16,No,Closed,False,1,False
ALT-2026-00606,CSE-002,Apex National Bank,Banking & Finance,2026-09-09 14:11:41,Service Principal Anomaly,Medium,AST-002-04,35,No,Closed,False,1,False
ALT-2026-00607,CSE-002,Apex National Bank,Banking & Finance,2026-09-01 17:47:41,SCADA / ICS Telemetry Anomaly,Medium,AST-002-04,62,No,Closed,False,1,False
ALT-2026-00608,CSE-006,Central Metro Rail,Urban Mass Transit,2026-09-19 00:10:41,Privilege Escalation,High,AST-006-05,183,No,Closed,False,1,False
ALT-2026-00609,CSE-003,Bharat Telecom Ltd,Telecommunications,2026-09-06 14:40:41,Perimeter Boundary Scanning,Low,AST-003-03,29,No,Closed,False,1,False
ALT-2026-00610,CSE-006,Central Metro Rail,Urban Mass Transit,2026-09-11 18:08:41,Data Exfiltration Attempt,Critical,AST-006-06,216,Yes,Closed,False,1,False
ALT-2026-00611,CSE-007,National Highway Authority,Transportation,2026-09-06 08:52:41,Perimeter Boundary Scanning,Low,AST-007-03,79,No,Closed,False,1,False
ALT-2026-00612,CSE-004,Metro Airport Authority,Civil Aviation,2026-09-12 23:19:41,Malware & C2 Beaconing,Medium,AST-004-05,83,No,Closed,False,1,False
ALT-2026-00613,CSE-007,National Highway Authority,Transportation,2026-09-07 17:21:41,Malware & C2 Beaconing,High,AST-007-01,279,No,Closed,False,1,False
ALT-2026-00614,CSE-002,Apex National Bank,Banking & Finance,2026-09-21 12:28:41,SCADA / ICS Telemetry Anomaly,Medium,AST-002-06,41,No,Closed,False,1,False
ALT-2026-00615,CSE-002,Apex National Bank,Banking & Finance,2026-09-14 04:46:41,Service Principal Anomaly,Medium,AST-002-06,17,Yes,Closed,False,1,False
ALT-2026-00616,CSE-004,Metro Airport Authority,Civil Aviation,2026-09-11 05:31:41,Perimeter Boundary Scanning,Medium,AST-004-03,100,No,Closed,False,1,False
ALT-2026-00617,CSE-002,Apex National Bank,Banking & Finance,2026-09-01 07:02:41,Privilege Escalation,High,AST-002-01,7,No,Closed,True,1,False
ALT-2026-00618,CSE-003,Bharat Telecom Ltd,Telecommunications,2026-09-20 02:02:41,SCADA / ICS Telemetry Anomaly,Medium,AST-003-02,51,Yes,Closed,False,1,False
ALT-2026-00619,CSE-001,National Power Grid Corporation,Power & Energy,2026-09-18 22:04:41,Service Principal Anomaly,High,AST-001-06,4,No,Closed,True,1,False
ALT-2026-00620,CSE-006,Central Metro Rail,Urban Mass Transit,2026-09-19 05:03:41,Perimeter Boundary Scanning,High,AST-006-04,128,Yes,Closed,False,1,False
ALT-2026-00621,CSE-002,Apex National Bank,Banking & Finance,2026-08-30 01:13:41,Perimeter Boundary Scanning,High,AST-002-03,13,No,Closed,True,1,False
ALT-2026-00622,CSE-006,Central Metro Rail,Urban Mass Transit,2026-09-20 00:15:41,Privilege Escalation,Low,AST-006-06,111,No,Closed,False,1,False
ALT-2026-00623,CSE-004,Metro Airport Authority,Civil Aviation,2026-09-18 18:05:41,Service Principal Anomaly,Low,AST-004-05,32,Yes,Closed,False,1,False
ALT-2026-00624,CSE-002,Apex National Bank,Banking & Finance,2026-09-15 05:07:41,Perimeter Boundary Scanning,Critical,AST-002-05,12,No,Closed,True,1,False
ALT-2026-00625,CSE-007,National Highway Authority,Transportation,2026-08-31 08:00:41,Authentication & Brute Force,Critical,AST-007-04,479,Yes,Closed,False,-1,True
ALT-2026-00626,CSE-004,Metro Airport Authority,Civil Aviation,2026-09-18 20:34:41,Authentication & Brute Force,Low,AST-004-04,61,No,Closed,False,1,False
ALT-2026-00627,CSE-001,National Power Grid Corporation,Power & Energy,2026-09-20 04:50:41,Privilege Escalation,Low,AST-001-04,86,No,Closed,False,1,False
ALT-2026-00628,CSE-002,Apex National Bank,Banking & Finance,2026-09-03 16:15:41,Lateral Movement,Medium,AST-002-02,68,No,Closed,False,1,False
ALT-2026-00629,CSE-004,Metro Airport Authority,Civil Aviation,2026-09-01 23:51:41,Malware & C2 Beaconing,Low,AST-004-04,90,Yes,Closed,False,1,False
ALT-2026-00630,CSE-005,Eastern Port Trust,Maritime Logistics,2026-09-14 17:36:41,SCADA / ICS Telemetry Anomaly,High,AST-005-05,471,No,Closed,False,-1,True
ALT-2026-00631,CSE-004,Metro Airport Authority,Civil Aviation,2026-09-11 16:43:41,Data Exfiltration Attempt,Critical,AST-004-03,2,No,Closed,True,1,False
ALT-2026-00632,CSE-007,National Highway Authority,Transportation,2026-09-09 01:05:41,Privilege Escalation,High,AST-007-03,296,No,Closed,False,1,False
ALT-2026-00633,CSE-001,National Power Grid Corporation,Power & Energy,2026-09-09 16:49:41,Service Principal Anomaly,Medium,AST-001-05,48,No,Closed,False,1,False
ALT-2026-00634,CSE-005,Eastern Port Trust,Maritime Logistics,2026-09-29 08:02:41,Authentication & Brute Force,Critical,AST-005-03,281,Yes,Closed,False,1,False
ALT-2026-00635,CSE-004,Metro Airport Authority,Civil Aviation,2026-09-09 05:09:41,Privilege Escalation,High,AST-004-02,12,No,Closed,True,1,False
ALT-2026-00636,CSE-006,Central Metro Rail,Urban Mass Transit,2026-09-24 12:34:41,SCADA / ICS Telemetry Anomaly,Medium,AST-006-06,55,No,Closed,False,1,False
ALT-2026-00637,CSE-006,Central Metro Rail,Urban Mass Transit,2026-09-18 12:38:41,Perimeter Boundary Scanning,Low,AST-006-03,16,No,Closed,False,1,False
ALT-2026-00638,CSE-002,Apex National Bank,Banking & Finance,2026-09-26 10:03:41,Data Exfiltration Attempt,Low,AST-002-04,116,No,Closed,False,1,False
ALT-2026-00639,CSE-001,National Power Grid Corporation,Power & Energy,2026-09-26 11:13:41,Authentication & Brute Force,Medium,AST-001-03,54,Yes,Closed,False,1,False
ALT-2026-00640,CSE-006,Central Metro Rail,Urban Mass Transit,2026-09-20 15:25:41,Malware & C2 Beaconing,High,AST-006-02,400,Yes,Closed,False,1,False
ALT-2026-00641,CSE-004,Metro Airport Authority,Civil Aviation,2026-09-07 13:08:41,Authentication & Brute Force,Medium,AST-004-05,111,Yes,Closed,False,1,False
ALT-2026-00642,CSE-004,Metro Airport Authority,Civil Aviation,2026-09-26 08:10:41,Malware & C2 Beaconing,High,AST-004-01,2,No,Closed,True,1,False
ALT-2026-00643,CSE-005,Eastern Port Trust,Maritime Logistics,2026-09-22 21:15:41,Data Exfiltration Attempt,High,AST-005-03,224,Yes,Closed,False,1,False
ALT-2026-00644,CSE-002,Apex National Bank,Banking & Finance,2026-09-01 23:23:41,Data Exfiltration Attempt,Medium,AST-002-02,23,No,Closed,False,1,False
ALT-2026-00645,CSE-002,Apex National Bank,Banking & Finance,2026-08-30 07:02:41,Authentication & Brute Force,Low,AST-002-06,27,No,Closed,False,1,False
ALT-2026-00646,CSE-002,Apex National Bank,Banking & Finance,2026-09-14 19:06:41,SCADA / ICS Telemetry Anomaly,Low,AST-002-03,63,No,Closed,False,1,False
ALT-2026-00647,CSE-004,Metro Airport Authority,Civil Aviation,2026-09-26 00:04:41,Service Principal Anomaly,Medium,AST-004-04,105,No,Closed,False,1,False
ALT-2026-00648,CSE-004,Metro Airport Authority,Civil Aviation,2026-09-20 01:34:41,Privilege Escalation,Medium,AST-004-01,71,No,Closed,False,1,False
ALT-2026-00649,CSE-007,National Highway Authority,Transportation,2026-09-04 00:29:41,Perimeter Boundary Scanning,High,AST-007-06,390,Yes,Closed,False,1,False
ALT-2026-00650,CSE-001,National Power Grid Corporation,Power & Energy,2026-09-26 11:47:41,Lateral Movement,Medium,AST-001-03,28,No,Closed,False,1,False
ALT-2026-00651,CSE-003,Bharat Telecom Ltd,Telecommunications,2026-09-22 20:18:41,Lateral Movement,Critical,AST-003-03,474,Yes,Closed,False,-1,True
ALT-2026-00652,CSE-006,Central Metro Rail,Urban Mass Transit,2026-09-10 03:41:41,Privilege Escalation,Critical,AST-006-06,277,Yes,Closed,False,1,False
ALT-2026-00653,CSE-001,National Power Grid Corporation,Power & Energy,2026-09-25 17:09:41,Malware & C2 Beaconing,Medium,AST-001-03,18,No,Closed,False,1,False
ALT-2026-00654,CSE-005,Eastern Port Trust,Maritime Logistics,2026-09-26 13:30:41,Service Principal Anomaly,Medium,AST-005-03,40,No,Closed,False,1,False
ALT-2026-00655,CSE-007,National Highway Authority,Transportation,2026-09-11 23:11:41,Authentication & Brute Force,Low,AST-007-04,30,No,Closed,False,1,False
ALT-2026-00657,CSE-005,Eastern Port Trust,Maritime Logistics,2026-09-08 00:30:41,Service Principal Anomaly,Medium,AST-005-05,35,No,Closed,False,1,False
ALT-2026-00658,CSE-003,Bharat Telecom Ltd,Telecommunications,2026-09-05 06:52:41,Authentication & Brute Force,Critical,AST-003-06,68,Yes,Closed,False,-1,True
ALT-2026-00659,CSE-004,Metro Airport Authority,Civil Aviation,2026-09-26 02:50:41,Perimeter Boundary Scanning,High,AST-004-02,2,No,Closed,True,1,False
ALT-2026-00660,CSE-003,Bharat Telecom Ltd,Telecommunications,2026-09-11 13:14:41,Malware & C2 Beaconing,Low,AST-003-04,29,Yes,Closed,False,1,False
ALT-2026-00661,CSE-007,National Highway Authority,Transportation,2026-09-15 21:40:41,Lateral Movement,High,AST-007-05,401,Yes,Closed,False,1,False
ALT-2026-00662,CSE-003,Bharat Telecom Ltd,Telecommunications,2026-09-11 12:21:41,Service Principal Anomaly,Critical,AST-003-05,390,Yes,Closed,False,1,False
ALT-2026-00663,CSE-003,Bharat Telecom Ltd,Telecommunications,2026-09-16 09:41:41,Malware & C2 Beaconing,Low,AST-003-04,83,No,Closed,False,1,False
ALT-2026-00664,CSE-002,Apex National Bank,Banking & Finance,2026-09-09 17:07:41,Malware & C2 Beaconing,Medium,AST-002-02,49,No,Closed,False,1,False
ALT-2026-00665,CSE-007,National Highway Authority,Transportation,2026-09-26 19:20:41,Privilege Escalation,Medium,AST-007-04,53,No,Closed,False,1,False
ALT-2026-00666,CSE-005,Eastern Port Trust,Maritime Logistics,2026-09-13 01:30:41,SCADA / ICS Telemetry Anomaly,Low,AST-005-06,95,No,Closed,False,1,False
ALT-2026-00667,CSE-006,Central Metro Rail,Urban Mass Transit,2026-08-30 01:55:41,Lateral Movement,Low,AST-006-02,108,No,Closed,False,1,False
ALT-2026-00668,CSE-002,Apex National Bank,Banking & Finance,2026-09-05 18:24:41,Privilege Escalation,Low,AST-002-04,67,No,Closed,False,1,False
ALT-2026-00669,CSE-007,National Highway Authority,Transportation,2026-09-19 20:02:41,Privilege Escalation,Medium,AST-007-02,45,Yes,Closed,False,1,False
ALT-2026-00670,CSE-007,National Highway Authority,Transportation,2026-09-20 01:41:41,Lateral Movement,High,AST-007-03,63,No,Closed,False,1,False
ALT-2026-00671,CSE-005,Eastern Port Trust,Maritime Logistics,2026-09-23 19:18:41,Authentication & Brute Force,Low,AST-005-05,77,Yes,Closed,False,1,False
ALT-2026-00672,CSE-007,National Highway Authority,Transportation,2026-09-27 02:15:41,Perimeter Boundary Scanning,Medium,AST-007-01,26,No,Closed,False,1,False
ALT-2026-00673,CSE-006,Central Metro Rail,Urban Mass Transit,2026-09-13 12:39:41,Privilege Escalation,Medium,AST-006-05,26,Yes,Closed,False,1,False
ALT-2026-00674,CSE-004,Metro Airport Authority,Civil Aviation,2026-09-03 16:25:41,Data Exfiltration Attempt,Low,AST-004-04,42,Yes,Closed,False,-1,True
ALT-2026-00675,CSE-007,National Highway Authority,Transportation,2026-09-11 14:41:41,Perimeter Boundary Scanning,Medium,AST-007-02,29,No,Closed,False,1,False
ALT-2026-00676,CSE-004,Metro Airport Authority,Civil Aviation,2026-09-07 04:20:41,Privilege Escalation,Critical,AST-004-06,11,No,Closed,True,1,False
ALT-2026-00677,CSE-007,National Highway Authority,Transportation,2026-08-30 14:28:41,Data Exfiltration Attempt,High,AST-007-05,241,No,Closed,False,1,False
ALT-2026-00678,CSE-002,Apex National Bank,Banking & Finance,2026-09-02 01:48:41,Authentication & Brute Force,Low,AST-002-02,65,No,Closed,False,1,False
ALT-2026-00679,CSE-002,Apex National Bank,Banking & Finance,2026-09-02 10:14:41,Service Principal Anomaly,Medium,AST-002-01,118,No,Closed,False,1,False
ALT-2026-00680,CSE-007,National Highway Authority,Transportation,2026-08-30 00:42:41,Lateral Movement,Low,AST-007-06,57,No,Closed,False,1,False
ALT-2026-00681,CSE-005,Eastern Port Trust,Maritime Logistics,2026-09-27 04:46:41,Perimeter Boundary Scanning,Medium,AST-005-06,18,No,Closed,False,1,False
ALT-2026-00682,CSE-001,National Power Grid Corporation,Power & Energy,2026-09-17 09:32:41,Privilege Escalation,High,AST-001-02,3,No,Closed,True,1,False
ALT-2026-00683,CSE-006,Central Metro Rail,Urban Mass Transit,2026-09-04 19:24:41,SCADA / ICS Telemetry Anomaly,Low,AST-006-06,102,No,Closed,False,1,False
ALT-2026-00684,CSE-003,Bharat Telecom Ltd,Telecommunications,2026-09-23 18:35:41,Perimeter Boundary Scanning,Medium,AST-003-05,40,No,Closed,False,1,False
ALT-2026-00685,CSE-001,National Power Grid Corporation,Power & Energy,2026-08-30 15:13:41,Data Exfiltration Attempt,Low,AST-001-04,74,No,Closed,False,1,False
ALT-2026-00686,CSE-004,Metro Airport Authority,Civil Aviation,2026-09-10 08:03:41,Malware & C2 Beaconing,Low,AST-004-06,36,Yes,Closed,False,1,False
ALT-2026-00687,CSE-001,National Power Grid Corporation,Power & Energy,2026-09-21 17:59:41,Data Exfiltration Attempt,Low,AST-001-02,119,No,Closed,False,1,False
ALT-2026-00688,CSE-007,National Highway Authority,Transportation,2026-09-22 20:59:41,Privilege Escalation,Medium,AST-007-03,39,No,Closed,False,1,False
ALT-2026-00689,CSE-002,Apex National Bank,Banking & Finance,2026-09-10 01:14:41,Data Exfiltration Attempt,High,AST-002-01,12,No,Closed,True,1,False
ALT-2026-00690,CSE-002,Apex National Bank,Banking & Finance,2026-09-02 05:28:41,Lateral Movement,Medium,AST-002-01,106,No,Closed,False,1,False
ALT-2026-00691,CSE-001,National Power Grid Corporation,Power & Energy,2026-09-28 05:13:41,Data Exfiltration Attempt,Medium,AST-001-03,60,No,Closed,False,1,False
ALT-2026-00692,CSE-005,Eastern Port Trust,Maritime Logistics,2026-09-17 06:47:41,Perimeter Boundary Scanning,Critical,AST-005-04,331,Yes,Closed,False,1,False
ALT-2026-00693,CSE-003,Bharat Telecom Ltd,Telecommunications,2026-09-01 02:04:41,Malware & C2 Beaconing,High,AST-003-02,316,No,Closed,False,1,False
ALT-2026-00694,CSE-007,National Highway Authority,Transportation,2026-09-03 07:25:41,Perimeter Boundary Scanning,Low,AST-007-03,51,No,Closed,False,1,False
ALT-2026-00695,CSE-002,Apex National Bank,Banking & Finance,2026-09-18 16:41:41,SCADA / ICS Telemetry Anomaly,Medium,AST-002-01,99,No,Closed,False,1,False
ALT-2026-00696,CSE-002,Apex National Bank,Banking & Finance,2026-09-28 00:56:41,SCADA / ICS Telemetry Anomaly,Medium,AST-002-04,70,No,Closed,False,1,False
ALT-2026-00697,CSE-006,Central Metro Rail,Urban Mass Transit,2026-09-12 00:43:41,Service Principal Anomaly,Critical,AST-006-03,413,Yes,Closed,False,1,False
ALT-2026-00698,CSE-007,National Highway Authority,Transportation,2026-09-23 16:40:41,Privilege Escalation,Medium,AST-007-05,99,No,Closed,False,1,False
ALT-2026-00699,CSE-004,Metro Airport Authority,Civil Aviation,2026-08-31 13:57:41,Service Principal Anomaly,Medium,AST-004-03,57,No,Closed,False,1,False
ALT-2026-00700,CSE-001,National Power Grid Corporation,Power & Energy,2026-09-03 06:03:41,Authentication & Brute Force,Critical,AST-001-06,13,No,Closed,True,1,False
ALT-2026-00702,CSE-007,National Highway Authority,Transportation,2026-09-09 06:52:41,Authentication & Brute Force,Medium,AST-007-02,85,No,Closed,False,1,False
ALT-2026-00703,CSE-007,National Highway Authority,Transportation,2026-09-02 04:07:41,Authentication & Brute Force,Low,AST-007-03,35,No,Closed,False,1,False
ALT-2026-00704,CSE-007,National Highway Authority,Transportation,2026-09-15 16:21:41,Privilege Escalation,Low,AST-007-02,92,No,Closed,False,1,False
ALT-2026-00705,CSE-004,Metro Airport Authority,Civil Aviation,2026-09-01 03:42:41,Privilege Escalation,Medium,AST-004-04,69,No,Closed,False,1,False
ALT-2026-00706,CSE-004,Metro Airport Authority,Civil Aviation,2026-09-27 14:40:41,Perimeter Boundary Scanning,Low,AST-004-05,101,No,Closed,False,1,False
ALT-2026-00707,CSE-006,Central Metro Rail,Urban Mass Transit,2026-09-13 13:54:41,Service Principal Anomaly,High,AST-006-02,455,Yes,Closed,False,-1,True
ALT-2026-00708,CSE-004,Metro Airport Authority,Civil Aviation,2026-09-19 22:09:41,Malware & C2 Beaconing,Low,AST-004-06,80,No,Closed,False,1,False
ALT-2026-00709,CSE-005,Eastern Port Trust,Maritime Logistics,2026-09-03 07:50:41,Privilege Escalation,Medium,AST-005-02,113,Yes,Closed,False,1,False
ALT-2026-00710,CSE-004,Metro Airport Authority,Civil Aviation,2026-09-28 13:46:41,Privilege Escalation,High,AST-004-06,13,No,Closed,True,1,False
ALT-2026-00711,CSE-005,Eastern Port Trust,Maritime Logistics,2026-09-04 07:51:41,SCADA / ICS Telemetry Anomaly,High,AST-005-05,85,No,Closed,False,1,False
ALT-2026-00712,CSE-001,National Power Grid Corporation,Power & Energy,2026-09-17 13:12:41,SCADA / ICS Telemetry Anomaly,Medium,AST-001-05,73,No,Closed,False,1,False
ALT-2026-00713,CSE-005,Eastern Port Trust,Maritime Logistics,2026-09-17 17:29:41,Lateral Movement,Low,AST-005-06,26,Yes,Closed,False,1,False
ALT-2026-00714,CSE-007,National Highway Authority,Transportation,2026-09-29 09:42:41,SCADA / ICS Telemetry Anomaly,Medium,AST-007-03,70,No,Closed,False,1,False
ALT-2026-00715,CSE-004,Metro Airport Authority,Civil Aviation,2026-09-25 00:45:41,Authentication & Brute Force,Critical,AST-004-04,4,No,Closed,True,1,False
ALT-2026-00716,CSE-007,National Highway Authority,Transportation,2026-09-14 21:57:41,Data Exfiltration Attempt,High,AST-007-06,469,Yes,Closed,False,-1,True
ALT-2026-00717,CSE-006,Central Metro Rail,Urban Mass Transit,2026-09-16 02:18:41,Service Principal Anomaly,Medium,AST-006-04,91,No,Closed,False,1,False
ALT-2026-00719,CSE-003,Bharat Telecom Ltd,Telecommunications,2026-08-31 19:46:41,Service Principal Anomaly,Critical,AST-003-02,363,Yes,Closed,False,1,False
ALT-2026-00720,CSE-006,Central Metro Rail,Urban Mass Transit,2026-09-23 00:50:41,Service Principal Anomaly,High,AST-006-03,157,No,Closed,False,1,False
ALT-2026-00721,CSE-006,Central Metro Rail,Urban Mass Transit,2026-09-17 02:19:41,Perimeter Boundary Scanning,Medium,AST-006-06,117,Yes,Closed,False,1,False
ALT-2026-00722,CSE-001,National Power Grid Corporation,Power & Energy,2026-09-08 01:04:41,SCADA / ICS Telemetry Anomaly,High,AST-001-04,11,No,Closed,True,1,False
ALT-2026-00723,CSE-003,Bharat Telecom Ltd,Telecommunications,2026-09-22 09:37:41,Authentication & Brute Force,Low,AST-003-05,60,No,Closed,False,1,False
ALT-2026-00724,CSE-007,National Highway Authority,Transportation,2026-09-27 05:45:41,Malware & C2 Beaconing,Medium,AST-007-01,30,No,Closed,False,1,False
ALT-2026-00725,CSE-005,Eastern Port Trust,Maritime Logistics,2026-09-21 11:18:41,Malware & C2 Beaconing,Medium,AST-005-05,71,No,Closed,False,1,False
ALT-2026-00726,CSE-007,National Highway Authority,Transportation,2026-09-02 12:20:41,Authentication & Brute Force,Medium,AST-007-06,36,No,Closed,False,1,False
ALT-2026-00727,CSE-006,Central Metro Rail,Urban Mass Transit,2026-09-14 23:41:41,Malware & C2 Beaconing,High,AST-006-04,231,Yes,Closed,False,1,False
ALT-2026-00728,CSE-007,National Highway Authority,Transportation,2026-09-29 08:19:41,Service Principal Anomaly,High,AST-007-06,303,No,Closed,False,1,False
ALT-2026-00729,CSE-002,Apex National Bank,Banking & Finance,2026-09-24 23:46:41,Data Exfiltration Attempt,Critical,AST-002-04,8,No,Closed,True,1,False
ALT-2026-00730,CSE-005,Eastern Port Trust,Maritime Logistics,2026-09-03 18:49:41,Authentication & Brute Force,High,AST-005-03,439,No,Closed,False,1,False
ALT-2026-00731,CSE-004,Metro Airport Authority,Civil Aviation,2026-09-05 10:45:41,Authentication & Brute Force,High,AST-004-01,2,No,Closed,True,1,False
ALT-2026-00732,CSE-006,Central Metro Rail,Urban Mass Transit,2026-09-03 18:16:41,Privilege Escalation,High,AST-006-01,393,No,Closed,False,1,False
ALT-2026-00733,CSE-003,Bharat Telecom Ltd,Telecommunications,2026-08-31 23:33:41,SCADA / ICS Telemetry Anomaly,Medium,AST-003-06,72,No,Closed,False,1,False
ALT-2026-00734,CSE-007,National Highway Authority,Transportation,2026-09-23 07:07:41,Authentication & Brute Force,Medium,AST-007-05,64,No,Closed,False,1,False
ALT-2026-00735,CSE-002,Apex National Bank,Banking & Finance,2026-09-26 23:37:41,Privilege Escalation,Medium,AST-002-03,111,Yes,Closed,False,1,False
ALT-2026-00736,CSE-004,Metro Airport Authority,Civil Aviation,2026-09-13 12:26:41,Authentication & Brute Force,Low,AST-004-04,48,No,Closed,False,1,False
ALT-2026-00737,CSE-005,Eastern Port Trust,Maritime Logistics,2026-09-06 15:43:41,Perimeter Boundary Scanning,Low,AST-005-03,118,No,Closed,False,1,False
ALT-2026-00738,CSE-006,Central Metro Rail,Urban Mass Transit,2026-09-03 17:36:41,SCADA / ICS Telemetry Anomaly,Medium,AST-006-04,81,Yes,Closed,False,1,False
ALT-2026-00739,CSE-002,Apex National Bank,Banking & Finance,2026-09-07 02:19:41,Lateral Movement,Critical,AST-002-04,2,No,Closed,True,1,False
ALT-2026-00740,CSE-004,Metro Airport Authority,Civil Aviation,2026-09-27 04:29:41,Lateral Movement,Medium,AST-004-04,81,No,Closed,False,1,False
ALT-2026-00741,CSE-004,Metro Airport Authority,Civil Aviation,2026-09-06 02:20:41,SCADA / ICS Telemetry Anomaly,Critical,AST-004-04,4,No,Closed,True,1,False
ALT-2026-00742,CSE-006,Central Metro Rail,Urban Mass Transit,2026-09-13 00:05:41,Data Exfiltration Attempt,Medium,AST-006-05,19,No,Closed,False,1,False
ALT-2026-00743,CSE-004,Metro Airport Authority,Civil Aviation,2026-09-26 12:49:41,Privilege Escalation,Critical,AST-004-03,4,No,Closed,True,1,False
ALT-2026-00744,CSE-003,Bharat Telecom Ltd,Telecommunications,2026-09-20 01:11:41,SCADA / ICS Telemetry Anomaly,Critical,AST-003-02,346,No,Closed,False,-1,True
ALT-2026-00745,CSE-006,Central Metro Rail,Urban Mass Transit,2026-09-14 16:05:41,Perimeter Boundary Scanning,Critical,AST-006-04,67,Yes,Closed,False,-1,True
ALT-2026-00746,CSE-007,National Highway Authority,Transportation,2026-09-05 21:04:41,SCADA / ICS Telemetry Anomaly,Medium,AST-007-01,73,No,Closed,False,1,False
ALT-2026-00747,CSE-005,Eastern Port Trust,Maritime Logistics,2026-09-07 20:46:41,Lateral Movement,High,AST-005-06,247,Yes,Closed,False,1,False
ALT-2026-00748,CSE-007,National Highway Authority,Transportation,2026-09-23 18:11:41,Privilege Escalation,Medium,AST-007-05,30,Yes,Closed,False,1,False
ALT-2026-00749,CSE-007,National Highway Authority,Transportation,2026-09-13 23:15:41,Authentication & Brute Force,Critical,AST-007-06,317,Yes,Closed,False,1,False
ALT-2026-00750,CSE-005,Eastern Port Trust,Maritime Logistics,2026-09-15 13:21:41,Perimeter Boundary Scanning,High,AST-005-02,68,No,Closed,False,1,False
ALT-2026-00751,CSE-001,National Power Grid Corporation,Power & Energy,2026-09-01 23:52:41,Lateral Movement,High,AST-001-02,3,No,Closed,True,1,False
ALT-2026-00752,CSE-002,Apex National Bank,Banking & Finance,2026-09-24 07:23:41,Malware & C2 Beaconing,High,AST-002-05,8,No,Closed,True,1,False
ALT-2026-00753,CSE-002,Apex National Bank,Banking & Finance,2026-09-28 18:09:41,Privilege Escalation,High,AST-002-03,7,No,Closed,True,1,False
ALT-2026-00754,CSE-004,Metro Airport Authority,Civil Aviation,2026-08-30 13:09:41,Data Exfiltration Attempt,High,AST-004-04,11,No,Closed,True,1,False
ALT-2026-00755,CSE-007,National Highway Authority,Transportation,2026-09-13 04:05:41,Privilege Escalation,Critical,AST-007-06,282,Yes,Closed,False,1,False
ALT-2026-00756,CSE-001,National Power Grid Corporation,Power & Energy,2026-09-20 22:35:41,Malware & C2 Beaconing,High,AST-001-05,10,No,Closed,True,1,False
ALT-2026-00757,CSE-004,Metro Airport Authority,Civil Aviation,2026-09-26 19:40:41,Data Exfiltration Attempt,Medium,AST-004-04,33,No,Closed,False,1,False
ALT-2026-00758,CSE-005,Eastern Port Trust,Maritime Logistics,2026-09-15 15:12:41,Service Principal Anomaly,Low,AST-005-04,94,No,Closed,False,1,False
ALT-2026-00759,CSE-005,Eastern Port Trust,Maritime Logistics,2026-09-20 18:48:41,Perimeter Boundary Scanning,Low,AST-005-06,42,No,Closed,False,1,False
ALT-2026-00760,CSE-005,Eastern Port Trust,Maritime Logistics,2026-09-27 07:07:41,Lateral Movement,Medium,AST-005-05,32,No,Closed,False,1,False
ALT-2026-00761,CSE-007,National Highway Authority,Transportation,2026-09-18 18:51:41,Privilege Escalation,Low,AST-007-02,105,Yes,Closed,False,-1,True
ALT-2026-00762,CSE-005,Eastern Port Trust,Maritime Logistics,2026-09-19 15:14:41,SCADA / ICS Telemetry Anomaly,Medium,AST-005-04,15,Yes,Closed,False,1,False
ALT-2026-00763,CSE-006,Central Metro Rail,Urban Mass Transit,2026-09-07 00:24:41,Lateral Movement,Medium,AST-006-06,115,No,Closed,False,1,False
ALT-2026-00764,CSE-003,Bharat Telecom Ltd,Telecommunications,2026-09-03 03:20:41,Perimeter Boundary Scanning,High,AST-003-04,474,No,Closed,False,-1,True
ALT-2026-00765,CSE-002,Apex National Bank,Banking & Finance,2026-09-15 15:58:41,Authentication & Brute Force,Medium,AST-002-06,102,No,Closed,False,1,False
ALT-2026-00766,CSE-002,Apex National Bank,Banking & Finance,2026-09-14 05:10:41,Privilege Escalation,Medium,AST-002-01,105,Yes,Closed,False,1,False
ALT-2026-00767,CSE-003,Bharat Telecom Ltd,Telecommunications,2026-09-10 23:41:41,SCADA / ICS Telemetry Anomaly,Medium,AST-003-05,99,No,Closed,False,1,False
ALT-2026-00768,CSE-006,Central Metro Rail,Urban Mass Transit,2026-09-27 11:56:41,Data Exfiltration Attempt,Low,AST-006-05,108,Yes,Closed,False,-1,True
ALT-2026-00769,CSE-006,Central Metro Rail,Urban Mass Transit,2026-09-12 02:12:41,Lateral Movement,Medium,AST-006-03,98,No,Closed,False,1,False
ALT-2026-00770,CSE-006,Central Metro Rail,Urban Mass Transit,2026-09-13 01:41:41,Perimeter Boundary Scanning,Medium,AST-006-05,20,Yes,Closed,False,1,False
ALT-2026-00771,CSE-003,Bharat Telecom Ltd,Telecommunications,2026-09-29 04:00:41,Perimeter Boundary Scanning,Critical,AST-003-02,337,Yes,Closed,False,1,False
ALT-2026-00772,CSE-002,Apex National Bank,Banking & Finance,2026-09-19 07:08:41,Malware & C2 Beaconing,Critical,AST-002-06,8,No,Closed,True,1,False
ALT-2026-00773,CSE-003,Bharat Telecom Ltd,Telecommunications,2026-09-03 07:57:41,Malware & C2 Beaconing,Medium,AST-003-05,58,No,Closed,False,1,False
ALT-2026-00774,CSE-004,Metro Airport Authority,Civil Aviation,2026-09-05 12:32:41,Service Principal Anomaly,Medium,AST-004-06,25,No,Closed,False,1,False
ALT-2026-00775,CSE-007,National Highway Authority,Transportation,2026-09-25 14:14:41,Service Principal Anomaly,Critical,AST-007-01,357,Yes,Closed,False,1,False
ALT-2026-00776,CSE-007,National Highway Authority,Transportation,2026-09-17 04:06:41,Lateral Movement,High,AST-007-04,351,No,Closed,False,1,False
ALT-2026-00777,CSE-004,Metro Airport Authority,Civil Aviation,2026-08-31 20:33:41,Malware & C2 Beaconing,High,AST-004-05,12,No,Closed,True,1,False
ALT-2026-00778,CSE-005,Eastern Port Trust,Maritime Logistics,2026-09-23 13:06:41,Authentication & Brute Force,Medium,AST-005-03,23,No,Closed,False,1,False
ALT-2026-00779,CSE-004,Metro Airport Authority,Civil Aviation,2026-09-13 16:33:41,Service Principal Anomaly,High,AST-004-02,4,No,Closed,True,1,False
ALT-2026-00780,CSE-005,Eastern Port Trust,Maritime Logistics,2026-09-15 23:31:41,Perimeter Boundary Scanning,High,AST-005-03,322,Yes,Closed,False,1,False
ALT-2026-00782,CSE-004,Metro Airport Authority,Civil Aviation,2026-09-18 10:00:41,Data Exfiltration Attempt,Medium,AST-004-05,58,No,Closed,False,1,False
ALT-2026-00784,CSE-006,Central Metro Rail,Urban Mass Transit,2026-09-21 17:58:41,Service Principal Anomaly,Medium,AST-006-02,45,No,Closed,False,1,False
ALT-2026-00785,CSE-002,Apex National Bank,Banking & Finance,2026-09-03 15:49:41,Authentication & Brute Force,Critical,AST-002-02,2,No,Closed,True,1,False
ALT-2026-00786,CSE-004,Metro Airport Authority,Civil Aviation,2026-09-22 19:35:41,Perimeter Boundary Scanning,Critical,AST-004-03,2,No,Closed,True,1,False
ALT-2026-00787,CSE-002,Apex National Bank,Banking & Finance,2026-09-01 07:26:41,SCADA / ICS Telemetry Anomaly,High,AST-002-02,10,No,Closed,True,1,False
ALT-2026-00788,CSE-002,Apex National Bank,Banking & Finance,2026-09-03 07:14:41,Malware & C2 Beaconing,Critical,AST-002-06,12,No,Closed,True,1,False
ALT-2026-00789,CSE-001,National Power Grid Corporation,Power & Energy,2026-09-19 09:53:41,Service Principal Anomaly,High,AST-001-02,14,No,Closed,True,1,False
ALT-2026-00790,CSE-007,National Highway Authority,Transportation,2026-09-10 02:16:41,Malware & C2 Beaconing,Critical,AST-007-03,111,Yes,Closed,False,1,False
ALT-2026-00791,CSE-004,Metro Airport Authority,Civil Aviation,2026-09-09 08:14:41,Authentication & Brute Force,Medium,AST-004-02,90,No,Closed,False,1,False
ALT-2026-00792,CSE-006,Central Metro Rail,Urban Mass Transit,2026-09-04 07:17:41,SCADA / ICS Telemetry Anomaly,Low,AST-006-06,89,Yes,Closed,False,1,False
ALT-2026-00793,CSE-001,National Power Grid Corporation,Power & Energy,2026-09-23 23:48:41,Perimeter Boundary Scanning,Medium,AST-001-04,74,No,Closed,False,1,False
ALT-2026-00794,CSE-005,Eastern Port Trust,Maritime Logistics,2026-09-16 19:14:41,Authentication & Brute Force,High,AST-005-04,148,Yes,Closed,False,1,False
ALT-2026-00795,CSE-004,Metro Airport Authority,Civil Aviation,2026-09-11 10:13:41,Perimeter Boundary Scanning,High,AST-004-01,3,No,Closed,True,1,False
ALT-2026-00796,CSE-004,Metro Airport Authority,Civil Aviation,2026-09-13 04:58:41,Authentication & Brute Force,Medium,AST-004-03,94,No,Closed,False,1,False
ALT-2026-00797,CSE-004,Metro Airport Authority,Civil Aviation,2026-09-19 07:48:41,Authentication & Brute Force,High,AST-004-01,5,No,Closed,True,1,False
ALT-2026-00798,CSE-001,National Power Grid Corporation,Power & Energy,2026-09-19 23:40:41,Malware & C2 Beaconing,Medium,AST-001-02,44,Yes,Closed,False,1,False
ALT-2026-00799,CSE-002,Apex National Bank,Banking & Finance,2026-09-08 05:56:41,Privilege Escalation,Medium,AST-002-03,113,No,Closed,False,1,False
ALT-2026-00800,CSE-007,National Highway Authority,Transportation,2026-09-20 06:20:41,Perimeter Boundary Scanning,Medium,AST-007-06,66,No,Closed,False,1,False
ALT-2026-00801,CSE-007,National Highway Authority,Transportation,2026-08-30 11:17:41,Lateral Movement,High,AST-007-03,415,No,Closed,False,1,False
ALT-2026-00802,CSE-001,National Power Grid Corporation,Power & Energy,2026-09-19 09:45:41,Lateral Movement,High,AST-001-03,9,No,Closed,True,1,False
ALT-2026-00803,CSE-005,Eastern Port Trust,Maritime Logistics,2026-09-02 11:53:41,Authentication & Brute Force,Medium,AST-005-06,99,No,Closed,False,1,False
ALT-2026-00804,CSE-004,Metro Airport Authority,Civil Aviation,2026-09-04 17:38:41,Privilege Escalation,High,AST-004-01,2,No,Closed,True,1,False
ALT-2026-00805,CSE-002,Apex National Bank,Banking & Finance,2026-09-25 05:36:41,Lateral Movement,Low,AST-002-04,41,Yes,Closed,False,1,False
ALT-2026-00806,CSE-003,Bharat Telecom Ltd,Telecommunications,2026-09-11 01:32:41,Privilege Escalation,Critical,AST-003-02,98,Yes,Closed,False,-1,True
ALT-2026-00807,CSE-001,National Power Grid Corporation,Power & Energy,2026-08-31 03:54:41,Data Exfiltration Attempt,High,AST-001-04,12,No,Closed,True,1,False
ALT-2026-00808,CSE-003,Bharat Telecom Ltd,Telecommunications,2026-09-13 16:02:41,Perimeter Boundary Scanning,Low,AST-003-04,67,No,Closed,False,1,False
ALT-2026-00809,CSE-006,Central Metro Rail,Urban Mass Transit,2026-09-27 03:15:41,Data Exfiltration Attempt,Critical,AST-006-05,150,Yes,Closed,False,1,False
ALT-2026-00810,CSE-003,Bharat Telecom Ltd,Telecommunications,2026-09-11 09:40:41,Service Principal Anomaly,High,AST-003-05,48,No,Closed,False,1,False
ALT-2026-00811,CSE-005,Eastern Port Trust,Maritime Logistics,2026-09-01 00:43:41,Service Principal Anomaly,Medium,AST-005-06,109,No,Closed,False,1,False
ALT-2026-00812,CSE-006,Central Metro Rail,Urban Mass Transit,2026-09-04 06:47:41,SCADA / ICS Telemetry Anomaly,High,AST-006-06,136,No,Closed,False,1,False
ALT-2026-00813,CSE-006,Central Metro Rail,Urban Mass Transit,2026-09-11 12:47:41,Authentication & Brute Force,High,AST-006-06,125,No,Closed,False,1,False
ALT-2026-00814,CSE-006,Central Metro Rail,Urban Mass Transit,2026-09-01 09:14:41,Service Principal Anomaly,High,AST-006-05,435,No,Closed,False,1,False
ALT-2026-00815,CSE-007,National Highway Authority,Transportation,2026-09-19 02:44:41,SCADA / ICS Telemetry Anomaly,High,AST-007-03,304,Yes,Closed,False,1,False
ALT-2026-00816,CSE-004,Metro Airport Authority,Civil Aviation,2026-09-02 09:47:41,Authentication & Brute Force,Critical,AST-004-06,3,No,Closed,True,1,False
ALT-2026-00817,CSE-004,Metro Airport Authority,Civil Aviation,2026-09-14 02:08:41,Malware & C2 Beaconing,Medium,AST-004-02,46,No,Closed,False,1,False
ALT-2026-00818,CSE-007,National Highway Authority,Transportation,2026-09-28 21:06:41,SCADA / ICS Telemetry Anomaly,High,AST-007-02,318,Yes,Closed,False,1,False
ALT-2026-00819,CSE-003,Bharat Telecom Ltd,Telecommunications,2026-09-24 09:27:41,Authentication & Brute Force,Low,AST-003-06,83,No,Closed,False,1,False
ALT-2026-00820,CSE-004,Metro Airport Authority,Civil Aviation,2026-09-27 21:12:41,Authentication & Brute Force,Medium,AST-004-01,113,Yes,Closed,False,1,False
ALT-2026-00821,CSE-004,Metro Airport Authority,Civil Aviation,2026-09-29 15:51:41,Data Exfiltration Attempt,Medium,AST-004-01,23,No,Closed,False,1,False
ALT-2026-00823,CSE-003,Bharat Telecom Ltd,Telecommunications,2026-09-19 11:12:41,Lateral Movement,Medium,AST-003-06,16,No,Closed,False,1,False
ALT-2026-00824,CSE-003,Bharat Telecom Ltd,Telecommunications,2026-09-28 13:16:41,Data Exfiltration Attempt,High,AST-003-05,437,No,Closed,False,1,False
ALT-2026-00825,CSE-003,Bharat Telecom Ltd,Telecommunications,2026-08-30 12:34:41,Perimeter Boundary Scanning,Low,AST-003-02,104,No,Closed,False,1,False
ALT-2026-00826,CSE-007,National Highway Authority,Transportation,2026-08-31 17:52:41,Service Principal Anomaly,Critical,AST-007-06,54,Yes,Closed,False,-1,True
ALT-2026-00827,CSE-002,Apex National Bank,Banking & Finance,2026-09-12 21:27:41,Authentication & Brute Force,High,AST-002-02,11,No,Closed,True,1,False
ALT-2026-00828,CSE-004,Metro Airport Authority,Civil Aviation,2026-09-05 08:33:41,Malware & C2 Beaconing,Critical,AST-004-02,7,No,Closed,True,1,False
ALT-2026-00829,CSE-004,Metro Airport Authority,Civil Aviation,2026-09-22 20:10:41,Data Exfiltration Attempt,Low,AST-004-03,91,No,Closed,False,1,False
ALT-2026-00830,CSE-006,Central Metro Rail,Urban Mass Transit,2026-09-04 14:39:41,Lateral Movement,Medium,AST-006-02,51,Yes,Closed,False,1,False
ALT-2026-00831,CSE-005,Eastern Port Trust,Maritime Logistics,2026-09-27 18:57:41,Data Exfiltration Attempt,Medium,AST-005-04,63,Yes,Closed,False,1,False
ALT-2026-00832,CSE-002,Apex National Bank,Banking & Finance,2026-09-27 20:03:41,Data Exfiltration Attempt,Critical,AST-002-02,4,No,Closed,True,1,False
ALT-2026-00833,CSE-005,Eastern Port Trust,Maritime Logistics,2026-09-27 02:26:41,Service Principal Anomaly,High,AST-005-03,414,No,Closed,False,1,False
ALT-2026-00834,CSE-004,Metro Airport Authority,Civil Aviation,2026-08-29 20:00:41,Privilege Escalation,Low,AST-004-02,76,No,Closed,False,1,False
ALT-2026-00835,CSE-004,Metro Airport Authority,Civil Aviation,2026-09-15 23:33:41,Lateral Movement,Medium,AST-004-01,119,No,Closed,False,1,False
ALT-2026-00836,CSE-003,Bharat Telecom Ltd,Telecommunications,2026-09-09 23:03:41,SCADA / ICS Telemetry Anomaly,High,AST-003-03,282,No,Closed,False,1,False
ALT-2026-00837,CSE-006,Central Metro Rail,Urban Mass Transit,2026-09-14 10:03:41,Data Exfiltration Attempt,Critical,AST-006-04,301,Yes,Closed,False,1,False
ALT-2026-00838,CSE-003,Bharat Telecom Ltd,Telecommunications,2026-09-17 00:53:41,Malware & C2 Beaconing,High,AST-003-04,64,Yes,Closed,False,-1,True
ALT-2026-00839,CSE-007,National Highway Authority,Transportation,2026-08-30 16:50:41,Service Principal Anomaly,Medium,AST-007-02,62,No,Closed,False,1,False
ALT-2026-00840,CSE-001,National Power Grid Corporation,Power & Energy,2026-08-31 04:32:41,Authentication & Brute Force,Medium,AST-001-02,97,No,Closed,False,1,False
ALT-2026-00841,CSE-005,Eastern Port Trust,Maritime Logistics,2026-08-29 18:19:41,SCADA / ICS Telemetry Anomaly,Critical,AST-005-06,439,Yes,Closed,False,1,False
ALT-2026-00842,CSE-001,National Power Grid Corporation,Power & Energy,2026-09-13 09:16:41,Lateral Movement,High,AST-001-03,8,No,Closed,True,1,False
ALT-2026-00843,CSE-005,Eastern Port Trust,Maritime Logistics,2026-09-08 03:35:41,Privilege Escalation,Medium,AST-005-06,111,No,Closed,False,1,False
ALT-2026-00844,CSE-007,National Highway Authority,Transportation,2026-09-04 04:20:41,SCADA / ICS Telemetry Anomaly,High,AST-007-02,152,No,Closed,False,1,False
ALT-2026-00845,CSE-004,Metro Airport Authority,Civil Aviation,2026-09-29 13:08:41,Lateral Movement,Medium,AST-004-02,98,No,Closed,False,1,False
ALT-2026-00846,CSE-002,Apex National Bank,Banking & Finance,2026-09-23 01:01:41,Malware & C2 Beaconing,Medium,AST-002-03,119,Yes,Closed,False,1,False
ALT-2026-00847,CSE-007,National Highway Authority,Transportation,2026-09-16 01:32:41,Malware & C2 Beaconing,Low,AST-007-01,36,Yes,Closed,False,1,False
ALT-2026-00849,CSE-001,National Power Grid Corporation,Power & Energy,2026-09-22 23:22:41,Authentication & Brute Force,High,AST-001-04,10,No,Closed,True,1,False
ALT-2026-00850,CSE-003,Bharat Telecom Ltd,Telecommunications,2026-09-10 02:51:41,Perimeter Boundary Scanning,Medium,AST-003-04,58,No,Closed,False,1,False
ALT-2026-00851,CSE-001,National Power Grid Corporation,Power & Energy,2026-09-18 05:21:41,Malware & C2 Beaconing,Critical,AST-001-02,13,No,Closed,True,1,False
ALT-2026-00853,CSE-006,Central Metro Rail,Urban Mass Transit,2026-08-30 06:11:41,Perimeter Boundary Scanning,Low,AST-006-04,118,No,Closed,False,1,False
ALT-2026-00854,CSE-005,Eastern Port Trust,Maritime Logistics,2026-09-04 13:50:41,Lateral Movement,Low,AST-005-03,75,No,Closed,False,1,False
ALT-2026-00855,CSE-002,Apex National Bank,Banking & Finance,2026-09-07 11:17:41,Authentication & Brute Force,Critical,AST-002-06,14,No,Closed,True,1,False
ALT-2026-00856,CSE-007,National Highway Authority,Transportation,2026-09-15 10:15:41,Service Principal Anomaly,Low,AST-007-06,76,Yes,Closed,False,1,False
ALT-2026-00857,CSE-001,National Power Grid Corporation,Power & Energy,2026-09-26 02:27:41,Authentication & Brute Force,High,AST-001-03,7,No,Closed,True,1,False
ALT-2026-00858,CSE-006,Central Metro Rail,Urban Mass Transit,2026-09-20 18:42:41,Malware & C2 Beaconing,Medium,AST-006-05,83,No,Closed,False,1,False
ALT-2026-00859,CSE-005,Eastern Port Trust,Maritime Logistics,2026-09-26 19:51:41,Lateral Movement,Low,AST-005-02,110,No,Closed,False,1,False
ALT-2026-00861,CSE-005,Eastern Port Trust,Maritime Logistics,2026-09-18 11:18:41,Perimeter Boundary Scanning,Low,AST-005-04,88,No,Closed,False,1,False
ALT-2026-00862,CSE-007,National Highway Authority,Transportation,2026-09-17 18:13:41,SCADA / ICS Telemetry Anomaly,Medium,AST-007-04,92,Yes,Closed,False,1,False
ALT-2026-00863,CSE-002,Apex National Bank,Banking & Finance,2026-09-03 06:19:41,Data Exfiltration Attempt,Medium,AST-002-03,73,No,Closed,False,1,False
ALT-2026-00864,CSE-006,Central Metro Rail,Urban Mass Transit,2026-09-26 07:18:41,Service Principal Anomaly,Medium,AST-006-03,42,No,Closed,False,1,False
ALT-2026-00865,CSE-007,National Highway Authority,Transportation,2026-09-07 09:18:41,Data Exfiltration Attempt,Medium,AST-007-03,21,No,Closed,False,1,False
ALT-2026-00866,CSE-006,Central Metro Rail,Urban Mass Transit,2026-08-31 11:11:41,Lateral Movement,High,AST-006-01,392,No,Closed,False,1,False
ALT-2026-00867,CSE-006,Central Metro Rail,Urban Mass Transit,2026-09-20 06:28:41,Data Exfiltration Attempt,Medium,AST-006-04,85,Yes,Closed,False,1,False
ALT-2026-00868,CSE-002,Apex National Bank,Banking & Finance,2026-09-11 11:44:41,Service Principal Anomaly,High,AST-002-06,4,No,Closed,True,1,False
ALT-2026-00869,CSE-006,Central Metro Rail,Urban Mass Transit,2026-09-09 15:49:41,Malware & C2 Beaconing,Medium,AST-006-01,33,No,Closed,False,1,False
ALT-2026-00870,CSE-004,Metro Airport Authority,Civil Aviation,2026-09-24 15:05:41,Perimeter Boundary Scanning,Medium,AST-004-02,34,No,Closed,False,1,False
ALT-2026-00871,CSE-004,Metro Airport Authority,Civil Aviation,2026-09-19 17:34:41,SCADA / ICS Telemetry Anomaly,Medium,AST-004-06,63,No,Closed,False,1,False
ALT-2026-00873,CSE-005,Eastern Port Trust,Maritime Logistics,2026-09-10 21:42:41,Privilege Escalation,Medium,AST-005-03,27,Yes,Closed,False,1,False
ALT-2026-00874,CSE-002,Apex National Bank,Banking & Finance,2026-09-26 06:08:41,SCADA / ICS Telemetry Anomaly,High,AST-002-05,13,No,Closed,True,1,False
ALT-2026-00875,CSE-005,Eastern Port Trust,Maritime Logistics,2026-09-03 23:41:41,Malware & C2 Beaconing,Medium,AST-005-06,89,No,Closed,False,1,False
ALT-2026-00877,CSE-002,Apex National Bank,Banking & Finance,2026-09-11 09:31:41,SCADA / ICS Telemetry Anomaly,Critical,AST-002-01,6,No,Closed,True,1,False
ALT-2026-00878,CSE-003,Bharat Telecom Ltd,Telecommunications,2026-09-17 23:02:41,Lateral Movement,Low,AST-003-06,99,No,Closed,False,1,False
ALT-2026-00879,CSE-004,Metro Airport Authority,Civil Aviation,2026-09-24 21:41:41,Perimeter Boundary Scanning,Medium,AST-004-02,60,No,Closed,False,1,False
ALT-2026-00880,CSE-002,Apex National Bank,Banking & Finance,2026-09-25 06:18:41,Data Exfiltration Attempt,Low,AST-002-06,92,No,Closed,False,1,False
ALT-2026-00881,CSE-004,Metro Airport Authority,Civil Aviation,2026-09-26 22:56:41,Privilege Escalation,High,AST-004-01,4,No,Closed,True,1,False
ALT-2026-00882,CSE-006,Central Metro Rail,Urban Mass Transit,2026-09-15 18:03:41,Data Exfiltration Attempt,Critical,AST-006-05,420,Yes,Closed,False,1,False
ALT-2026-00883,CSE-006,Central Metro Rail,Urban Mass Transit,2026-09-02 23:34:41,SCADA / ICS Telemetry Anomaly,High,AST-006-05,123,No,Closed,False,1,False
ALT-2026-00884,CSE-001,National Power Grid Corporation,Power & Energy,2026-09-21 12:38:41,Malware & C2 Beaconing,Medium,AST-001-03,67,No,Closed,False,1,False
ALT-2026-00885,CSE-007,National Highway Authority,Transportation,2026-09-04 08:55:41,Authentication & Brute Force,Critical,AST-007-05,158,Yes,Closed,False,1,False
ALT-2026-00886,CSE-003,Bharat Telecom Ltd,Telecommunications,2026-09-11 01:06:41,Perimeter Boundary Scanning,Medium,AST-003-03,51,No,Closed,False,1,False
ALT-2026-00887,CSE-004,Metro Airport Authority,Civil Aviation,2026-09-24 04:21:41,Lateral Movement,Medium,AST-004-02,31,No,Closed,False,1,False
ALT-2026-00888,CSE-005,Eastern Port Trust,Maritime Logistics,2026-09-06 08:09:41,Perimeter Boundary Scanning,Medium,AST-005-04,46,No,Closed,False,1,False
ALT-2026-00889,CSE-007,National Highway Authority,Transportation,2026-09-14 23:54:41,Privilege Escalation,Low,AST-007-06,81,No,Closed,False,1,False
ALT-2026-00890,CSE-001,National Power Grid Corporation,Power & Energy,2026-08-30 06:46:41,Perimeter Boundary Scanning,Low,AST-001-05,96,No,Closed,False,1,False
ALT-2026-00891,CSE-001,National Power Grid Corporation,Power & Energy,2026-09-06 06:37:41,Service Principal Anomaly,Low,AST-001-04,16,No,Closed,False,1,False
ALT-2026-00892,CSE-006,Central Metro Rail,Urban Mass Transit,2026-09-07 22:28:41,Malware & C2 Beaconing,High,AST-006-06,360,No,Closed,False,1,False
ALT-2026-00893,CSE-006,Central Metro Rail,Urban Mass Transit,2026-09-18 08:25:41,Authentication & Brute Force,Medium,AST-006-01,36,No,Closed,False,1,False
ALT-2026-00894,CSE-007,National Highway Authority,Transportation,2026-09-24 23:50:41,Authentication & Brute Force,High,AST-007-05,239,No,Closed,False,1,False
ALT-2026-00895,CSE-007,National Highway Authority,Transportation,2026-09-02 12:54:41,Privilege Escalation,Medium,AST-007-03,48,No,Closed,False,1,False
ALT-2026-00896,CSE-006,Central Metro Rail,Urban Mass Transit,2026-09-13 14:13:41,Service Principal Anomaly,Low,AST-006-03,77,Yes,Closed,False,1,False
ALT-2026-00897,CSE-001,National Power Grid Corporation,Power & Energy,2026-09-29 04:16:41,SCADA / ICS Telemetry Anomaly,High,AST-001-04,2,No,Closed,True,1,False
ALT-2026-00898,CSE-001,National Power Grid Corporation,Power & Energy,2026-09-12 23:15:41,SCADA / ICS Telemetry Anomaly,High,AST-001-06,9,No,Closed,True,1,False
ALT-2026-00899,CSE-002,Apex National Bank,Banking & Finance,2026-09-14 03:49:41,Privilege Escalation,High,AST-002-03,4,No,Closed,True,1,False
ALT-2026-00900,CSE-004,Metro Airport Authority,Civil Aviation,2026-09-08 02:02:41,SCADA / ICS Telemetry Anomaly,High,AST-004-06,8,No,Closed,True,1,False
ALT-2026-00901,CSE-001,National Power Grid Corporation,Power & Energy,2026-09-23 07:10:41,SCADA / ICS Telemetry Anomaly,High,AST-001-02,13,No,Closed,True,1,False
ALT-2026-00902,CSE-002,Apex National Bank,Banking & Finance,2026-08-30 00:30:41,Privilege Escalation,Critical,AST-002-06,9,No,Closed,True,1,False
ALT-2026-00903,CSE-002,Apex National Bank,Banking & Finance,2026-09-19 03:40:41,Lateral Movement,Critical,AST-002-02,3,No,Closed,True,1,False
ALT-2026-00904,CSE-005,Eastern Port Trust,Maritime Logistics,2026-09-28 18:57:41,Authentication & Brute Force,Medium,AST-005-04,58,No,Closed,False,1,False
ALT-2026-00905,CSE-003,Bharat Telecom Ltd,Telecommunications,2026-09-14 13:24:41,Lateral Movement,High,AST-003-03,123,Yes,Closed,False,1,False
ALT-2026-00906,CSE-002,Apex National Bank,Banking & Finance,2026-09-08 03:00:41,Service Principal Anomaly,Medium,AST-002-02,118,No,Closed,False,1,False
ALT-2026-00907,CSE-005,Eastern Port Trust,Maritime Logistics,2026-09-08 20:03:41,Data Exfiltration Attempt,Critical,AST-005-05,250,No,Closed,False,-1,True
ALT-2026-00908,CSE-001,National Power Grid Corporation,Power & Energy,2026-09-02 14:48:41,Lateral Movement,Medium,AST-001-04,104,Yes,Closed,False,1,False
ALT-2026-00909,CSE-005,Eastern Port Trust,Maritime Logistics,2026-09-15 20:09:41,Privilege Escalation,Critical,AST-005-03,231,Yes,Closed,False,1,False
ALT-2026-00910,CSE-001,National Power Grid Corporation,Power & Energy,2026-09-24 15:12:41,Authentication & Brute Force,Medium,AST-001-02,56,No,Closed,False,1,False
ALT-2026-00911,CSE-004,Metro Airport Authority,Civil Aviation,2026-09-18 05:53:41,Malware & C2 Beaconing,Critical,AST-004-02,2,No,Closed,True,1,False
ALT-2026-00912,CSE-003,Bharat Telecom Ltd,Telecommunications,2026-09-06 04:25:41,Perimeter Boundary Scanning,High,AST-003-06,186,No,Closed,False,1,False
ALT-2026-00913,CSE-005,Eastern Port Trust,Maritime Logistics,2026-09-26 14:35:41,Data Exfiltration Attempt,High,AST-005-06,273,Yes,Closed,False,1,False
ALT-2026-00914,CSE-007,National Highway Authority,Transportation,2026-09-22 22:26:41,SCADA / ICS Telemetry Anomaly,Critical,AST-007-04,143,Yes,Closed,False,1,False
ALT-2026-00915,CSE-006,Central Metro Rail,Urban Mass Transit,2026-09-26 03:08:41,Service Principal Anomaly,High,AST-006-03,302,Yes,Closed,False,1,False
ALT-2026-00916,CSE-005,Eastern Port Trust,Maritime Logistics,2026-09-27 18:00:41,Lateral Movement,Medium,AST-005-05,83,No,Closed,False,1,False
ALT-2026-00917,CSE-005,Eastern Port Trust,Maritime Logistics,2026-09-05 03:47:41,Privilege Escalation,High,AST-005-04,46,Yes,Closed,False,-1,True
ALT-2026-00918,CSE-006,Central Metro Rail,Urban Mass Transit,2026-09-05 23:56:41,Privilege Escalation,Low,AST-006-01,52,No,Closed,False,1,False
ALT-2026-00919,CSE-002,Apex National Bank,Banking & Finance,2026-09-20 14:32:41,SCADA / ICS Telemetry Anomaly,Low,AST-002-02,50,No,Closed,False,1,False
ALT-2026-00920,CSE-001,National Power Grid Corporation,Power & Energy,2026-09-28 19:50:41,Perimeter Boundary Scanning,High,AST-001-06,13,No,Closed,True,1,False
ALT-2026-00921,CSE-004,Metro Airport Authority,Civil Aviation,2026-08-31 20:54:41,Perimeter Boundary Scanning,Low,AST-004-02,95,No,Closed,False,1,False
ALT-2026-00922,CSE-001,National Power Grid Corporation,Power & Energy,2026-09-11 18:17:41,Malware & C2 Beaconing,Medium,AST-001-02,103,No,Closed,False,1,False
ALT-2026-00924,CSE-004,Metro Airport Authority,Civil Aviation,2026-09-24 02:01:41,SCADA / ICS Telemetry Anomaly,High,AST-004-03,9,No,Closed,True,1,False
ALT-2026-00925,CSE-003,Bharat Telecom Ltd,Telecommunications,2026-09-24 10:20:41,Lateral Movement,Medium,AST-003-06,39,Yes,Closed,False,1,False
ALT-2026-00926,CSE-001,National Power Grid Corporation,Power & Energy,2026-09-06 00:04:41,Authentication & Brute Force,Medium,AST-001-02,63,Yes,Closed,False,1,False
ALT-2026-00927,CSE-007,National Highway Authority,Transportation,2026-09-27 08:03:41,Authentication & Brute Force,Medium,AST-007-02,16,Yes,Closed,False,1,False
ALT-2026-00928,CSE-004,Metro Airport Authority,Civil Aviation,2026-09-04 21:15:41,Service Principal Anomaly,Low,AST-004-06,54,Yes,Closed,False,1,False
ALT-2026-00929,CSE-006,Central Metro Rail,Urban Mass Transit,2026-09-12 13:11:41,Authentication & Brute Force,Critical,AST-006-01,196,No,Closed,False,-1,True
ALT-2026-00930,CSE-004,Metro Airport Authority,Civil Aviation,2026-09-17 11:50:41,Privilege Escalation,High,AST-004-06,12,No,Closed,True,1,False
ALT-2026-00931,CSE-001,National Power Grid Corporation,Power & Energy,2026-09-14 11:05:41,Data Exfiltration Attempt,Critical,AST-001-05,6,No,Closed,True,1,False
ALT-2026-00932,CSE-001,National Power Grid Corporation,Power & Energy,2026-09-18 13:15:41,Authentication & Brute Force,Medium,AST-001-02,37,No,Closed,False,1,False
ALT-2026-00933,CSE-006,Central Metro Rail,Urban Mass Transit,2026-09-08 06:33:41,Privilege Escalation,High,AST-006-06,98,No,Closed,False,1,False
ALT-2026-00935,CSE-005,Eastern Port Trust,Maritime Logistics,2026-09-15 16:55:41,SCADA / ICS Telemetry Anomaly,Critical,AST-005-04,110,Yes,Closed,False,1,False
ALT-2026-00936,CSE-006,Central Metro Rail,Urban Mass Transit,2026-09-15 20:22:41,Perimeter Boundary Scanning,Critical,AST-006-05,379,Yes,Closed,False,1,False
ALT-2026-00937,CSE-005,Eastern Port Trust,Maritime Logistics,2026-09-12 08:48:41,Malware & C2 Beaconing,Medium,AST-005-02,68,No,Closed,False,1,False
ALT-2026-00938,CSE-001,National Power Grid Corporation,Power & Energy,2026-09-23 15:49:41,Service Principal Anomaly,Low,AST-001-04,29,No,Closed,False,1,False
ALT-2026-00939,CSE-007,National Highway Authority,Transportation,2026-09-01 22:13:41,Lateral Movement,High,AST-007-04,468,No,Closed,False,-1,True
ALT-2026-00940,CSE-001,National Power Grid Corporation,Power & Energy,2026-09-07 02:49:41,Authentication & Brute Force,Medium,AST-001-02,99,No,Closed,False,1,False
ALT-2026-00941,CSE-002,Apex National Bank,Banking & Finance,2026-09-27 09:08:41,Authentication & Brute Force,Medium,AST-002-06,119,No,Closed,False,1,False
ALT-2026-00942,CSE-006,Central Metro Rail,Urban Mass Transit,2026-08-30 06:42:41,Lateral Movement,Medium,AST-006-02,71,No,Closed,False,1,False
ALT-2026-00943,CSE-006,Central Metro Rail,Urban Mass Transit,2026-09-27 20:24:41,SCADA / ICS Telemetry Anomaly,Medium,AST-006-06,16,No,Closed,False,1,False
ALT-2026-00944,CSE-003,Bharat Telecom Ltd,Telecommunications,2026-08-30 21:40:41,Privilege Escalation,Medium,AST-003-04,69,No,Closed,False,1,False
ALT-2026-00945,CSE-006,Central Metro Rail,Urban Mass Transit,2026-09-23 03:33:41,Authentication & Brute Force,High,AST-006-04,139,No,Closed,False,1,False
ALT-2026-00946,CSE-006,Central Metro Rail,Urban Mass Transit,2026-09-09 03:20:41,Lateral Movement,High,AST-006-01,456,No,Closed,False,-1,True
ALT-2026-00947,CSE-003,Bharat Telecom Ltd,Telecommunications,2026-09-10 06:11:41,Data Exfiltration Attempt,High,AST-003-02,322,Yes,Closed,False,1,False
ALT-2026-00948,CSE-002,Apex National Bank,Banking & Finance,2026-09-09 14:57:41,Privilege Escalation,Critical,AST-002-05,11,No,Closed,True,1,False
ALT-2026-00949,CSE-004,Metro Airport Authority,Civil Aviation,2026-09-28 14:52:41,Malware & C2 Beaconing,Low,AST-004-02,16,No,Closed,False,1,False
ALT-2026-00950,CSE-007,National Highway Authority,Transportation,2026-09-16 16:50:41,SCADA / ICS Telemetry Anomaly,Medium,AST-007-02,27,No,Closed,False,1,False
ALT-2026-00951,CSE-005,Eastern Port Trust,Maritime Logistics,2026-09-04 03:42:41,Authentication & Brute Force,High,AST-005-02,122,Yes,Closed,False,1,False
ALT-2026-00952,CSE-006,Central Metro Rail,Urban Mass Transit,2026-09-09 11:23:41,SCADA / ICS Telemetry Anomaly,Low,AST-006-02,79,No,Closed,False,1,False
ALT-2026-00953,CSE-003,Bharat Telecom Ltd,Telecommunications,2026-09-17 20:18:41,Lateral Movement,Critical,AST-003-02,409,Yes,Closed,False,1,False
ALT-2026-00954,CSE-006,Central Metro Rail,Urban Mass Transit,2026-09-14 12:21:41,Authentication & Brute Force,Critical,AST-006-01,203,No,Closed,False,-1,True
ALT-2026-00955,CSE-003,Bharat Telecom Ltd,Telecommunications,2026-09-24 07:02:41,Malware & C2 Beaconing,High,AST-003-04,231,Yes,Closed,False,1,False
ALT-2026-00956,CSE-007,National Highway Authority,Transportation,2026-09-01 01:31:41,SCADA / ICS Telemetry Anomaly,Low,AST-007-04,87,No,Closed,False,1,False
ALT-2026-00957,CSE-005,Eastern Port Trust,Maritime Logistics,2026-08-30 19:04:41,Service Principal Anomaly,High,AST-005-05,477,No,Closed,False,-1,True
ALT-2026-00958,CSE-003,Bharat Telecom Ltd,Telecommunications,2026-08-31 19:10:41,Authentication & Brute Force,Medium,AST-003-03,46,No,Closed,False,1,False
ALT-2026-00959,CSE-002,Apex National Bank,Banking & Finance,2026-09-11 03:18:41,Malware & C2 Beaconing,High,AST-002-04,9,No,Closed,True,1,False
ALT-2026-00960,CSE-006,Central Metro Rail,Urban Mass Transit,2026-09-12 02:06:41,Malware & C2 Beaconing,High,AST-006-04,100,No,Closed,False,1,False
ALT-2026-00961,CSE-001,National Power Grid Corporation,Power & Energy,2026-09-19 05:34:41,Service Principal Anomaly,High,AST-001-03,13,No,Closed,True,1,False
ALT-2026-00962,CSE-001,National Power Grid Corporation,Power & Energy,2026-09-12 11:42:41,SCADA / ICS Telemetry Anomaly,Medium,AST-001-03,55,No,Closed,False,1,False
ALT-2026-00963,CSE-004,Metro Airport Authority,Civil Aviation,2026-09-14 10:09:41,Data Exfiltration Attempt,Low,AST-004-02,112,No,Closed,False,1,False
ALT-2026-00965,CSE-004,Metro Airport Authority,Civil Aviation,2026-09-19 07:02:41,Data Exfiltration Attempt,High,AST-004-05,8,No,Closed,True,1,False
ALT-2026-00966,CSE-007,National Highway Authority,Transportation,2026-09-23 17:45:41,Perimeter Boundary Scanning,Low,AST-007-06,88,Yes,Closed,False,1,False
ALT-2026-00967,CSE-005,Eastern Port Trust,Maritime Logistics,2026-09-10 11:52:41,Perimeter Boundary Scanning,Critical,AST-005-06,279,Yes,Closed,False,1,False
ALT-2026-00968,CSE-003,Bharat Telecom Ltd,Telecommunications,2026-09-12 17:12:41,Service Principal Anomaly,Low,AST-003-02,31,No,Closed,False,1,False
ALT-2026-00969,CSE-002,Apex National Bank,Banking & Finance,2026-09-15 17:38:41,SCADA / ICS Telemetry Anomaly,Medium,AST-002-03,42,No,Closed,False,1,False
ALT-2026-00970,CSE-003,Bharat Telecom Ltd,Telecommunications,2026-09-01 06:40:41,Malware & C2 Beaconing,Medium,AST-003-05,98,No,Closed,False,1,False
ALT-2026-00971,CSE-005,Eastern Port Trust,Maritime Logistics,2026-09-05 06:05:41,SCADA / ICS Telemetry Anomaly,Medium,AST-005-03,62,No,Closed,False,1,False
ALT-2026-00972,CSE-006,Central Metro Rail,Urban Mass Transit,2026-09-06 18:45:41,Privilege Escalation,Medium,AST-006-06,27,No,Closed,False,1,False
ALT-2026-00973,CSE-005,Eastern Port Trust,Maritime Logistics,2026-08-31 03:06:41,Service Principal Anomaly,Medium,AST-005-05,94,Yes,Closed,False,1,False
ALT-2026-00974,CSE-001,National Power Grid Corporation,Power & Energy,2026-09-08 06:18:41,Lateral Movement,High,AST-001-04,14,No,Closed,True,1,False
ALT-2026-00975,CSE-002,Apex National Bank,Banking & Finance,2026-09-02 01:05:41,Perimeter Boundary Scanning,Low,AST-002-03,74,No,Closed,False,1,False
ALT-2026-00976,CSE-002,Apex National Bank,Banking & Finance,2026-09-13 06:55:41,Privilege Escalation,High,AST-002-02,14,No,Closed,True,1,False
ALT-2026-00977,CSE-004,Metro Airport Authority,Civil Aviation,2026-09-28 16:11:41,SCADA / ICS Telemetry Anomaly,Medium,AST-004-02,119,No,Closed,False,1,False
ALT-2026-00978,CSE-004,Metro Airport Authority,Civil Aviation,2026-09-21 22:47:41,Data Exfiltration Attempt,Medium,AST-004-06,65,No,Closed,False,1,False
ALT-2026-00979,CSE-006,Central Metro Rail,Urban Mass Transit,2026-09-24 03:15:41,Perimeter Boundary Scanning,Medium,AST-006-01,70,No,Closed,False,1,False
ALT-2026-00980,CSE-005,Eastern Port Trust,Maritime Logistics,2026-09-04 03:19:41,Privilege Escalation,Low,AST-005-04,35,Yes,Closed,False,1,False
ALT-2026-00981,CSE-006,Central Metro Rail,Urban Mass Transit,2026-09-04 22:03:41,Authentication & Brute Force,Medium,AST-006-06,84,Yes,Closed,False,1,False
ALT-2026-00982,CSE-002,Apex National Bank,Banking & Finance,2026-09-14 19:32:41,Perimeter Boundary Scanning,High,AST-002-02,12,No,Closed,True,1,False
ALT-2026-00983,CSE-007,National Highway Authority,Transportation,2026-09-21 16:23:41,Lateral Movement,Medium,AST-007-06,99,Yes,Closed,False,1,False
ALT-2026-00984,CSE-007,National Highway Authority,Transportation,2026-09-26 12:43:41,Malware & C2 Beaconing,Critical,AST-007-03,189,Yes,Closed,False,1,False
ALT-2026-00985,CSE-007,National Highway Authority,Transportation,2026-09-23 04:06:41,Service Principal Anomaly,Medium,AST-007-06,67,No,Closed,False,1,False
ALT-2026-00986,CSE-004,Metro Airport Authority,Civil Aviation,2026-09-01 05:32:41,Service Principal Anomaly,Low,AST-004-03,38,No,Closed,False,1,False
ALT-2026-00987,CSE-004,Metro Airport Authority,Civil Aviation,2026-09-09 20:38:41,Authentication & Brute Force,High,AST-004-02,13,No,Closed,True,1,False
ALT-2026-00989,CSE-003,Bharat Telecom Ltd,Telecommunications,2026-09-25 09:07:41,SCADA / ICS Telemetry Anomaly,High,AST-003-06,291,Yes,Closed,False,1,False
ALT-2026-00990,CSE-004,Metro Airport Authority,Civil Aviation,2026-09-15 23:47:41,Data Exfiltration Attempt,High,AST-004-01,5,No,Closed,True,1,False
ALT-2026-00991,CSE-007,National Highway Authority,Transportation,2026-09-04 21:53:41,SCADA / ICS Telemetry Anomaly,Medium,AST-007-03,107,No,Closed,False,1,False
ALT-2026-00994,CSE-002,Apex National Bank,Banking & Finance,2026-09-04 05:45:41,SCADA / ICS Telemetry Anomaly,High,AST-002-03,3,No,Closed,True,1,False
ALT-2026-00995,CSE-002,Apex National Bank,Banking & Finance,2026-09-05 06:05:41,Authentication & Brute Force,High,AST-002-04,2,No,Closed,True,1,False
ALT-2026-00996,CSE-007,National Highway Authority,Transportation,2026-09-19 08:37:41,Malware & C2 Beaconing,High,AST-007-05,353,Yes,Closed,False,-1,True
ALT-2026-00997,CSE-006,Central Metro Rail,Urban Mass Transit,2026-09-15 18:24:41,Lateral Movement,High,AST-006-01,208,Yes,Closed,False,1,False
ALT-2026-00998,CSE-004,Metro Airport Authority,Civil Aviation,2026-09-26 12:44:41,SCADA / ICS Telemetry Anomaly,Medium,AST-004-06,90,No,Closed,False,1,False
ALT-2026-00999,CSE-007,National Highway Authority,Transportation,2026-09-11 15:14:41,Service Principal Anomaly,High,AST-007-06,475,Yes,Closed,False,-1,True
ALT-2026-01000,CSE-001,National Power Grid Corporation,Power & Energy,2026-09-14 12:19:41,Lateral Movement,Medium,AST-001-03,50,No,Closed,False,1,False
ALT-2026-01002,CSE-002,Apex National Bank,Banking & Finance,2026-09-28 16:04:41,Malware & C2 Beaconing,Low,AST-002-06,103,Yes,Closed,False,-1,True
ALT-2026-01003,CSE-007,National Highway Authority,Transportation,2026-09-17 23:12:41,Authentication & Brute Force,High,AST-007-03,446,Yes,Closed,False,-1,True
ALT-2026-01004,CSE-006,Central Metro Rail,Urban Mass Transit,2026-09-10 03:55:41,SCADA / ICS Telemetry Anomaly,Low,AST-006-04,89,Yes,Closed,False,1,False
ALT-2026-01005,CSE-004,Metro Airport Authority,Civil Aviation,2026-09-08 12:39:41,Data Exfiltration Attempt,Medium,AST-004-01,99,No,Closed,False,1,False
ALT-2026-01006,CSE-007,National Highway Authority,Transportation,2026-09-19 18:07:41,Perimeter Boundary Scanning,Medium,AST-007-01,46,No,Closed,False,1,False
ALT-2026-01007,CSE-001,National Power Grid Corporation,Power & Energy,2026-09-23 15:30:41,Data Exfiltration Attempt,Medium,AST-001-05,64,Yes,Closed,False,1,False
ALT-2026-01008,CSE-003,Bharat Telecom Ltd,Telecommunications,2026-09-05 06:27:41,Service Principal Anomaly,Medium,AST-003-04,79,Yes,Closed,False,1,False
ALT-2026-01009,CSE-005,Eastern Port Trust,Maritime Logistics,2026-09-13 09:23:41,Lateral Movement,High,AST-005-04,187,No,Closed,False,1,False
ALT-2026-01010,CSE-001,National Power Grid Corporation,Power & Energy,2026-09-06 12:57:41,Authentication & Brute Force,Low,AST-001-03,38,No,Closed,False,1,False
ALT-2026-01011,CSE-005,Eastern Port Trust,Maritime Logistics,2026-09-27 04:45:41,Data Exfiltration Attempt,High,AST-005-03,302,No,Closed,False,1,False
ALT-2026-01012,CSE-001,National Power Grid Corporation,Power & Energy,2026-09-09 03:26:41,Lateral Movement,High,AST-001-05,5,No,Closed,True,1,False
ALT-2026-01013,CSE-005,Eastern Port Trust,Maritime Logistics,2026-09-10 00:39:41,Lateral Movement,Critical,AST-005-05,70,Yes,Closed,False,-1,True
ALT-2026-01014,CSE-002,Apex National Bank,Banking & Finance,2026-09-26 23:06:41,Privilege Escalation,High,AST-002-04,11,No,Closed,True,1,False
ALT-2026-01015,CSE-002,Apex National Bank,Banking & Finance,2026-09-05 17:55:41,Service Principal Anomaly,High,AST-002-06,14,No,Closed,True,1,False
ALT-2026-01016,CSE-006,Central Metro Rail,Urban Mass Transit,2026-09-10 06:26:41,Authentication & Brute Force,Critical,AST-006-02,302,Yes,Closed,False,1,False
ALT-2026-01017,CSE-006,Central Metro Rail,Urban Mass Transit,2026-09-27 11:01:41,Perimeter Boundary Scanning,Low,AST-006-01,33,No,Closed,False,1,False
ALT-2026-01019,CSE-001,National Power Grid Corporation,Power & Energy,2026-09-03 15:36:41,Privilege Escalation,Low,AST-001-03,82,No,Closed,False,1,False
ALT-2026-01020,CSE-006,Central Metro Rail,Urban Mass Transit,2026-09-19 01:41:41,Perimeter Boundary Scanning,Low,AST-006-03,47,No,Closed,False,1,False
ALT-2026-01021,CSE-006,Central Metro Rail,Urban Mass Transit,2026-09-18 23:23:41,Service Principal Anomaly,Critical,AST-006-02,396,Yes,Closed,False,1,False
ALT-2026-01022,CSE-002,Apex National Bank,Banking & Finance,2026-09-18 01:11:41,Data Exfiltration Attempt,Medium,AST-002-04,104,No,Closed,False,1,False
ALT-2026-01023,CSE-001,National Power Grid Corporation,Power & Energy,2026-08-30 07:16:41,Service Principal Anomaly,Low,AST-001-04,82,No,Closed,False,1,False
ALT-2026-01024,CSE-004,Metro Airport Authority,Civil Aviation,2026-08-30 07:53:41,Data Exfiltration Attempt,Critical,AST-004-05,10,No,Closed,True,1,False
ALT-2026-01025,CSE-004,Metro Airport Authority,Civil Aviation,2026-09-04 01:36:41,Perimeter Boundary Scanning,High,AST-004-02,2,No,Closed,True,1,False
ALT-2026-01026,CSE-006,Central Metro Rail,Urban Mass Transit,2026-09-24 23:54:41,SCADA / ICS Telemetry Anomaly,High,AST-006-02,192,No,Closed,False,1,False
ALT-2026-01027,CSE-007,National Highway Authority,Transportation,2026-09-11 13:09:41,Service Principal Anomaly,High,AST-007-02,265,No,Closed,False,1,False
ALT-2026-01028,CSE-003,Bharat Telecom Ltd,Telecommunications,2026-09-03 23:30:41,SCADA / ICS Telemetry Anomaly,Low,AST-003-05,106,No,Closed,False,1,False
ALT-2026-01030,CSE-003,Bharat Telecom Ltd,Telecommunications,2026-08-31 06:34:41,Privilege Escalation,High,AST-003-03,268,No,Closed,False,1,False
ALT-2026-01031,CSE-004,Metro Airport Authority,Civil Aviation,2026-09-12 09:53:41,Privilege Escalation,Critical,AST-004-02,11,No,Closed,True,1,False
ALT-2026-01032,CSE-007,National Highway Authority,Transportation,2026-09-01 03:06:41,SCADA / ICS Telemetry Anomaly,Medium,AST-007-03,103,No,Closed,False,1,False
ALT-2026-01033,CSE-004,Metro Airport Authority,Civil Aviation,2026-09-16 02:43:41,Authentication & Brute Force,Low,AST-004-02,18,No,Closed,False,1,False
ALT-2026-01034,CSE-005,Eastern Port Trust,Maritime Logistics,2026-09-18 11:33:41,Privilege Escalation,Critical,AST-005-05,477,Yes,Closed,False,-1,True
ALT-2026-01035,CSE-007,National Highway Authority,Transportation,2026-09-28 14:09:41,Privilege Escalation,Low,AST-007-04,98,No,Closed,False,1,False
ALT-2026-01036,CSE-003,Bharat Telecom Ltd,Telecommunications,2026-09-02 15:05:41,Authentication & Brute Force,Medium,AST-003-02,81,No,Closed,False,1,False
ALT-2026-01037,CSE-006,Central Metro Rail,Urban Mass Transit,2026-09-09 11:53:41,Privilege Escalation,Medium,AST-006-01,15,No,Closed,False,1,False
ALT-2026-01038,CSE-002,Apex National Bank,Banking & Finance,2026-09-10 12:39:41,Malware & C2 Beaconing,High,AST-002-05,3,No,Closed,True,1,False
ALT-2026-01039,CSE-004,Metro Airport Authority,Civil Aviation,2026-09-28 12:53:41,Lateral Movement,Medium,AST-004-06,38,No,Closed,False,1,False
ALT-2026-01040,CSE-001,National Power Grid Corporation,Power & Energy,2026-09-16 11:32:41,Authentication & Brute Force,High,AST-001-05,13,No,Closed,True,1,False
ALT-2026-01041,CSE-006,Central Metro Rail,Urban Mass Transit,2026-09-12 09:42:41,Service Principal Anomaly,High,AST-006-04,386,No,Closed,False,1,False
ALT-2026-01042,CSE-006,Central Metro Rail,Urban Mass Transit,2026-09-04 12:43:41,Lateral Movement,Low,AST-006-01,33,No,Closed,False,1,False
ALT-2026-01044,CSE-002,Apex National Bank,Banking & Finance,2026-09-17 23:18:41,Data Exfiltration Attempt,High,AST-002-05,13,No,Closed,True,1,False
ALT-2026-01045,CSE-002,Apex National Bank,Banking & Finance,2026-09-09 11:50:41,Perimeter Boundary Scanning,Medium,AST-002-01,115,No,Closed,False,1,False
ALT-2026-01046,CSE-007,National Highway Authority,Transportation,2026-09-09 00:48:41,Service Principal Anomaly,Medium,AST-007-06,38,No,Closed,False,1,False
ALT-2026-01047,CSE-005,Eastern Port Trust,Maritime Logistics,2026-08-29 21:50:41,Lateral Movement,Critical,AST-005-04,60,Yes,Closed,False,-1,True
ALT-2026-01048,CSE-006,Central Metro Rail,Urban Mass Transit,2026-09-14 05:24:41,Data Exfiltration Attempt,Low,AST-006-06,118,No,Closed,False,1,False
ALT-2026-01049,CSE-004,Metro Airport Authority,Civil Aviation,2026-09-05 02:13:41,Malware & C2 Beaconing,Critical,AST-004-06,6,No,Closed,True,1,False
ALT-2026-01050,CSE-004,Metro Airport Authority,Civil Aviation,2026-09-05 04:34:41,Authentication & Brute Force,Low,AST-004-05,56,No,Closed,False,1,False
ALT-2026-01051,CSE-002,Apex National Bank,Banking & Finance,2026-09-21 00:44:41,Privilege Escalation,High,AST-002-05,13,No,Closed,True,1,False
ALT-2026-01052,CSE-007,National Highway Authority,Transportation,2026-09-23 13:35:41,Authentication & Brute Force,Medium,AST-007-03,100,Yes,Closed,False,1,False
ALT-2026-01053,CSE-004,Metro Airport Authority,Civil Aviation,2026-09-10 22:17:41,Malware & C2 Beaconing,High,AST-004-02,12,No,Closed,True,1,False
ALT-2026-01054,CSE-002,Apex National Bank,Banking & Finance,2026-09-11 00:40:41,Perimeter Boundary Scanning,High,AST-002-01,10,No,Closed,True,1,False
ALT-2026-01055,CSE-004,Metro Airport Authority,Civil Aviation,2026-09-09 03:17:41,Malware & C2 Beaconing,Medium,AST-004-02,31,No,Closed,False,1,False
ALT-2026-01056,CSE-005,Eastern Port Trust,Maritime Logistics,2026-09-12 06:11:41,Data Exfiltration Attempt,Low,AST-005-02,52,No,Closed,False,1,False
ALT-2026-01058,CSE-005,Eastern Port Trust,Maritime Logistics,2026-09-14 07:31:41,Authentication & Brute Force,Critical,AST-005-02,260,Yes,Closed,False,1,False
ALT-2026-01059,CSE-007,National Highway Authority,Transportation,2026-09-06 05:13:41,Authentication & Brute Force,High,AST-007-01,82,No,Closed,False,1,False
ALT-2026-01061,CSE-004,Metro Airport Authority,Civil Aviation,2026-09-13 08:31:41,Perimeter Boundary Scanning,High,AST-004-01,6,No,Closed,True,1,False
ALT-2026-01062,CSE-007,National Highway Authority,Transportation,2026-09-04 09:38:41,Lateral Movement,Medium,AST-007-06,109,No,Closed,False,1,False
ALT-2026-01063,CSE-004,Metro Airport Authority,Civil Aviation,2026-09-07 02:37:41,SCADA / ICS Telemetry Anomaly,Critical,AST-004-03,3,No,Closed,True,1,False
ALT-2026-01064,CSE-003,Bharat Telecom Ltd,Telecommunications,2026-09-16 14:57:41,Data Exfiltration Attempt,Critical,AST-003-06,50,Yes,Closed,False,-1,True
ALT-2026-01065,CSE-007,National Highway Authority,Transportation,2026-09-28 14:09:41,SCADA / ICS Telemetry Anomaly,High,AST-007-02,189,No,Closed,False,1,False
ALT-2026-01066,CSE-004,Metro Airport Authority,Civil Aviation,2026-09-13 19:05:41,Malware & C2 Beaconing,Critical,AST-004-06,10,No,Closed,True,1,False
ALT-2026-01067,CSE-007,National Highway Authority,Transportation,2026-09-18 08:44:41,Privilege Escalation,Low,AST-007-03,114,No,Closed,False,1,False
ALT-2026-01068,CSE-006,Central Metro Rail,Urban Mass Transit,2026-09-12 00:06:41,Authentication & Brute Force,High,AST-006-02,255,No,Closed,False,1,False
ALT-2026-01069,CSE-002,Apex National Bank,Banking & Finance,2026-09-02 23:58:41,Privilege Escalation,Medium,AST-002-02,41,No,Closed,False,1,False
ALT-2026-01070,CSE-004,Metro Airport Authority,Civil Aviation,2026-09-09 02:05:41,Authentication & Brute Force,Medium,AST-004-01,19,No,Closed,False,1,False
ALT-2026-01071,CSE-007,National Highway Authority,Transportation,2026-09-10 03:41:41,Authentication & Brute Force,Low,AST-007-06,64,Yes,Closed,False,1,False
ALT-2026-01072,CSE-005,Eastern Port Trust,Maritime Logistics,2026-09-27 18:53:41,Authentication & Brute Force,Medium,AST-005-05,59,No,Closed,False,1,False
ALT-2026-01073,CSE-007,National Highway Authority,Transportation,2026-09-29 05:26:41,Lateral Movement,Low,AST-007-05,115,No,Closed,False,1,False
ALT-2026-01074,CSE-006,Central Metro Rail,Urban Mass Transit,2026-08-30 18:54:41,Service Principal Anomaly,High,AST-006-04,413,No,Closed,False,1,False
ALT-2026-01075,CSE-002,Apex National Bank,Banking & Finance,2026-09-25 15:55:41,Privilege Escalation,Critical,AST-002-03,5,No,Closed,True,1,False
ALT-2026-01076,CSE-004,Metro Airport Authority,Civil Aviation,2026-09-27 20:55:41,Perimeter Boundary Scanning,High,AST-004-01,6,No,Closed,True,1,False
ALT-2026-01077,CSE-005,Eastern Port Trust,Maritime Logistics,2026-09-08 05:19:41,Privilege Escalation,Low,AST-005-03,71,No,Closed,False,1,False
ALT-2026-01078,CSE-006,Central Metro Rail,Urban Mass Transit,2026-09-01 22:59:41,Lateral Movement,Critical,AST-006-04,85,Yes,Closed,False,-1,True
ALT-2026-01079,CSE-003,Bharat Telecom Ltd,Telecommunications,2026-09-05 07:56:41,Service Principal Anomaly,Critical,AST-003-06,367,No,Closed,False,-1,True
ALT-2026-01080,CSE-002,Apex National Bank,Banking & Finance,2026-09-07 23:17:41,Service Principal Anomaly,Medium,AST-002-01,20,Yes,Closed,False,1,False
ALT-2026-01081,CSE-007,National Highway Authority,Transportation,2026-09-02 04:38:41,Authentication & Brute Force,Medium,AST-007-01,59,No,Closed,False,1,False
ALT-2026-01082,CSE-002,Apex National Bank,Banking & Finance,2026-09-18 21:49:41,Lateral Movement,Critical,AST-002-01,8,No,Closed,True,1,False
ALT-2026-01083,CSE-005,Eastern Port Trust,Maritime Logistics,2026-09-04 04:51:41,Lateral Movement,Low,AST-005-03,62,No,Closed,False,1,False
ALT-2026-01084,CSE-003,Bharat Telecom Ltd,Telecommunications,2026-08-31 11:14:41,Authentication & Brute Force,Critical,AST-003-04,153,Yes,Closed,False,1,False
ALT-2026-01085,CSE-005,Eastern Port Trust,Maritime Logistics,2026-09-27 18:26:41,SCADA / ICS Telemetry Anomaly,High,AST-005-05,377,Yes,Closed,False,-1,True
ALT-2026-01086,CSE-006,Central Metro Rail,Urban Mass Transit,2026-09-11 16:46:41,Malware & C2 Beaconing,Low,AST-006-03,82,No,Closed,False,1,False
ALT-2026-01087,CSE-007,National Highway Authority,Transportation,2026-09-11 06:14:41,Data Exfiltration Attempt,High,AST-007-06,454,No,Closed,False,-1,True
ALT-2026-01088,CSE-006,Central Metro Rail,Urban Mass Transit,2026-09-22 01:26:41,Lateral Movement,High,AST-006-05,225,Yes,Closed,False,1,False
ALT-2026-01089,CSE-004,Metro Airport Authority,Civil Aviation,2026-09-04 02:58:41,SCADA / ICS Telemetry Anomaly,Low,AST-004-03,46,No,Closed,False,1,False
ALT-2026-01090,CSE-003,Bharat Telecom Ltd,Telecommunications,2026-09-26 13:46:41,Lateral Movement,Medium,AST-003-04,33,No,Closed,False,1,False
ALT-2026-01091,CSE-002,Apex National Bank,Banking & Finance,2026-09-26 02:56:41,Service Principal Anomaly,Medium,AST-002-01,31,No,Closed,False,1,False
ALT-2026-01093,CSE-003,Bharat Telecom Ltd,Telecommunications,2026-09-01 05:35:41,Malware & C2 Beaconing,Low,AST-003-06,20,No,Closed,False,1,False
ALT-2026-01094,CSE-006,Central Metro Rail,Urban Mass Transit,2026-09-03 02:54:41,Service Principal Anomaly,Medium,AST-006-01,108,No,Closed,False,1,False
ALT-2026-01095,CSE-005,Eastern Port Trust,Maritime Logistics,2026-09-17 18:31:41,Service Principal Anomaly,High,AST-005-02,269,No,Closed,False,1,False
ALT-2026-01096,CSE-004,Metro Airport Authority,Civil Aviation,2026-09-19 14:36:41,Lateral Movement,High,AST-004-02,8,No,Closed,True,1,False
ALT-2026-01097,CSE-001,National Power Grid Corporation,Power & Energy,2026-09-02 16:16:41,Data Exfiltration Attempt,High,AST-001-03,6,No,Closed,True,1,False
ALT-2026-01098,CSE-003,Bharat Telecom Ltd,Telecommunications,2026-09-20 11:05:41,Privilege Escalation,High,AST-003-02,269,Yes,Closed,False,1,False
ALT-2026-01099,CSE-003,Bharat Telecom Ltd,Telecommunications,2026-09-25 12:59:41,SCADA / ICS Telemetry Anomaly,Critical,AST-003-04,65,Yes,Closed,False,-1,True
ALT-2026-01100,CSE-007,National Highway Authority,Transportation,2026-09-29 04:59:41,Privilege Escalation,Low,AST-007-03,88,No,Closed,False,1,False
ALT-2026-01102,CSE-007,National Highway Authority,Transportation,2026-09-25 07:26:41,Malware & C2 Beaconing,Low,AST-007-02,117,No,Closed,False,1,False
ALT-2026-01103,CSE-003,Bharat Telecom Ltd,Telecommunications,2026-09-21 01:32:41,Malware & C2 Beaconing,Medium,AST-003-03,55,Yes,Closed,False,1,False
ALT-2026-01104,CSE-007,National Highway Authority,Transportation,2026-09-11 18:19:41,Authentication & Brute Force,Low,AST-007-06,95,Yes,Closed,False,1,False
ALT-2026-01105,CSE-003,Bharat Telecom Ltd,Telecommunications,2026-09-14 11:41:41,SCADA / ICS Telemetry Anomaly,Medium,AST-003-06,51,No,Closed,False,1,False
ALT-2026-01106,CSE-002,Apex National Bank,Banking & Finance,2026-09-29 03:08:41,Service Principal Anomaly,Medium,AST-002-06,41,Yes,Closed,False,1,False
ALT-2026-01107,CSE-002,Apex National Bank,Banking & Finance,2026-09-09 04:42:41,SCADA / ICS Telemetry Anomaly,Low,AST-002-05,44,No,Closed,False,1,False
ALT-2026-01108,CSE-005,Eastern Port Trust,Maritime Logistics,2026-09-14 07:06:41,Data Exfiltration Attempt,Critical,AST-005-02,431,Yes,Closed,False,1,False
ALT-2026-01109,CSE-004,Metro Airport Authority,Civil Aviation,2026-09-26 10:43:41,Perimeter Boundary Scanning,Medium,AST-004-05,59,No,Closed,False,1,False
ALT-2026-01110,CSE-006,Central Metro Rail,Urban Mass Transit,2026-09-22 15:54:41,Privilege Escalation,Medium,AST-006-06,115,No,Closed,False,1,False
ALT-2026-01111,CSE-004,Metro Airport Authority,Civil Aviation,2026-09-17 01:45:41,Lateral Movement,High,AST-004-06,2,No,Closed,True,1,False
ALT-2026-01112,CSE-003,Bharat Telecom Ltd,Telecommunications,2026-09-09 14:53:41,Service Principal Anomaly,High,AST-003-02,338,No,Closed,False,1,False
ALT-2026-01113,CSE-005,Eastern Port Trust,Maritime Logistics,2026-09-28 17:11:41,Lateral Movement,Critical,AST-005-05,405,Yes,Closed,False,1,False
ALT-2026-01114,CSE-003,Bharat Telecom Ltd,Telecommunications,2026-09-12 10:02:41,Lateral Movement,Low,AST-003-04,44,Yes,Closed,False,-1,True
ALT-2026-01116,CSE-002,Apex National Bank,Banking & Finance,2026-09-20 07:11:41,Data Exfiltration Attempt,Medium,AST-002-06,103,No,Closed,False,1,False
ALT-2026-01117,CSE-002,Apex National Bank,Banking & Finance,2026-09-02 16:16:41,Privilege Escalation,Low,AST-002-01,24,No,Closed,False,1,False
ALT-2026-01118,CSE-007,National Highway Authority,Transportation,2026-09-11 20:14:41,SCADA / ICS Telemetry Anomaly,Critical,AST-007-04,346,Yes,Closed,False,1,False
ALT-2026-01119,CSE-006,Central Metro Rail,Urban Mass Transit,2026-09-29 06:55:41,Service Principal Anomaly,High,AST-006-04,180,No,Closed,False,1,False
ALT-2026-01120,CSE-002,Apex National Bank,Banking & Finance,2026-08-30 02:37:41,Privilege Escalation,Medium,AST-002-06,104,Yes,Closed,False,1,False
ALT-2026-01121,CSE-003,Bharat Telecom Ltd,Telecommunications,2026-09-04 22:27:41,Malware & C2 Beaconing,Medium,AST-003-03,88,No,Closed,False,1,False
ALT-2026-01122,CSE-005,Eastern Port Trust,Maritime Logistics,2026-09-25 19:53:41,Perimeter Boundary Scanning,Critical,AST-005-04,367,Yes,Closed,False,1,False
ALT-2026-01123,CSE-002,Apex National Bank,Banking & Finance,2026-09-27 11:47:41,Service Principal Anomaly,Medium,AST-002-04,87,Yes,Closed,False,1,False
ALT-2026-01124,CSE-006,Central Metro Rail,Urban Mass Transit,2026-09-19 12:10:41,Perimeter Boundary Scanning,Medium,AST-006-04,91,Yes,Closed,False,1,False
ALT-2026-01125,CSE-004,Metro Airport Authority,Civil Aviation,2026-09-18 19:57:41,Perimeter Boundary Scanning,Medium,AST-004-04,76,No,Closed,False,1,False
ALT-2026-01126,CSE-001,National Power Grid Corporation,Power & Energy,2026-09-17 11:24:41,Authentication & Brute Force,High,AST-001-02,13,No,Closed,True,1,False
ALT-2026-01127,CSE-007,National Highway Authority,Transportation,2026-09-26 14:16:41,Lateral Movement,Medium,AST-007-01,95,No,Closed,False,1,False
ALT-2026-01128,CSE-001,National Power Grid Corporation,Power & Energy,2026-09-16 06:26:41,Privilege Escalation,Medium,AST-001-03,93,No,Closed,False,1,False
ALT-2026-01129,CSE-006,Central Metro Rail,Urban Mass Transit,2026-09-22 20:27:41,Perimeter Boundary Scanning,Medium,AST-006-02,47,Yes,Closed,False,1,False
ALT-2026-01130,CSE-006,Central Metro Rail,Urban Mass Transit,2026-09-03 01:12:41,Perimeter Boundary Scanning,High,AST-006-06,121,No,Closed,False,1,False
ALT-2026-01131,CSE-002,Apex National Bank,Banking & Finance,2026-09-07 12:38:41,Service Principal Anomaly,High,AST-002-05,2,No,Closed,True,1,False
ALT-2026-01132,CSE-001,National Power Grid Corporation,Power & Energy,2026-09-17 19:37:41,Data Exfiltration Attempt,High,AST-001-03,2,No,Closed,True,1,False
ALT-2026-01133,CSE-007,National Highway Authority,Transportation,2026-09-15 21:26:41,Privilege Escalation,High,AST-007-05,437,No,Closed,False,1,False
ALT-2026-01134,CSE-001,National Power Grid Corporation,Power & Energy,2026-09-06 09:55:41,SCADA / ICS Telemetry Anomaly,High,AST-001-05,3,No,Closed,True,1,False
ALT-2026-01135,CSE-006,Central Metro Rail,Urban Mass Transit,2026-09-05 03:51:41,Privilege Escalation,Low,AST-006-02,109,No,Closed,False,1,False
ALT-2026-01136,CSE-007,National Highway Authority,Transportation,2026-09-22 10:07:41,SCADA / ICS Telemetry Anomaly,Critical,AST-007-05,288,Yes,Closed,False,1,False
ALT-2026-01137,CSE-004,Metro Airport Authority,Civil Aviation,2026-09-15 18:42:41,Perimeter Boundary Scanning,High,AST-004-05,14,No,Closed,True,1,False
ALT-2026-01138,CSE-004,Metro Airport Authority,Civil Aviation,2026-09-05 03:27:41,Service Principal Anomaly,High,AST-004-01,10,No,Closed,True,1,False
ALT-2026-01139,CSE-005,Eastern Port Trust,Maritime Logistics,2026-09-03 10:02:41,Privilege Escalation,Medium,AST-005-05,70,No,Closed,False,1,False
ALT-2026-01140,CSE-004,Metro Airport Authority,Civil Aviation,2026-09-09 05:01:41,Authentication & Brute Force,Low,AST-004-05,74,No,Closed,False,1,False
ALT-2026-01141,CSE-002,Apex National Bank,Banking & Finance,2026-09-17 05:01:41,Authentication & Brute Force,High,AST-002-01,7,No,Closed,True,1,False
ALT-2026-01142,CSE-003,Bharat Telecom Ltd,Telecommunications,2026-09-19 12:14:41,Perimeter Boundary Scanning,Low,AST-003-06,79,No,Closed,False,1,False
ALT-2026-01143,CSE-004,Metro Airport Authority,Civil Aviation,2026-09-27 17:27:41,Privilege Escalation,High,AST-004-01,2,No,Closed,True,1,False
ALT-2026-01144,CSE-006,Central Metro Rail,Urban Mass Transit,2026-08-31 00:34:41,Service Principal Anomaly,Medium,AST-006-03,75,No,Closed,False,1,False
ALT-2026-01145,CSE-005,Eastern Port Trust,Maritime Logistics,2026-08-31 18:03:41,SCADA / ICS Telemetry Anomaly,Low,AST-005-04,31,No,Closed,False,1,False
ALT-2026-01146,CSE-006,Central Metro Rail,Urban Mass Transit,2026-09-28 06:06:41,Privilege Escalation,Low,AST-006-06,39,No,Closed,False,1,False
ALT-2026-01147,CSE-005,Eastern Port Trust,Maritime Logistics,2026-09-06 04:39:41,Authentication & Brute Force,Low,AST-005-02,66,No,Closed,False,1,False
ALT-2026-01148,CSE-007,National Highway Authority,Transportation,2026-09-13 11:26:41,Privilege Escalation,Critical,AST-007-02,272,Yes,Closed,False,1,False
ALT-2026-01149,CSE-006,Central Metro Rail,Urban Mass Transit,2026-09-03 15:53:41,Privilege Escalation,Medium,AST-006-04,30,No,Closed,False,1,False
ALT-2026-01150,CSE-001,National Power Grid Corporation,Power & Energy,2026-08-31 14:01:41,Malware & C2 Beaconing,High,AST-001-02,11,No,Closed,True,1,False
ALT-2026-01151,CSE-001,National Power Grid Corporation,Power & Energy,2026-09-22 19:49:41,Service Principal Anomaly,Critical,AST-001-06,13,No,Closed,True,1,False
ALT-2026-01152,CSE-007,National Highway Authority,Transportation,2026-09-22 16:24:41,SCADA / ICS Telemetry Anomaly,High,AST-007-03,239,Yes,Closed,False,1,False
ALT-2026-01153,CSE-002,Apex National Bank,Banking & Finance,2026-09-03 09:55:41,Data Exfiltration Attempt,High,AST-002-04,6,No,Closed,True,1,False
ALT-2026-01154,CSE-001,National Power Grid Corporation,Power & Energy,2026-09-14 04:35:41,Perimeter Boundary Scanning,High,AST-001-06,12,No,Closed,True,1,False
ALT-2026-01155,CSE-007,National Highway Authority,Transportation,2026-09-24 14:19:41,Lateral Movement,High,AST-007-02,336,No,Closed,False,1,False
ALT-2026-01156,CSE-006,Central Metro Rail,Urban Mass Transit,2026-08-29 23:37:41,Privilege Escalation,Critical,AST-006-01,440,Yes,Closed,False,1,False
ALT-2026-01157,CSE-006,Central Metro Rail,Urban Mass Transit,2026-09-09 10:42:41,SCADA / ICS Telemetry Anomaly,Medium,AST-006-06,56,No,Closed,False,1,False
ALT-2026-01158,CSE-006,Central Metro Rail,Urban Mass Transit,2026-09-18 16:02:41,Lateral Movement,Medium,AST-006-02,58,Yes,Closed,False,1,False
ALT-2026-01159,CSE-005,Eastern Port Trust,Maritime Logistics,2026-09-24 15:44:41,Service Principal Anomaly,Medium,AST-005-06,103,No,Closed,False,1,False
ALT-2026-01160,CSE-005,Eastern Port Trust,Maritime Logistics,2026-09-19 00:29:41,Lateral Movement,High,AST-005-04,164,No,Closed,False,1,False
ALT-2026-01161,CSE-003,Bharat Telecom Ltd,Telecommunications,2026-08-29 21:47:41,Authentication & Brute Force,High,AST-003-02,130,No,Closed,False,1,False
ALT-2026-01162,CSE-006,Central Metro Rail,Urban Mass Transit,2026-09-19 15:07:41,Privilege Escalation,Medium,AST-006-01,33,No,Closed,False,1,False
ALT-2026-01163,CSE-002,Apex National Bank,Banking & Finance,2026-09-23 10:53:41,Privilege Escalation,Critical,AST-002-01,5,No,Closed,True,1,False
ALT-2026-01164,CSE-002,Apex National Bank,Banking & Finance,2026-09-24 18:37:41,Perimeter Boundary Scanning,Critical,AST-002-04,4,No,Closed,True,1,False
ALT-2026-01165,CSE-006,Central Metro Rail,Urban Mass Transit,2026-09-16 17:59:41,Service Principal Anomaly,Medium,AST-006-02,74,No,Closed,False,1,False
ALT-2026-01166,CSE-007,National Highway Authority,Transportation,2026-08-31 11:47:41,Perimeter Boundary Scanning,Low,AST-007-01,119,No,Closed,False,1,False
ALT-2026-01167,CSE-004,Metro Airport Authority,Civil Aviation,2026-09-07 16:35:41,Authentication & Brute Force,High,AST-004-02,11,No,Closed,True,1,False
ALT-2026-01168,CSE-003,Bharat Telecom Ltd,Telecommunications,2026-09-18 23:20:41,Authentication & Brute Force,Medium,AST-003-04,111,Yes,Closed,False,1,False
ALT-2026-01169,CSE-001,National Power Grid Corporation,Power & Energy,2026-09-23 06:45:41,Malware & C2 Beaconing,High,AST-001-02,12,No,Closed,True,1,False
ALT-2026-01172,CSE-004,Metro Airport Authority,Civil Aviation,2026-09-08 18:47:41,Lateral Movement,Medium,AST-004-05,53,No,Closed,False,1,False
ALT-2026-01173,CSE-007,National Highway Authority,Transportation,2026-09-13 17:51:41,Perimeter Boundary Scanning,Critical,AST-007-02,136,Yes,Closed,False,1,False
ALT-2026-01174,CSE-003,Bharat Telecom Ltd,Telecommunications,2026-08-29 17:35:41,Privilege Escalation,High,AST-003-04,461,No,Closed,False,-1,True
ALT-2026-01175,CSE-001,National Power Grid Corporation,Power & Energy,2026-09-26 00:43:41,Perimeter Boundary Scanning,Critical,AST-001-04,11,No,Closed,True,1,False
ALT-2026-01176,CSE-006,Central Metro Rail,Urban Mass Transit,2026-09-20 15:38:41,Privilege Escalation,High,AST-006-05,227,No,Closed,False,1,False
ALT-2026-01177,CSE-003,Bharat Telecom Ltd,Telecommunications,2026-09-06 14:38:41,Lateral Movement,High,AST-003-04,88,Yes,Closed,False,1,False
ALT-2026-01178,CSE-003,Bharat Telecom Ltd,Telecommunications,2026-09-18 01:28:41,Data Exfiltration Attempt,Low,AST-003-03,108,No,Closed,False,1,False
ALT-2026-01179,CSE-001,National Power Grid Corporation,Power & Energy,2026-09-24 20:26:41,Malware & C2 Beaconing,High,AST-001-06,13,No,Closed,True,1,False
ALT-2026-01181,CSE-007,National Highway Authority,Transportation,2026-09-22 21:56:41,Privilege Escalation,Medium,AST-007-05,84,Yes,Closed,False,1,False
ALT-2026-01182,CSE-002,Apex National Bank,Banking & Finance,2026-09-05 02:55:41,SCADA / ICS Telemetry Anomaly,High,AST-002-04,12,No,Closed,True,1,False
ALT-2026-01183,CSE-002,Apex National Bank,Banking & Finance,2026-09-08 06:55:41,Authentication & Brute Force,High,AST-002-02,2,No,Closed,True,1,False
ALT-2026-01184,CSE-003,Bharat Telecom Ltd,Telecommunications,2026-09-14 20:22:41,Perimeter Boundary Scanning,Critical,AST-003-06,160,Yes,Closed,False,1,False
ALT-2026-01185,CSE-005,Eastern Port Trust,Maritime Logistics,2026-09-03 01:35:41,Lateral Movement,Medium,AST-005-03,57,No,Closed,False,1,False
ALT-2026-01186,CSE-003,Bharat Telecom Ltd,Telecommunications,2026-09-03 02:03:41,Service Principal Anomaly,Low,AST-003-04,78,No,Closed,False,1,False
ALT-2026-01187,CSE-006,Central Metro Rail,Urban Mass Transit,2026-09-01 22:07:41,Service Principal Anomaly,Medium,AST-006-03,59,No,Closed,False,1,False
ALT-2026-01188,CSE-007,National Highway Authority,Transportation,2026-09-19 01:29:41,Service Principal Anomaly,Critical,AST-007-01,364,Yes,Closed,False,1,False
ALT-2026-01189,CSE-003,Bharat Telecom Ltd,Telecommunications,2026-09-11 16:41:41,Data Exfiltration Attempt,High,AST-003-04,320,No,Closed,False,1,False
ALT-2026-01190,CSE-002,Apex National Bank,Banking & Finance,2026-09-25 21:54:41,SCADA / ICS Telemetry Anomaly,Low,AST-002-04,113,No,Closed,False,1,False
ALT-2026-01191,CSE-007,National Highway Authority,Transportation,2026-09-23 02:15:41,Privilege Escalation,High,AST-007-05,230,No,Closed,False,1,False
ALT-2026-01192,CSE-004,Metro Airport Authority,Civil Aviation,2026-09-22 03:41:41,Service Principal Anomaly,High,AST-004-02,9,No,Closed,True,1,False
ALT-2026-01193,CSE-003,Bharat Telecom Ltd,Telecommunications,2026-09-28 22:19:41,Perimeter Boundary Scanning,Medium,AST-003-06,98,No,Closed,False,1,False
ALT-2026-01194,CSE-004,Metro Airport Authority,Civil Aviation,2026-09-16 09:32:41,Authentication & Brute Force,Medium,AST-004-06,32,No,Closed,False,1,False
ALT-2026-01195,CSE-001,National Power Grid Corporation,Power & Energy,2026-09-18 20:57:41,SCADA / ICS Telemetry Anomaly,Medium,AST-001-05,75,No,Closed,False,1,False
ALT-2026-01196,CSE-007,National Highway Authority,Transportation,2026-09-23 10:43:41,Perimeter Boundary Scanning,Medium,AST-007-02,45,No,Closed,False,1,False
ALT-2026-01197,CSE-001,National Power Grid Corporation,Power & Energy,2026-09-01 15:59:41,Service Principal Anomaly,Medium,AST-001-05,102,No,Closed,False,1,False
ALT-2026-01198,CSE-001,National Power Grid Corporation,Power & Energy,2026-09-03 20:19:41,Perimeter Boundary Scanning,Low,AST-001-06,35,No,Closed,False,1,False
ALT-2026-01199,CSE-006,Central Metro Rail,Urban Mass Transit,2026-09-08 02:17:41,Service Principal Anomaly,Low,AST-006-06,24,No,Closed,False,1,False
ALT-2026-01200,CSE-004,Metro Airport Authority,Civil Aviation,2026-09-13 17:09:41,Privilege Escalation,Low,AST-004-06,120,Yes,Closed,False,-1,True
ALT-2026-01201,CSE-004,Metro Airport Authority,Civil Aviation,2026-09-16 13:06:41,SCADA / ICS Telemetry Anomaly,Low,AST-004-03,112,No,Closed,False,1,False
ALT-2026-01202,CSE-006,Central Metro Rail,Urban Mass Transit,2026-09-19 11:14:41,Data Exfiltration Attempt,Medium,AST-006-06,41,No,Closed,False,1,False
ALT-2026-01203,CSE-007,National Highway Authority,Transportation,2026-09-22 07:51:41,Privilege Escalation,Medium,AST-007-02,57,No,Closed,False,1,False
ALT-2026-01204,CSE-005,Eastern Port Trust,Maritime Logistics,2026-09-20 15:58:41,Perimeter Boundary Scanning,Medium,AST-005-06,106,No,Closed,False,1,False
ALT-2026-01205,CSE-004,Metro Airport Authority,Civil Aviation,2026-09-07 01:29:41,Privilege Escalation,High,AST-004-05,14,No,Closed,True,1,False
ALT-2026-01206,CSE-007,National Highway Authority,Transportation,2026-09-17 07:32:41,Data Exfiltration Attempt,Critical,AST-007-03,153,Yes,Closed,False,1,False
ALT-2026-01207,CSE-005,Eastern Port Trust,Maritime Logistics,2026-09-05 23:47:41,Service Principal Anomaly,Medium,AST-005-03,36,No,Closed,False,1,False
ALT-2026-01208,CSE-007,National Highway Authority,Transportation,2026-08-31 00:31:41,SCADA / ICS Telemetry Anomaly,Low,AST-007-03,76,No,Closed,False,1,False
ALT-2026-01209,CSE-003,Bharat Telecom Ltd,Telecommunications,2026-09-23 09:03:41,Privilege Escalation,Medium,AST-003-04,108,No,Closed,False,1,False
ALT-2026-01210,CSE-006,Central Metro Rail,Urban Mass Transit,2026-08-31 15:19:41,Data Exfiltration Attempt,Medium,AST-006-05,61,No,Closed,False,1,False
ALT-2026-01211,CSE-003,Bharat Telecom Ltd,Telecommunications,2026-09-11 22:18:41,Malware & C2 Beaconing,Low,AST-003-06,22,No,Closed,False,1,False
ALT-2026-01212,CSE-006,Central Metro Rail,Urban Mass Transit,2026-08-30 19:18:41,Data Exfiltration Attempt,High,AST-006-03,412,Yes,Closed,False,-1,True
ALT-2026-01213,CSE-006,Central Metro Rail,Urban Mass Transit,2026-09-22 16:19:41,Malware & C2 Beaconing,Low,AST-006-05,31,Yes,Closed,False,1,False
ALT-2026-01214,CSE-005,Eastern Port Trust,Maritime Logistics,2026-09-14 02:06:41,Authentication & Brute Force,High,AST-005-04,369,No,Closed,False,1,False
ALT-2026-01216,CSE-006,Central Metro Rail,Urban Mass Transit,2026-09-01 01:23:41,Data Exfiltration Attempt,Medium,AST-006-04,96,No,Closed,False,1,False
ALT-2026-01217,CSE-003,Bharat Telecom Ltd,Telecommunications,2026-09-13 20:01:41,Perimeter Boundary Scanning,Medium,AST-003-02,80,No,Closed,False,1,False
ALT-2026-01218,CSE-003,Bharat Telecom Ltd,Telecommunications,2026-09-07 22:40:41,Privilege Escalation,Medium,AST-003-03,29,No,Closed,False,1,False
ALT-2026-01219,CSE-005,Eastern Port Trust,Maritime Logistics,2026-09-14 01:02:41,SCADA / ICS Telemetry Anomaly,Critical,AST-005-06,266,Yes,Closed,False,1,False
ALT-2026-01220,CSE-005,Eastern Port Trust,Maritime Logistics,2026-09-03 11:00:41,Malware & C2 Beaconing,Medium,AST-005-06,42,No,Closed,False,1,False
ALT-2026-01221,CSE-005,Eastern Port Trust,Maritime Logistics,2026-09-22 21:29:41,SCADA / ICS Telemetry Anomaly,High,AST-005-03,143,No,Closed,False,1,False
ALT-2026-01222,CSE-004,Metro Airport Authority,Civil Aviation,2026-09-08 20:22:41,Lateral Movement,Medium,AST-004-02,49,No,Closed,False,1,False
ALT-2026-01224,CSE-004,Metro Airport Authority,Civil Aviation,2026-09-17 19:21:41,SCADA / ICS Telemetry Anomaly,Low,AST-004-06,113,No,Closed,False,1,False
ALT-2026-01225,CSE-003,Bharat Telecom Ltd,Telecommunications,2026-09-20 05:11:41,Perimeter Boundary Scanning,High,AST-003-05,240,No,Closed,False,1,False
ALT-2026-01226,CSE-004,Metro Airport Authority,Civil Aviation,2026-09-02 08:06:41,Malware & C2 Beaconing,High,AST-004-05,7,No,Closed,True,1,False
ALT-2026-01228,CSE-001,National Power Grid Corporation,Power & Energy,2026-09-27 19:51:41,Privilege Escalation,Medium,AST-001-03,71,Yes,Closed,False,1,False
ALT-2026-01229,CSE-006,Central Metro Rail,Urban Mass Transit,2026-09-16 11:17:41,SCADA / ICS Telemetry Anomaly,Medium,AST-006-05,88,Yes,Closed,False,1,False
ALT-2026-01230,CSE-007,National Highway Authority,Transportation,2026-09-08 07:37:41,Privilege Escalation,Medium,AST-007-04,32,Yes,Closed,False,1,False
ALT-2026-01231,CSE-002,Apex National Bank,Banking & Finance,2026-09-24 05:43:41,Data Exfiltration Attempt,Medium,AST-002-05,57,No,Closed,False,1,False
ALT-2026-01233,CSE-007,National Highway Authority,Transportation,2026-09-13 14:14:41,Perimeter Boundary Scanning,Critical,AST-007-04,268,No,Closed,False,-1,True
ALT-2026-01234,CSE-005,Eastern Port Trust,Maritime Logistics,2026-09-18 20:08:41,Malware & C2 Beaconing,Medium,AST-005-04,86,No,Closed,False,1,False
ALT-2026-01235,CSE-006,Central Metro Rail,Urban Mass Transit,2026-09-23 13:23:41,Lateral Movement,Low,AST-006-01,74,No,Closed,False,1,False
ALT-2026-01236,CSE-006,Central Metro Rail,Urban Mass Transit,2026-09-11 05:43:41,Lateral Movement,Low,AST-006-01,66,Yes,Closed,False,1,False
ALT-2026-01237,CSE-003,Bharat Telecom Ltd,Telecommunications,2026-09-16 11:56:41,Data Exfiltration Attempt,Medium,AST-003-03,113,No,Closed,False,1,False
ALT-2026-01238,CSE-006,Central Metro Rail,Urban Mass Transit,2026-09-01 22:03:41,Data Exfiltration Attempt,Medium,AST-006-05,41,Yes,Closed,False,1,False
ALT-2026-01239,CSE-001,National Power Grid Corporation,Power & Energy,2026-09-19 05:13:41,Data Exfiltration Attempt,Medium,AST-001-02,40,No,Closed,False,1,False
ALT-2026-01241,CSE-004,Metro Airport Authority,Civil Aviation,2026-09-15 04:00:41,Data Exfiltration Attempt,Medium,AST-004-05,90,Yes,Closed,False,1,False
ALT-2026-01242,CSE-005,Eastern Port Trust,Maritime Logistics,2026-09-26 10:24:41,Data Exfiltration Attempt,Critical,AST-005-02,295,Yes,Closed,False,1,False
ALT-2026-01244,CSE-004,Metro Airport Authority,Civil Aviation,2026-09-04 02:47:41,Malware & C2 Beaconing,High,AST-004-06,6,No,Closed,True,1,False
ALT-2026-01245,CSE-002,Apex National Bank,Banking & Finance,2026-09-07 13:31:41,Lateral Movement,Low,AST-002-02,17,No,Closed,False,1,False
ALT-2026-01246,CSE-002,Apex National Bank,Banking & Finance,2026-09-23 22:12:41,SCADA / ICS Telemetry Anomaly,Medium,AST-002-06,32,No,Closed,False,1,False
ALT-2026-01248,CSE-007,National Highway Authority,Transportation,2026-09-24 15:41:41,Data Exfiltration Attempt,High,AST-007-01,365,No,Closed,False,1,False
ALT-2026-01250,CSE-001,National Power Grid Corporation,Power & Energy,2026-09-18 09:07:41,Lateral Movement,Low,AST-001-04,29,No,Closed,False,1,False
ALT-2026-01251,CSE-007,National Highway Authority,Transportation,2026-09-09 20:12:41,Privilege Escalation,Medium,AST-007-04,47,No,Closed,False,1,False
ALT-2026-01252,CSE-006,Central Metro Rail,Urban Mass Transit,2026-09-02 22:00:41,SCADA / ICS Telemetry Anomaly,High,AST-006-06,111,Yes,Closed,False,1,False
ALT-2026-01253,CSE-003,Bharat Telecom Ltd,Telecommunications,2026-08-31 21:06:41,Data Exfiltration Attempt,High,AST-003-05,139,No,Closed,False,1,False
ALT-2026-01254,CSE-003,Bharat Telecom Ltd,Telecommunications,2026-09-05 11:52:41,Lateral Movement,High,AST-003-06,119,No,Closed,False,1,False
ALT-2026-01255,CSE-007,National Highway Authority,Transportation,2026-09-23 11:12:41,SCADA / ICS Telemetry Anomaly,Medium,AST-007-04,116,No,Closed,False,1,False
ALT-2026-01256,CSE-007,National Highway Authority,Transportation,2026-09-18 09:32:41,Lateral Movement,Medium,AST-007-06,42,No,Closed,False,1,False
ALT-2026-01257,CSE-006,Central Metro Rail,Urban Mass Transit,2026-09-04 23:13:41,Perimeter Boundary Scanning,High,AST-006-04,140,No,Closed,False,1,False
ALT-2026-01259,CSE-005,Eastern Port Trust,Maritime Logistics,2026-09-25 12:58:41,Service Principal Anomaly,Low,AST-005-04,30,No,Closed,False,1,False
ALT-2026-01260,CSE-005,Eastern Port Trust,Maritime Logistics,2026-08-30 13:17:41,SCADA / ICS Telemetry Anomaly,High,AST-005-02,306,No,Closed,False,1,False
ALT-2026-01261,CSE-006,Central Metro Rail,Urban Mass Transit,2026-09-17 23:34:41,SCADA / ICS Telemetry Anomaly,Medium,AST-006-02,82,No,Closed,False,1,False
ALT-2026-01262,CSE-005,Eastern Port Trust,Maritime Logistics,2026-09-24 05:02:41,Malware & C2 Beaconing,Medium,AST-005-05,96,No,Closed,False,1,False
ALT-2026-01263,CSE-007,National Highway Authority,Transportation,2026-09-23 08:09:41,Lateral Movement,High,AST-007-02,312,No,Closed,False,1,False
ALT-2026-01264,CSE-003,Bharat Telecom Ltd,Telecommunications,2026-09-29 13:56:41,Privilege Escalation,High,AST-003-02,420,No,Closed,False,1,False
ALT-2026-01265,CSE-004,Metro Airport Authority,Civil Aviation,2026-09-03 10:24:41,Data Exfiltration Attempt,High,AST-004-05,4,No,Closed,True,1,False
ALT-2026-01266,CSE-002,Apex National Bank,Banking & Finance,2026-09-03 05:08:41,Data Exfiltration Attempt,Low,AST-002-02,50,No,Closed,False,1,False
ALT-2026-01267,CSE-002,Apex National Bank,Banking & Finance,2026-09-08 07:24:41,Perimeter Boundary Scanning,Critical,AST-002-05,3,No,Closed,True,1,False
ALT-2026-01268,CSE-007,National Highway Authority,Transportation,2026-09-08 20:42:41,Data Exfiltration Attempt,Medium,AST-007-01,53,No,Closed,False,1,False
ALT-2026-01269,CSE-007,National Highway Authority,Transportation,2026-08-30 16:51:41,Privilege Escalation,Low,AST-007-04,20,No,Closed,False,1,False
ALT-2026-01270,CSE-002,Apex National Bank,Banking & Finance,2026-08-31 17:28:41,Service Principal Anomaly,Medium,AST-002-06,43,Yes,Closed,False,1,False
ALT-2026-01271,CSE-007,National Highway Authority,Transportation,2026-09-07 02:46:41,Authentication & Brute Force,Medium,AST-007-06,113,No,Closed,False,1,False
ALT-2026-01272,CSE-003,Bharat Telecom Ltd,Telecommunications,2026-09-15 18:19:41,Privilege Escalation,Low,AST-003-05,25,No,Closed,False,1,False
ALT-2026-01273,CSE-002,Apex National Bank,Banking & Finance,2026-09-11 02:30:41,Privilege Escalation,Critical,AST-002-05,14,No,Closed,True,1,False
ALT-2026-01275,CSE-001,National Power Grid Corporation,Power & Energy,2026-08-30 08:49:41,Lateral Movement,Low,AST-001-05,106,No,Closed,False,1,False
ALT-2026-01276,CSE-005,Eastern Port Trust,Maritime Logistics,2026-09-28 03:20:41,Lateral Movement,Medium,AST-005-03,18,Yes,Closed,False,1,False
ALT-2026-01277,CSE-004,Metro Airport Authority,Civil Aviation,2026-09-04 15:26:41,Service Principal Anomaly,Low,AST-004-03,47,No,Closed,False,1,False
ALT-2026-01278,CSE-007,National Highway Authority,Transportation,2026-09-28 05:43:41,Privilege Escalation,Medium,AST-007-03,35,No,Closed,False,1,False
ALT-2026-01279,CSE-007,National Highway Authority,Transportation,2026-09-24 00:18:41,Malware & C2 Beaconing,High,AST-007-03,360,No,Closed,False,1,False
ALT-2026-01280,CSE-006,Central Metro Rail,Urban Mass Transit,2026-09-26 19:47:41,Perimeter Boundary Scanning,Medium,AST-006-03,96,No,Closed,False,1,False
ALT-2026-01281,CSE-007,National Highway Authority,Transportation,2026-09-15 04:24:41,SCADA / ICS Telemetry Anomaly,Low,AST-007-06,56,Yes,Closed,False,1,False
ALT-2026-01282,CSE-005,Eastern Port Trust,Maritime Logistics,2026-09-19 22:38:41,SCADA / ICS Telemetry Anomaly,High,AST-005-03,401,Yes,Closed,False,1,False
ALT-2026-01283,CSE-006,Central Metro Rail,Urban Mass Transit,2026-09-18 22:50:41,Lateral Movement,Critical,AST-006-01,242,No,Closed,False,-1,True
ALT-2026-01284,CSE-002,Apex National Bank,Banking & Finance,2026-09-15 14:57:41,SCADA / ICS Telemetry Anomaly,Medium,AST-002-02,50,Yes,Closed,False,1,False
ALT-2026-01285,CSE-006,Central Metro Rail,Urban Mass Transit,2026-09-04 10:03:41,Authentication & Brute Force,High,AST-006-05,55,No,Closed,False,1,False
ALT-2026-01286,CSE-005,Eastern Port Trust,Maritime Logistics,2026-09-23 03:01:41,Lateral Movement,Medium,AST-005-04,64,No,Closed,False,1,False
ALT-2026-01287,CSE-003,Bharat Telecom Ltd,Telecommunications,2026-09-01 08:52:41,Perimeter Boundary Scanning,Critical,AST-003-05,399,No,Closed,False,-1,True
ALT-2026-01288,CSE-001,National Power Grid Corporation,Power & Energy,2026-08-30 23:27:41,Service Principal Anomaly,Medium,AST-001-02,28,No,Closed,False,1,False
ALT-2026-01289,CSE-003,Bharat Telecom Ltd,Telecommunications,2026-09-11 14:43:41,Service Principal Anomaly,Medium,AST-003-04,70,No,Closed,False,1,False
ALT-2026-01290,CSE-006,Central Metro Rail,Urban Mass Transit,2026-09-28 04:42:41,SCADA / ICS Telemetry Anomaly,Critical,AST-006-06,226,Yes,Closed,False,1,False
ALT-2026-01291,CSE-006,Central Metro Rail,Urban Mass Transit,2026-09-10 00:45:41,SCADA / ICS Telemetry Anomaly,Low,AST-006-02,42,No,Closed,False,1,False
ALT-2026-01292,CSE-007,National Highway Authority,Transportation,2026-08-31 23:46:41,SCADA / ICS Telemetry Anomaly,Medium,AST-007-05,102,No,Closed,False,1,False
ALT-2026-01293,CSE-007,National Highway Authority,Transportation,2026-09-26 21:08:41,Lateral Movement,Medium,AST-007-01,108,No,Closed,False,1,False
ALT-2026-01294,CSE-004,Metro Airport Authority,Civil Aviation,2026-09-06 12:51:41,Malware & C2 Beaconing,Critical,AST-004-06,8,No,Closed,True,1,False
ALT-2026-01295,CSE-007,National Highway Authority,Transportation,2026-09-16 03:28:41,Service Principal Anomaly,Critical,AST-007-03,220,Yes,Closed,False,1,False
ALT-2026-01296,CSE-001,National Power Grid Corporation,Power & Energy,2026-09-24 07:47:41,Data Exfiltration Attempt,High,AST-001-04,12,No,Closed,True,1,False
ALT-2026-01298,CSE-001,National Power Grid Corporation,Power & Energy,2026-09-19 03:53:41,Authentication & Brute Force,Low,AST-001-06,87,No,Closed,False,1,False
ALT-2026-01299,CSE-004,Metro Airport Authority,Civil Aviation,2026-09-23 22:59:41,Perimeter Boundary Scanning,Critical,AST-004-03,12,No,Closed,True,1,False
ALT-2026-01300,CSE-002,Apex National Bank,Banking & Finance,2026-09-01 01:27:41,SCADA / ICS Telemetry Anomaly,Medium,AST-002-01,119,Yes,Closed,False,1,False
ALT-2026-01301,CSE-003,Bharat Telecom Ltd,Telecommunications,2026-08-31 07:06:41,Perimeter Boundary Scanning,Medium,AST-003-05,90,No,Closed,False,1,False
ALT-2026-01302,CSE-005,Eastern Port Trust,Maritime Logistics,2026-08-31 05:43:41,Lateral Movement,Medium,AST-005-02,29,Yes,Closed,False,1,False
ALT-2026-01303,CSE-007,National Highway Authority,Transportation,2026-09-14 09:22:41,Lateral Movement,Critical,AST-007-01,75,No,Closed,False,-1,True
ALT-2026-01304,CSE-006,Central Metro Rail,Urban Mass Transit,2026-09-18 23:36:41,Lateral Movement,Medium,AST-006-03,97,No,Closed,False,1,False
ALT-2026-01305,CSE-004,Metro Airport Authority,Civil Aviation,2026-09-17 02:48:41,Malware & C2 Beaconing,Medium,AST-004-03,77,No,Closed,False,1,False
ALT-2026-01306,CSE-007,National Highway Authority,Transportation,2026-09-05 06:23:41,Authentication & Brute Force,Medium,AST-007-06,20,Yes,Closed,False,1,False
ALT-2026-01307,CSE-005,Eastern Port Trust,Maritime Logistics,2026-09-29 14:53:41,Lateral Movement,High,AST-005-05,320,No,Closed,False,1,False
ALT-2026-01308,CSE-002,Apex National Bank,Banking & Finance,2026-09-13 04:29:41,Authentication & Brute Force,Low,AST-002-01,27,Yes,Closed,False,1,False
ALT-2026-01309,CSE-002,Apex National Bank,Banking & Finance,2026-09-14 09:36:41,Authentication & Brute Force,Critical,AST-002-01,8,No,Closed,True,1,False
ALT-2026-01310,CSE-003,Bharat Telecom Ltd,Telecommunications,2026-09-29 08:30:41,Perimeter Boundary Scanning,Low,AST-003-02,64,No,Closed,False,1,False
ALT-2026-01311,CSE-005,Eastern Port Trust,Maritime Logistics,2026-09-21 20:30:41,Privilege Escalation,Low,AST-005-06,69,No,Closed,False,1,False
ALT-2026-01312,CSE-003,Bharat Telecom Ltd,Telecommunications,2026-09-15 18:12:41,Lateral Movement,Low,AST-003-05,63,No,Closed,False,1,False
ALT-2026-01313,CSE-006,Central Metro Rail,Urban Mass Transit,2026-09-07 04:10:41,Service Principal Anomaly,Critical,AST-006-04,398,Yes,Closed,False,1,False
ALT-2026-01314,CSE-002,Apex National Bank,Banking & Finance,2026-09-12 06:02:41,Privilege Escalation,Low,AST-002-05,106,No,Closed,False,1,False
ALT-2026-01315,CSE-001,National Power Grid Corporation,Power & Energy,2026-09-05 12:47:41,Data Exfiltration Attempt,Low,AST-001-04,86,Yes,Closed,False,1,False
ALT-2026-01316,CSE-001,National Power Grid Corporation,Power & Energy,2026-09-22 14:19:41,Lateral Movement,High,AST-001-04,14,No,Closed,True,1,False
ALT-2026-01317,CSE-003,Bharat Telecom Ltd,Telecommunications,2026-09-14 17:03:41,Service Principal Anomaly,Medium,AST-003-06,20,No,Closed,False,1,False
ALT-2026-01318,CSE-001,National Power Grid Corporation,Power & Energy,2026-09-11 16:03:41,Perimeter Boundary Scanning,Low,AST-001-04,47,No,Closed,False,1,False
ALT-2026-01319,CSE-002,Apex National Bank,Banking & Finance,2026-08-30 06:40:41,Malware & C2 Beaconing,High,AST-002-06,12,No,Closed,True,1,False
ALT-2026-01320,CSE-004,Metro Airport Authority,Civil Aviation,2026-09-29 02:08:41,Data Exfiltration Attempt,Medium,AST-004-01,51,Yes,Closed,False,1,False
ALT-2026-01322,CSE-006,Central Metro Rail,Urban Mass Transit,2026-09-22 15:48:41,Authentication & Brute Force,Medium,AST-006-05,119,No,Closed,False,1,False
ALT-2026-01323,CSE-001,National Power Grid Corporation,Power & Energy,2026-09-28 19:20:41,Service Principal Anomaly,Low,AST-001-06,97,No,Closed,False,1,False
ALT-2026-01324,CSE-006,Central Metro Rail,Urban Mass Transit,2026-09-13 20:56:41,Perimeter Boundary Scanning,Low,AST-006-05,96,No,Closed,False,1,False
ALT-2026-01325,CSE-003,Bharat Telecom Ltd,Telecommunications,2026-09-22 11:54:41,SCADA / ICS Telemetry Anomaly,Low,AST-003-04,64,No,Closed,False,1,False
ALT-2026-01326,CSE-003,Bharat Telecom Ltd,Telecommunications,2026-09-25 14:43:41,Lateral Movement,Medium,AST-003-02,84,No,Closed,False,1,False
ALT-2026-01327,CSE-004,Metro Airport Authority,Civil Aviation,2026-09-01 02:43:41,Service Principal Anomaly,High,AST-004-03,8,No,Closed,True,1,False
ALT-2026-01328,CSE-006,Central Metro Rail,Urban Mass Transit,2026-09-17 11:26:41,Data Exfiltration Attempt,High,AST-006-05,409,Yes,Closed,False,-1,True
ALT-2026-01329,CSE-007,National Highway Authority,Transportation,2026-09-04 02:49:41,Privilege Escalation,High,AST-007-05,117,No,Closed,False,1,False
ALT-2026-01330,CSE-001,National Power Grid Corporation,Power & Energy,2026-09-23 09:51:41,SCADA / ICS Telemetry Anomaly,Medium,AST-001-04,81,No,Closed,False,1,False
ALT-2026-01331,CSE-006,Central Metro Rail,Urban Mass Transit,2026-09-24 07:25:41,SCADA / ICS Telemetry Anomaly,Medium,AST-006-04,88,Yes,Closed,False,1,False
ALT-2026-01332,CSE-007,National Highway Authority,Transportation,2026-09-06 11:24:41,Service Principal Anomaly,High,AST-007-01,435,No,Closed,False,1,False
ALT-2026-01333,CSE-001,National Power Grid Corporation,Power & Energy,2026-09-29 14:51:41,Malware & C2 Beaconing,High,AST-001-02,7,No,Closed,True,1,False
ALT-2026-01335,CSE-007,National Highway Authority,Transportation,2026-09-12 10:15:41,SCADA / ICS Telemetry Anomaly,High,AST-007-05,105,No,Closed,False,1,False
ALT-2026-01336,CSE-004,Metro Airport Authority,Civil Aviation,2026-09-07 07:28:41,Data Exfiltration Attempt,Low,AST-004-02,99,No,Closed,False,1,False
ALT-2026-01337,CSE-004,Metro Airport Authority,Civil Aviation,2026-09-14 03:42:41,SCADA / ICS Telemetry Anomaly,Medium,AST-004-05,90,No,Closed,False,1,False
ALT-2026-01338,CSE-004,Metro Airport Authority,Civil Aviation,2026-09-01 15:41:41,Perimeter Boundary Scanning,Low,AST-004-06,25,Yes,Closed,False,-1,True
ALT-2026-01339,CSE-002,Apex National Bank,Banking & Finance,2026-09-25 19:00:41,Perimeter Boundary Scanning,High,AST-002-05,14,No,Closed,True,1,False
ALT-2026-01340,CSE-004,Metro Airport Authority,Civil Aviation,2026-09-28 20:15:41,Lateral Movement,Low,AST-004-01,61,Yes,Closed,False,1,False
ALT-2026-01341,CSE-003,Bharat Telecom Ltd,Telecommunications,2026-09-01 11:09:41,Data Exfiltration Attempt,Medium,AST-003-06,48,No,Closed,False,1,False
ALT-2026-01342,CSE-006,Central Metro Rail,Urban Mass Transit,2026-09-14 19:07:41,Perimeter Boundary Scanning,Medium,AST-006-01,31,No,Closed,False,1,False
ALT-2026-01343,CSE-004,Metro Airport Authority,Civil Aviation,2026-09-23 00:48:41,Lateral Movement,Critical,AST-004-04,12,No,Closed,True,1,False
ALT-2026-01344,CSE-003,Bharat Telecom Ltd,Telecommunications,2026-09-03 23:18:41,Lateral Movement,High,AST-003-02,220,No,Closed,False,1,False
ALT-2026-01345,CSE-003,Bharat Telecom Ltd,Telecommunications,2026-09-21 13:14:41,Service Principal Anomaly,Low,AST-003-02,25,No,Closed,False,1,False
ALT-2026-01346,CSE-007,National Highway Authority,Transportation,2026-09-26 09:08:41,SCADA / ICS Telemetry Anomaly,High,AST-007-01,123,Yes,Closed,False,1,False
ALT-2026-01347,CSE-001,National Power Grid Corporation,Power & Energy,2026-09-06 05:17:41,Malware & C2 Beaconing,High,AST-001-03,12,No,Closed,True,1,False
ALT-2026-01348,CSE-006,Central Metro Rail,Urban Mass Transit,2026-09-25 21:05:41,Authentication & Brute Force,Medium,AST-006-06,40,No,Closed,False,1,False
ALT-2026-01349,CSE-001,National Power Grid Corporation,Power & Energy,2026-09-15 18:58:41,Data Exfiltration Attempt,Critical,AST-001-06,3,No,Closed,True,1,False
ALT-2026-01350,CSE-002,Apex National Bank,Banking & Finance,2026-09-14 09:27:41,Service Principal Anomaly,Medium,AST-002-02,38,No,Closed,False,1,False
ALT-2026-01351,CSE-001,National Power Grid Corporation,Power & Energy,2026-09-27 11:00:41,Privilege Escalation,Critical,AST-001-06,10,No,Closed,True,1,False
ALT-2026-01352,CSE-006,Central Metro Rail,Urban Mass Transit,2026-09-05 14:00:41,SCADA / ICS Telemetry Anomaly,Low,AST-006-05,111,Yes,Closed,False,-1,True
ALT-2026-01353,CSE-003,Bharat Telecom Ltd,Telecommunications,2026-09-23 02:56:41,Perimeter Boundary Scanning,Medium,AST-003-02,82,No,Closed,False,1,False
ALT-2026-01354,CSE-001,National Power Grid Corporation,Power & Energy,2026-09-27 00:50:41,Authentication & Brute Force,Medium,AST-001-06,119,No,Closed,False,1,False
ALT-2026-01355,CSE-001,National Power Grid Corporation,Power & Energy,2026-09-18 21:23:41,Perimeter Boundary Scanning,Medium,AST-001-04,92,Yes,Closed,False,1,False
ALT-2026-01356,CSE-006,Central Metro Rail,Urban Mass Transit,2026-09-04 00:49:41,Service Principal Anomaly,High,AST-006-05,295,No,Closed,False,1,False
ALT-2026-01357,CSE-001,National Power Grid Corporation,Power & Energy,2026-09-07 04:46:41,Service Principal Anomaly,Low,AST-001-04,56,No,Closed,False,1,False
ALT-2026-01358,CSE-002,Apex National Bank,Banking & Finance,2026-09-24 16:24:41,Lateral Movement,High,AST-002-03,2,No,Closed,True,1,False
ALT-2026-01359,CSE-007,National Highway Authority,Transportation,2026-09-09 11:47:41,Perimeter Boundary Scanning,Critical,AST-007-01,450,Yes,Closed,False,-1,True
ALT-2026-01360,CSE-004,Metro Airport Authority,Civil Aviation,2026-09-14 11:55:41,Perimeter Boundary Scanning,High,AST-004-03,9,No,Closed,True,1,False
ALT-2026-01361,CSE-007,National Highway Authority,Transportation,2026-09-12 07:58:41,Data Exfiltration Attempt,Medium,AST-007-06,107,No,Closed,False,1,False
ALT-2026-01362,CSE-003,Bharat Telecom Ltd,Telecommunications,2026-08-30 13:08:41,Perimeter Boundary Scanning,Medium,AST-003-04,92,Yes,Closed,False,1,False
ALT-2026-01363,CSE-001,National Power Grid Corporation,Power & Energy,2026-08-30 06:32:41,SCADA / ICS Telemetry Anomaly,High,AST-001-05,6,No,Closed,True,1,False
ALT-2026-01365,CSE-004,Metro Airport Authority,Civil Aviation,2026-09-18 02:57:41,Data Exfiltration Attempt,Low,AST-004-03,103,No,Closed,False,1,False
ALT-2026-01366,CSE-003,Bharat Telecom Ltd,Telecommunications,2026-09-11 05:28:41,Data Exfiltration Attempt,Low,AST-003-02,56,No,Closed,False,1,False
ALT-2026-01367,CSE-005,Eastern Port Trust,Maritime Logistics,2026-09-14 15:52:41,Malware & C2 Beaconing,High,AST-005-05,120,Yes,Closed,False,1,False
ALT-2026-01368,CSE-006,Central Metro Rail,Urban Mass Transit,2026-09-21 13:44:41,Lateral Movement,Medium,AST-006-04,116,No,Closed,False,1,False
ALT-2026-01369,CSE-002,Apex National Bank,Banking & Finance,2026-09-09 15:52:41,Perimeter Boundary Scanning,Low,AST-002-03,76,No,Closed,False,1,False
ALT-2026-01370,CSE-005,Eastern Port Trust,Maritime Logistics,2026-09-22 20:00:41,Malware & C2 Beaconing,High,AST-005-04,76,Yes,Closed,False,1,False
ALT-2026-01371,CSE-006,Central Metro Rail,Urban Mass Transit,2026-09-03 15:53:41,Privilege Escalation,High,AST-006-03,196,No,Closed,False,1,False
ALT-2026-01372,CSE-007,National Highway Authority,Transportation,2026-08-31 11:44:41,Lateral Movement,Medium,AST-007-03,91,No,Closed,False,1,False
ALT-2026-01373,CSE-006,Central Metro Rail,Urban Mass Transit,2026-09-10 01:54:41,SCADA / ICS Telemetry Anomaly,Medium,AST-006-04,56,Yes,Closed,False,1,False
ALT-2026-01374,CSE-002,Apex National Bank,Banking & Finance,2026-09-18 16:48:41,Authentication & Brute Force,Medium,AST-002-03,97,Yes,Closed,False,1,False
ALT-2026-01375,CSE-007,National Highway Authority,Transportation,2026-09-11 14:16:41,Authentication & Brute Force,Medium,AST-007-02,106,Yes,Closed,False,1,False
ALT-2026-01376,CSE-005,Eastern Port Trust,Maritime Logistics,2026-09-23 17:57:41,Malware & C2 Beaconing,Medium,AST-005-04,60,No,Closed,False,1,False
ALT-2026-01378,CSE-007,National Highway Authority,Transportation,2026-08-31 07:58:41,Data Exfiltration Attempt,Critical,AST-007-01,394,Yes,Closed,False,1,False
ALT-2026-01379,CSE-002,Apex National Bank,Banking & Finance,2026-09-05 09:03:41,SCADA / ICS Telemetry Anomaly,Medium,AST-002-05,56,No,Closed,False,1,False
ALT-2026-01380,CSE-003,Bharat Telecom Ltd,Telecommunications,2026-09-14 15:30:41,Lateral Movement,Medium,AST-003-04,20,Yes,Closed,False,1,False
ALT-2026-01381,CSE-003,Bharat Telecom Ltd,Telecommunications,2026-09-07 13:35:41,Perimeter Boundary Scanning,Medium,AST-003-03,36,Yes,Closed,False,1,False
ALT-2026-01383,CSE-006,Central Metro Rail,Urban Mass Transit,2026-09-20 02:11:41,Service Principal Anomaly,Medium,AST-006-01,98,No,Closed,False,1,False
ALT-2026-01384,CSE-004,Metro Airport Authority,Civil Aviation,2026-09-04 12:25:41,Data Exfiltration Attempt,High,AST-004-06,11,No,Closed,True,1,False
ALT-2026-01385,CSE-002,Apex National Bank,Banking & Finance,2026-08-31 21:20:41,Privilege Escalation,High,AST-002-03,2,No,Closed,True,1,False
ALT-2026-01386,CSE-005,Eastern Port Trust,Maritime Logistics,2026-09-29 07:12:41,Data Exfiltration Attempt,Low,AST-005-04,57,No,Closed,False,1,False
ALT-2026-01387,CSE-005,Eastern Port Trust,Maritime Logistics,2026-09-05 10:14:41,Service Principal Anomaly,Medium,AST-005-05,91,No,Closed,False,1,False
ALT-2026-01388,CSE-001,National Power Grid Corporation,Power & Energy,2026-09-02 15:33:41,Authentication & Brute Force,Low,AST-001-02,50,No,Closed,False,1,False
ALT-2026-01389,CSE-001,National Power Grid Corporation,Power & Energy,2026-09-18 09:31:41,Data Exfiltration Attempt,Low,AST-001-03,109,Yes,Closed,False,-1,True
ALT-2026-01390,CSE-001,National Power Grid Corporation,Power & Energy,2026-09-01 12:53:41,SCADA / ICS Telemetry Anomaly,High,AST-001-06,14,No,Closed,True,1,False
ALT-2026-01391,CSE-006,Central Metro Rail,Urban Mass Transit,2026-09-04 15:16:41,Service Principal Anomaly,High,AST-006-03,102,Yes,Closed,False,1,False
ALT-2026-01393,CSE-004,Metro Airport Authority,Civil Aviation,2026-09-16 01:46:41,SCADA / ICS Telemetry Anomaly,Low,AST-004-06,88,No,Closed,False,1,False
ALT-2026-01394,CSE-002,Apex National Bank,Banking & Finance,2026-09-04 08:11:41,Privilege Escalation,Low,AST-002-05,39,No,Closed,False,1,False
ALT-2026-01395,CSE-007,National Highway Authority,Transportation,2026-09-15 22:28:41,Service Principal Anomaly,Medium,AST-007-05,106,Yes,Closed,False,1,False
ALT-2026-01396,CSE-004,Metro Airport Authority,Civil Aviation,2026-09-03 00:38:41,SCADA / ICS Telemetry Anomaly,High,AST-004-02,7,No,Closed,True,1,False
ALT-2026-01397,CSE-006,Central Metro Rail,Urban Mass Transit,2026-09-09 04:46:41,SCADA / ICS Telemetry Anomaly,Medium,AST-006-06,62,No,Closed,False,1,False
ALT-2026-01398,CSE-004,Metro Airport Authority,Civil Aviation,2026-09-07 22:46:41,Perimeter Boundary Scanning,Low,AST-004-06,26,No,Closed,False,1,False
ALT-2026-01399,CSE-004,Metro Airport Authority,Civil Aviation,2026-09-04 22:17:41,SCADA / ICS Telemetry Anomaly,Low,AST-004-05,58,No,Closed,False,1,False
ALT-2026-01400,CSE-007,National Highway Authority,Transportation,2026-09-06 10:18:41,SCADA / ICS Telemetry Anomaly,Low,AST-007-01,116,No,Closed,False,1,False
