case_id,alert_id,entity_id,entity_name,investigation_time_minutes,notes_template_flag,investigation_notes,outcome,analyst_id
CAS-2026-00001,ALT-2026-00001,CSE-005,Eastern Port Trust,55,Custom Detailed,"SCADA RTU dual-homed gateway drop verified. Packet capture confirms unencrypted syslog suppression. Firewall rule AST-FW-SUB-04 revised, management interface locked down.",Remediated,OPR-105
CAS-2026-00002,ALT-2026-00002,CSE-004,Metro Airport Authority,7,Template,Whitelisted per shift supervisor instruction. Ticket closed.,Suppressed / False Positive,OPR-111
CAS-2026-00003,ALT-2026-00003,CSE-001,National Power Grid Corporation,7,Template,Whitelisted per shift supervisor instruction. Ticket closed.,Suppressed / False Positive,OPR-109
CAS-2026-00004,ALT-2026-00004,CSE-002,Apex National Bank,5,Template,Whitelisted per shift supervisor instruction. Ticket closed.,Suppressed / False Positive,OPR-102
CAS-2026-00005,ALT-2026-00005,CSE-002,Apex National Bank,7,Template,Automated ticket closure - SLA satisfied.,Suppressed / False Positive,OPR-103
CAS-2026-00006,ALT-2026-00006,CSE-003,Bharat Telecom Ltd,65,Custom Detailed,"SCADA RTU dual-homed gateway drop verified. Packet capture confirms unencrypted syslog suppression. Firewall rule AST-FW-SUB-04 revised, management interface locked down.",Remediated,OPR-108
CAS-2026-00007,ALT-2026-00008,CSE-004,Metro Airport Authority,117,Custom Detailed,"Entra ID service principal role elevation detected outside maintenance window. Revoked global admin consent grant, triggered automated credential rotation.",Remediated,OPR-105
CAS-2026-00008,ALT-2026-00009,CSE-004,Metro Airport Authority,159,Custom Detailed,"Entra ID service principal role elevation detected outside maintenance window. Revoked global admin consent grant, triggered automated credential rotation.",Remediated,OPR-104
CAS-2026-00009,ALT-2026-00010,CSE-002,Apex National Bank,91,Template,Whitelisted per shift supervisor instruction. Ticket closed.,Suppressed / False Positive,OPR-104
CAS-2026-00010,ALT-2026-00011,CSE-005,Eastern Port Trust,170,Custom Detailed,Airside baggage sorting controller PLC connection reset inspected. Traced to unauthorized dual-homed maintenance laptop; physical port disabled on switch 4A.,Remediated,OPR-105
CAS-2026-00011,ALT-2026-00012,CSE-005,Eastern Port Trust,132,Custom Detailed,"Entra ID service principal role elevation detected outside maintenance window. Revoked global admin consent grant, triggered automated credential rotation.",Remediated,OPR-111
CAS-2026-00012,ALT-2026-00013,CSE-003,Bharat Telecom Ltd,180,Custom Detailed,"SCADA RTU dual-homed gateway drop verified. Packet capture confirms unencrypted syslog suppression. Firewall rule AST-FW-SUB-04 revised, management interface locked down.",Remediated,OPR-101
CAS-2026-00013,ALT-2026-00014,CSE-001,National Power Grid Corporation,2,Template,Whitelisted per shift supervisor instruction. Ticket closed.,Suppressed / False Positive,OPR-104
CAS-2026-00014,ALT-2026-00015,CSE-003,Bharat Telecom Ltd,134,Custom Detailed,Airside baggage sorting controller PLC connection reset inspected. Traced to unauthorized dual-homed maintenance laptop; physical port disabled on switch 4A.,Remediated,OPR-102
CAS-2026-00015,ALT-2026-00016,CSE-001,National Power Grid Corporation,7,Template,Resolved as per standard SOP - closed.,Suppressed / False Positive,OPR-111
CAS-2026-00016,ALT-2026-00017,CSE-001,National Power Grid Corporation,65,Custom Detailed,Airside baggage sorting controller PLC connection reset inspected. Traced to unauthorized dual-homed maintenance laptop; physical port disabled on switch 4A.,Remediated,OPR-103
CAS-2026-00017,ALT-2026-00019,CSE-007,National Highway Authority,127,Custom Detailed,"SCADA RTU dual-homed gateway drop verified. Packet capture confirms unencrypted syslog suppression. Firewall rule AST-FW-SUB-04 revised, management interface locked down.",Remediated,OPR-107
CAS-2026-00018,ALT-2026-00020,CSE-003,Bharat Telecom Ltd,69,Custom Detailed,Airside baggage sorting controller PLC connection reset inspected. Traced to unauthorized dual-homed maintenance laptop; physical port disabled on switch 4A.,Remediated,OPR-105
CAS-2026-00019,ALT-2026-00021,CSE-002,Apex National Bank,70,Template,False positive reported by analyst. Closed.,Suppressed / False Positive,OPR-109
CAS-2026-00020,ALT-2026-00022,CSE-001,National Power Grid Corporation,178,Custom Detailed,"SCADA RTU dual-homed gateway drop verified. Packet capture confirms unencrypted syslog suppression. Firewall rule AST-FW-SUB-04 revised, management interface locked down.",Remediated,OPR-101
CAS-2026-00021,ALT-2026-00023,CSE-005,Eastern Port Trust,131,Custom Detailed,"Entra ID service principal role elevation detected outside maintenance window. Revoked global admin consent grant, triggered automated credential rotation.",Remediated,OPR-111
CAS-2026-00022,ALT-2026-00024,CSE-006,Central Metro Rail,159,Custom Detailed,"SCADA RTU dual-homed gateway drop verified. Packet capture confirms unencrypted syslog suppression. Firewall rule AST-FW-SUB-04 revised, management interface locked down.",Remediated,OPR-103
CAS-2026-00023,ALT-2026-00026,CSE-006,Central Metro Rail,99,Custom Detailed,"SCADA RTU dual-homed gateway drop verified. Packet capture confirms unencrypted syslog suppression. Firewall rule AST-FW-SUB-04 revised, management interface locked down.",Remediated,OPR-110
CAS-2026-00024,ALT-2026-00027,CSE-002,Apex National Bank,138,Custom Detailed,"Identified anomalous Kerberos ticket request from host 10.24.18.99. Isolated endpoint, extracted memory dump for forensic sandbox, escalated to Tier-3 incident handler.",Remediated,OPR-101
CAS-2026-00025,ALT-2026-00028,CSE-001,National Power Grid Corporation,7,Template,False positive reported by analyst. Closed.,Suppressed / False Positive,OPR-109
CAS-2026-00026,ALT-2026-00029,CSE-001,National Power Grid Corporation,40,Custom Detailed,"SCADA RTU dual-homed gateway drop verified. Packet capture confirms unencrypted syslog suppression. Firewall rule AST-FW-SUB-04 revised, management interface locked down.",Remediated,OPR-106
CAS-2026-00027,ALT-2026-00030,CSE-007,National Highway Authority,69,Custom Detailed,Airside baggage sorting controller PLC connection reset inspected. Traced to unauthorized dual-homed maintenance laptop; physical port disabled on switch 4A.,Remediated,OPR-114
CAS-2026-00028,ALT-2026-00031,CSE-002,Apex National Bank,8,Template,Whitelisted per shift supervisor instruction. Ticket closed.,Suppressed / False Positive,OPR-113
CAS-2026-00029,ALT-2026-00032,CSE-006,Central Metro Rail,150,Custom Detailed,"Identified anomalous Kerberos ticket request from host 10.24.18.99. Isolated endpoint, extracted memory dump for forensic sandbox, escalated to Tier-3 incident handler.",Remediated,OPR-104
CAS-2026-00030,ALT-2026-00033,CSE-007,National Highway Authority,114,Custom Detailed,Airside baggage sorting controller PLC connection reset inspected. Traced to unauthorized dual-homed maintenance laptop; physical port disabled on switch 4A.,Remediated,OPR-114
CAS-2026-00031,ALT-2026-00034,CSE-001,National Power Grid Corporation,75,Custom Detailed,"Entra ID service principal role elevation detected outside maintenance window. Revoked global admin consent grant, triggered automated credential rotation.",Remediated,OPR-105
CAS-2026-00032,ALT-2026-00035,CSE-001,National Power Grid Corporation,128,Custom Detailed,"Identified anomalous Kerberos ticket request from host 10.24.18.99. Isolated endpoint, extracted memory dump for forensic sandbox, escalated to Tier-3 incident handler.",Remediated,OPR-104
CAS-2026-00033,ALT-2026-00036,CSE-003,Bharat Telecom Ltd,123,Custom Detailed,"SCADA RTU dual-homed gateway drop verified. Packet capture confirms unencrypted syslog suppression. Firewall rule AST-FW-SUB-04 revised, management interface locked down.",Remediated,OPR-102
CAS-2026-00034,ALT-2026-00037,CSE-006,Central Metro Rail,134,Custom Detailed,"Entra ID service principal role elevation detected outside maintenance window. Revoked global admin consent grant, triggered automated credential rotation.",Remediated,OPR-107
CAS-2026-00035,ALT-2026-00038,CSE-006,Central Metro Rail,133,Custom Detailed,"Entra ID service principal role elevation detected outside maintenance window. Revoked global admin consent grant, triggered automated credential rotation.",Remediated,OPR-114
CAS-2026-00036,ALT-2026-00039,CSE-001,National Power Grid Corporation,84,Custom Detailed,Airside baggage sorting controller PLC connection reset inspected. Traced to unauthorized dual-homed maintenance laptop; physical port disabled on switch 4A.,Remediated,OPR-108
CAS-2026-00037,ALT-2026-00040,CSE-007,National Highway Authority,109,Custom Detailed,"SCADA RTU dual-homed gateway drop verified. Packet capture confirms unencrypted syslog suppression. Firewall rule AST-FW-SUB-04 revised, management interface locked down.",Remediated,OPR-113
CAS-2026-00038,ALT-2026-00041,CSE-002,Apex National Bank,177,Custom Detailed,Airside baggage sorting controller PLC connection reset inspected. Traced to unauthorized dual-homed maintenance laptop; physical port disabled on switch 4A.,Remediated,OPR-112
CAS-2026-00039,ALT-2026-00042,CSE-006,Central Metro Rail,138,Template,Resolved as per standard SOP - closed.,Suppressed / False Positive,OPR-103
CAS-2026-00040,ALT-2026-00043,CSE-007,National Highway Authority,148,Custom Detailed,"SCADA RTU dual-homed gateway drop verified. Packet capture confirms unencrypted syslog suppression. Firewall rule AST-FW-SUB-04 revised, management interface locked down.",Remediated,OPR-109
CAS-2026-00041,ALT-2026-00044,CSE-005,Eastern Port Trust,70,Custom Detailed,Airside baggage sorting controller PLC connection reset inspected. Traced to unauthorized dual-homed maintenance laptop; physical port disabled on switch 4A.,Remediated,OPR-114
CAS-2026-00042,ALT-2026-00045,CSE-004,Metro Airport Authority,100,Custom Detailed,"SCADA RTU dual-homed gateway drop verified. Packet capture confirms unencrypted syslog suppression. Firewall rule AST-FW-SUB-04 revised, management interface locked down.",Remediated,OPR-102
CAS-2026-00043,ALT-2026-00046,CSE-006,Central Metro Rail,69,Template,Automated ticket closure - SLA satisfied.,Suppressed / False Positive,OPR-104
CAS-2026-00044,ALT-2026-00047,CSE-001,National Power Grid Corporation,5,Template,Automated ticket closure - SLA satisfied.,Suppressed / False Positive,OPR-112
CAS-2026-00045,ALT-2026-00048,CSE-001,National Power Grid Corporation,8,Template,Whitelisted per shift supervisor instruction. Ticket closed.,Suppressed / False Positive,OPR-114
CAS-2026-00046,ALT-2026-00049,CSE-007,National Highway Authority,133,Custom Detailed,"Entra ID service principal role elevation detected outside maintenance window. Revoked global admin consent grant, triggered automated credential rotation.",Remediated,OPR-103
CAS-2026-00047,ALT-2026-00050,CSE-007,National Highway Authority,64,Custom Detailed,Airside baggage sorting controller PLC connection reset inspected. Traced to unauthorized dual-homed maintenance laptop; physical port disabled on switch 4A.,Remediated,OPR-103
CAS-2026-00048,ALT-2026-00052,CSE-004,Metro Airport Authority,37,Custom Detailed,"Identified anomalous Kerberos ticket request from host 10.24.18.99. Isolated endpoint, extracted memory dump for forensic sandbox, escalated to Tier-3 incident handler.",Remediated,OPR-104
CAS-2026-00049,ALT-2026-00053,CSE-007,National Highway Authority,124,Template,Whitelisted per shift supervisor instruction. Ticket closed.,Suppressed / False Positive,OPR-110
CAS-2026-00050,ALT-2026-00054,CSE-005,Eastern Port Trust,109,Custom Detailed,"Identified anomalous Kerberos ticket request from host 10.24.18.99. Isolated endpoint, extracted memory dump for forensic sandbox, escalated to Tier-3 incident handler.",Remediated,OPR-111
CAS-2026-00051,ALT-2026-00055,CSE-004,Metro Airport Authority,60,Custom Detailed,"Entra ID service principal role elevation detected outside maintenance window. Revoked global admin consent grant, triggered automated credential rotation.",Remediated,OPR-113
CAS-2026-00052,ALT-2026-00056,CSE-001,National Power Grid Corporation,2,Template,Whitelisted per shift supervisor instruction. Ticket closed.,Suppressed / False Positive,OPR-114
CAS-2026-00053,ALT-2026-00057,CSE-004,Metro Airport Authority,167,Custom Detailed,"Entra ID service principal role elevation detected outside maintenance window. Revoked global admin consent grant, triggered automated credential rotation.",Remediated,OPR-108
CAS-2026-00054,ALT-2026-00058,CSE-004,Metro Airport Authority,4,Template,Resolved as per standard SOP - closed.,Suppressed / False Positive,OPR-104
CAS-2026-00055,ALT-2026-00059,CSE-007,National Highway Authority,120,Custom Detailed,"SCADA RTU dual-homed gateway drop verified. Packet capture confirms unencrypted syslog suppression. Firewall rule AST-FW-SUB-04 revised, management interface locked down.",Remediated,OPR-106
CAS-2026-00056,ALT-2026-00060,CSE-003,Bharat Telecom Ltd,155,Custom Detailed,Airside baggage sorting controller PLC connection reset inspected. Traced to unauthorized dual-homed maintenance laptop; physical port disabled on switch 4A.,Remediated,OPR-113
CAS-2026-00057,ALT-2026-00061,CSE-002,Apex National Bank,4,Template,Resolved as per standard SOP - closed.,Suppressed / False Positive,OPR-107
CAS-2026-00058,ALT-2026-00062,CSE-006,Central Metro Rail,120,Custom Detailed,"Entra ID service principal role elevation detected outside maintenance window. Revoked global admin consent grant, triggered automated credential rotation.",Remediated,OPR-108
CAS-2026-00059,ALT-2026-00063,CSE-003,Bharat Telecom Ltd,79,Template,Alert acknowledged. Nominal traffic confirmed. No further action.,Suppressed / False Positive,OPR-112
CAS-2026-00060,ALT-2026-00064,CSE-004,Metro Airport Authority,33,Custom Detailed,"Entra ID service principal role elevation detected outside maintenance window. Revoked global admin consent grant, triggered automated credential rotation.",Remediated,OPR-109
CAS-2026-00061,ALT-2026-00065,CSE-002,Apex National Bank,33,Custom Detailed,"Identified anomalous Kerberos ticket request from host 10.24.18.99. Isolated endpoint, extracted memory dump for forensic sandbox, escalated to Tier-3 incident handler.",Remediated,OPR-105
CAS-2026-00062,ALT-2026-00066,CSE-004,Metro Airport Authority,132,Custom Detailed,"Identified anomalous Kerberos ticket request from host 10.24.18.99. Isolated endpoint, extracted memory dump for forensic sandbox, escalated to Tier-3 incident handler.",Remediated,OPR-102
CAS-2026-00063,ALT-2026-00067,CSE-005,Eastern Port Trust,60,Custom Detailed,"SCADA RTU dual-homed gateway drop verified. Packet capture confirms unencrypted syslog suppression. Firewall rule AST-FW-SUB-04 revised, management interface locked down.",Remediated,OPR-113
CAS-2026-00064,ALT-2026-00068,CSE-004,Metro Airport Authority,108,Custom Detailed,Airside baggage sorting controller PLC connection reset inspected. Traced to unauthorized dual-homed maintenance laptop; physical port disabled on switch 4A.,Remediated,OPR-110
CAS-2026-00065,ALT-2026-00070,CSE-002,Apex National Bank,7,Template,Whitelisted per shift supervisor instruction. Ticket closed.,Suppressed / False Positive,OPR-112
CAS-2026-00066,ALT-2026-00071,CSE-007,National Highway Authority,138,Custom Detailed,"SCADA RTU dual-homed gateway drop verified. Packet capture confirms unencrypted syslog suppression. Firewall rule AST-FW-SUB-04 revised, management interface locked down.",Remediated,OPR-109
CAS-2026-00067,ALT-2026-00072,CSE-002,Apex National Bank,175,Template,False positive reported by analyst. Closed.,Suppressed / False Positive,OPR-108
CAS-2026-00068,ALT-2026-00073,CSE-001,National Power Grid Corporation,140,Custom Detailed,"Identified anomalous Kerberos ticket request from host 10.24.18.99. Isolated endpoint, extracted memory dump for forensic sandbox, escalated to Tier-3 incident handler.",Remediated,OPR-106
CAS-2026-00069,ALT-2026-00075,CSE-007,National Highway Authority,53,Custom Detailed,Airside baggage sorting controller PLC connection reset inspected. Traced to unauthorized dual-homed maintenance laptop; physical port disabled on switch 4A.,Remediated,OPR-106
CAS-2026-00070,ALT-2026-00076,CSE-004,Metro Airport Authority,170,Custom Detailed,Airside baggage sorting controller PLC connection reset inspected. Traced to unauthorized dual-homed maintenance laptop; physical port disabled on switch 4A.,Remediated,OPR-108
CAS-2026-00071,ALT-2026-00077,CSE-001,National Power Grid Corporation,168,Custom Detailed,"Identified anomalous Kerberos ticket request from host 10.24.18.99. Isolated endpoint, extracted memory dump for forensic sandbox, escalated to Tier-3 incident handler.",Remediated,OPR-107
CAS-2026-00072,ALT-2026-00078,CSE-001,National Power Grid Corporation,103,Template,Alert acknowledged. Nominal traffic confirmed. No further action.,Suppressed / False Positive,OPR-115
CAS-2026-00073,ALT-2026-00079,CSE-006,Central Metro Rail,87,Custom Detailed,"Identified anomalous Kerberos ticket request from host 10.24.18.99. Isolated endpoint, extracted memory dump for forensic sandbox, escalated to Tier-3 incident handler.",Remediated,OPR-108
CAS-2026-00074,ALT-2026-00080,CSE-001,National Power Grid Corporation,92,Custom Detailed,Airside baggage sorting controller PLC connection reset inspected. Traced to unauthorized dual-homed maintenance laptop; physical port disabled on switch 4A.,Remediated,OPR-109
CAS-2026-00075,ALT-2026-00081,CSE-002,Apex National Bank,159,Custom Detailed,"Entra ID service principal role elevation detected outside maintenance window. Revoked global admin consent grant, triggered automated credential rotation.",Remediated,OPR-114
CAS-2026-00076,ALT-2026-00082,CSE-001,National Power Grid Corporation,146,Custom Detailed,Airside baggage sorting controller PLC connection reset inspected. Traced to unauthorized dual-homed maintenance laptop; physical port disabled on switch 4A.,Remediated,OPR-114
CAS-2026-00077,ALT-2026-00083,CSE-002,Apex National Bank,2,Template,Automated ticket closure - SLA satisfied.,Suppressed / False Positive,OPR-112
CAS-2026-00078,ALT-2026-00084,CSE-004,Metro Airport Authority,55,Template,Whitelisted per shift supervisor instruction. Ticket closed.,Suppressed / False Positive,OPR-102
CAS-2026-00079,ALT-2026-00085,CSE-005,Eastern Port Trust,116,Custom Detailed,"Entra ID service principal role elevation detected outside maintenance window. Revoked global admin consent grant, triggered automated credential rotation.",Remediated,OPR-112
CAS-2026-00080,ALT-2026-00086,CSE-004,Metro Airport Authority,168,Custom Detailed,Airside baggage sorting controller PLC connection reset inspected. Traced to unauthorized dual-homed maintenance laptop; physical port disabled on switch 4A.,Remediated,OPR-110
CAS-2026-00081,ALT-2026-00087,CSE-001,National Power Grid Corporation,143,Template,Resolved as per standard SOP - closed.,Suppressed / False Positive,OPR-112
CAS-2026-00082,ALT-2026-00088,CSE-003,Bharat Telecom Ltd,165,Custom Detailed,"SCADA RTU dual-homed gateway drop verified. Packet capture confirms unencrypted syslog suppression. Firewall rule AST-FW-SUB-04 revised, management interface locked down.",Remediated,OPR-110
CAS-2026-00083,ALT-2026-00089,CSE-006,Central Metro Rail,89,Custom Detailed,"SCADA RTU dual-homed gateway drop verified. Packet capture confirms unencrypted syslog suppression. Firewall rule AST-FW-SUB-04 revised, management interface locked down.",Remediated,OPR-111
CAS-2026-00084,ALT-2026-00090,CSE-003,Bharat Telecom Ltd,48,Custom Detailed,"SCADA RTU dual-homed gateway drop verified. Packet capture confirms unencrypted syslog suppression. Firewall rule AST-FW-SUB-04 revised, management interface locked down.",Remediated,OPR-106
CAS-2026-00085,ALT-2026-00091,CSE-005,Eastern Port Trust,57,Custom Detailed,Airside baggage sorting controller PLC connection reset inspected. Traced to unauthorized dual-homed maintenance laptop; physical port disabled on switch 4A.,Remediated,OPR-107
CAS-2026-00086,ALT-2026-00092,CSE-005,Eastern Port Trust,157,Custom Detailed,"Identified anomalous Kerberos ticket request from host 10.24.18.99. Isolated endpoint, extracted memory dump for forensic sandbox, escalated to Tier-3 incident handler.",Remediated,OPR-113
CAS-2026-00087,ALT-2026-00093,CSE-007,National Highway Authority,54,Custom Detailed,"SCADA RTU dual-homed gateway drop verified. Packet capture confirms unencrypted syslog suppression. Firewall rule AST-FW-SUB-04 revised, management interface locked down.",Remediated,OPR-111
CAS-2026-00088,ALT-2026-00094,CSE-001,National Power Grid Corporation,74,Custom Detailed,Airside baggage sorting controller PLC connection reset inspected. Traced to unauthorized dual-homed maintenance laptop; physical port disabled on switch 4A.,Remediated,OPR-103
CAS-2026-00089,ALT-2026-00095,CSE-007,National Highway Authority,116,Custom Detailed,"Entra ID service principal role elevation detected outside maintenance window. Revoked global admin consent grant, triggered automated credential rotation.",Remediated,OPR-108
CAS-2026-00090,ALT-2026-00096,CSE-001,National Power Grid Corporation,33,Custom Detailed,Airside baggage sorting controller PLC connection reset inspected. Traced to unauthorized dual-homed maintenance laptop; physical port disabled on switch 4A.,Remediated,OPR-109
CAS-2026-00091,ALT-2026-00099,CSE-002,Apex National Bank,3,Template,False positive reported by analyst. Closed.,Suppressed / False Positive,OPR-108
CAS-2026-00092,ALT-2026-00100,CSE-003,Bharat Telecom Ltd,155,Custom Detailed,"Identified anomalous Kerberos ticket request from host 10.24.18.99. Isolated endpoint, extracted memory dump for forensic sandbox, escalated to Tier-3 incident handler.",Remediated,OPR-107
CAS-2026-00093,ALT-2026-00101,CSE-003,Bharat Telecom Ltd,169,Custom Detailed,"Entra ID service principal role elevation detected outside maintenance window. Revoked global admin consent grant, triggered automated credential rotation.",Remediated,OPR-106
CAS-2026-00094,ALT-2026-00102,CSE-001,National Power Grid Corporation,42,Custom Detailed,"Identified anomalous Kerberos ticket request from host 10.24.18.99. Isolated endpoint, extracted memory dump for forensic sandbox, escalated to Tier-3 incident handler.",Remediated,OPR-104
CAS-2026-00095,ALT-2026-00103,CSE-002,Apex National Bank,114,Custom Detailed,"SCADA RTU dual-homed gateway drop verified. Packet capture confirms unencrypted syslog suppression. Firewall rule AST-FW-SUB-04 revised, management interface locked down.",Remediated,OPR-113
CAS-2026-00096,ALT-2026-00105,CSE-003,Bharat Telecom Ltd,59,Template,False positive reported by analyst. Closed.,Suppressed / False Positive,OPR-102
CAS-2026-00097,ALT-2026-00106,CSE-004,Metro Airport Authority,147,Custom Detailed,"Entra ID service principal role elevation detected outside maintenance window. Revoked global admin consent grant, triggered automated credential rotation.",Remediated,OPR-101
CAS-2026-00098,ALT-2026-00108,CSE-002,Apex National Bank,4,Template,False positive reported by analyst. Closed.,Suppressed / False Positive,OPR-109
CAS-2026-00099,ALT-2026-00109,CSE-005,Eastern Port Trust,140,Custom Detailed,"SCADA RTU dual-homed gateway drop verified. Packet capture confirms unencrypted syslog suppression. Firewall rule AST-FW-SUB-04 revised, management interface locked down.",Remediated,OPR-115
CAS-2026-00100,ALT-2026-00110,CSE-002,Apex National Bank,4,Template,Resolved as per standard SOP - closed.,Suppressed / False Positive,OPR-106
CAS-2026-00101,ALT-2026-00111,CSE-006,Central Metro Rail,63,Template,Whitelisted per shift supervisor instruction. Ticket closed.,Suppressed / False Positive,OPR-101
CAS-2026-00102,ALT-2026-00112,CSE-005,Eastern Port Trust,43,Custom Detailed,Airside baggage sorting controller PLC connection reset inspected. Traced to unauthorized dual-homed maintenance laptop; physical port disabled on switch 4A.,Remediated,OPR-110
CAS-2026-00103,ALT-2026-00113,CSE-003,Bharat Telecom Ltd,59,Custom Detailed,"Entra ID service principal role elevation detected outside maintenance window. Revoked global admin consent grant, triggered automated credential rotation.",Remediated,OPR-110
CAS-2026-00104,ALT-2026-00114,CSE-002,Apex National Bank,99,Custom Detailed,"SCADA RTU dual-homed gateway drop verified. Packet capture confirms unencrypted syslog suppression. Firewall rule AST-FW-SUB-04 revised, management interface locked down.",Remediated,OPR-113
CAS-2026-00105,ALT-2026-00116,CSE-006,Central Metro Rail,43,Custom Detailed,"Identified anomalous Kerberos ticket request from host 10.24.18.99. Isolated endpoint, extracted memory dump for forensic sandbox, escalated to Tier-3 incident handler.",Remediated,OPR-103
CAS-2026-00106,ALT-2026-00117,CSE-007,National Highway Authority,99,Custom Detailed,Airside baggage sorting controller PLC connection reset inspected. Traced to unauthorized dual-homed maintenance laptop; physical port disabled on switch 4A.,Remediated,OPR-113
CAS-2026-00107,ALT-2026-00118,CSE-005,Eastern Port Trust,41,Custom Detailed,"Entra ID service principal role elevation detected outside maintenance window. Revoked global admin consent grant, triggered automated credential rotation.",Remediated,OPR-107
CAS-2026-00108,ALT-2026-00120,CSE-004,Metro Airport Authority,6,Template,Alert acknowledged. Nominal traffic confirmed. No further action.,Suppressed / False Positive,OPR-114
CAS-2026-00109,ALT-2026-00121,CSE-006,Central Metro Rail,110,Custom Detailed,"Identified anomalous Kerberos ticket request from host 10.24.18.99. Isolated endpoint, extracted memory dump for forensic sandbox, escalated to Tier-3 incident handler.",Remediated,OPR-107
CAS-2026-00110,ALT-2026-00122,CSE-005,Eastern Port Trust,147,Template,False positive reported by analyst. Closed.,Suppressed / False Positive,OPR-115
CAS-2026-00111,ALT-2026-00123,CSE-003,Bharat Telecom Ltd,116,Custom Detailed,"Entra ID service principal role elevation detected outside maintenance window. Revoked global admin consent grant, triggered automated credential rotation.",Remediated,OPR-106
CAS-2026-00112,ALT-2026-00124,CSE-007,National Highway Authority,90,Custom Detailed,"SCADA RTU dual-homed gateway drop verified. Packet capture confirms unencrypted syslog suppression. Firewall rule AST-FW-SUB-04 revised, management interface locked down.",Remediated,OPR-103
CAS-2026-00113,ALT-2026-00125,CSE-003,Bharat Telecom Ltd,148,Template,Automated ticket closure - SLA satisfied.,Suppressed / False Positive,OPR-113
CAS-2026-00114,ALT-2026-00126,CSE-005,Eastern Port Trust,143,Custom Detailed,Airside baggage sorting controller PLC connection reset inspected. Traced to unauthorized dual-homed maintenance laptop; physical port disabled on switch 4A.,Remediated,OPR-105
CAS-2026-00115,ALT-2026-00127,CSE-007,National Highway Authority,103,Custom Detailed,"Entra ID service principal role elevation detected outside maintenance window. Revoked global admin consent grant, triggered automated credential rotation.",Remediated,OPR-111
CAS-2026-00116,ALT-2026-00128,CSE-007,National Highway Authority,145,Custom Detailed,"Identified anomalous Kerberos ticket request from host 10.24.18.99. Isolated endpoint, extracted memory dump for forensic sandbox, escalated to Tier-3 incident handler.",Remediated,OPR-111
CAS-2026-00117,ALT-2026-00129,CSE-002,Apex National Bank,51,Template,Whitelisted per shift supervisor instruction. Ticket closed.,Suppressed / False Positive,OPR-111
CAS-2026-00118,ALT-2026-00130,CSE-002,Apex National Bank,102,Custom Detailed,"Entra ID service principal role elevation detected outside maintenance window. Revoked global admin consent grant, triggered automated credential rotation.",Remediated,OPR-107
CAS-2026-00119,ALT-2026-00131,CSE-007,National Highway Authority,102,Custom Detailed,Airside baggage sorting controller PLC connection reset inspected. Traced to unauthorized dual-homed maintenance laptop; physical port disabled on switch 4A.,Remediated,OPR-112
CAS-2026-00120,ALT-2026-00132,CSE-007,National Highway Authority,130,Custom Detailed,"Entra ID service principal role elevation detected outside maintenance window. Revoked global admin consent grant, triggered automated credential rotation.",Remediated,OPR-110
CAS-2026-00121,ALT-2026-00133,CSE-006,Central Metro Rail,138,Custom Detailed,"Identified anomalous Kerberos ticket request from host 10.24.18.99. Isolated endpoint, extracted memory dump for forensic sandbox, escalated to Tier-3 incident handler.",Remediated,OPR-106
CAS-2026-00122,ALT-2026-00134,CSE-001,National Power Grid Corporation,3,Template,Automated ticket closure - SLA satisfied.,Suppressed / False Positive,OPR-103
CAS-2026-00123,ALT-2026-00135,CSE-002,Apex National Bank,116,Custom Detailed,"Identified anomalous Kerberos ticket request from host 10.24.18.99. Isolated endpoint, extracted memory dump for forensic sandbox, escalated to Tier-3 incident handler.",Remediated,OPR-103
CAS-2026-00124,ALT-2026-00136,CSE-005,Eastern Port Trust,41,Custom Detailed,Airside baggage sorting controller PLC connection reset inspected. Traced to unauthorized dual-homed maintenance laptop; physical port disabled on switch 4A.,Remediated,OPR-106
CAS-2026-00125,ALT-2026-00137,CSE-006,Central Metro Rail,150,Custom Detailed,"Entra ID service principal role elevation detected outside maintenance window. Revoked global admin consent grant, triggered automated credential rotation.",Remediated,OPR-106
CAS-2026-00126,ALT-2026-00138,CSE-006,Central Metro Rail,81,Custom Detailed,"SCADA RTU dual-homed gateway drop verified. Packet capture confirms unencrypted syslog suppression. Firewall rule AST-FW-SUB-04 revised, management interface locked down.",Remediated,OPR-103
CAS-2026-00127,ALT-2026-00139,CSE-007,National Highway Authority,102,Custom Detailed,"Identified anomalous Kerberos ticket request from host 10.24.18.99. Isolated endpoint, extracted memory dump for forensic sandbox, escalated to Tier-3 incident handler.",Remediated,OPR-113
CAS-2026-00128,ALT-2026-00140,CSE-002,Apex National Bank,119,Custom Detailed,Airside baggage sorting controller PLC connection reset inspected. Traced to unauthorized dual-homed maintenance laptop; physical port disabled on switch 4A.,Remediated,OPR-107
CAS-2026-00129,ALT-2026-00142,CSE-003,Bharat Telecom Ltd,65,Template,Automated ticket closure - SLA satisfied.,Suppressed / False Positive,OPR-108
CAS-2026-00130,ALT-2026-00143,CSE-004,Metro Airport Authority,6,Template,Alert acknowledged. Nominal traffic confirmed. No further action.,Suppressed / False Positive,OPR-110
CAS-2026-00131,ALT-2026-00145,CSE-001,National Power Grid Corporation,30,Custom Detailed,Airside baggage sorting controller PLC connection reset inspected. Traced to unauthorized dual-homed maintenance laptop; physical port disabled on switch 4A.,Remediated,OPR-106
CAS-2026-00132,ALT-2026-00146,CSE-002,Apex National Bank,159,Template,False positive reported by analyst. Closed.,Suppressed / False Positive,OPR-101
CAS-2026-00133,ALT-2026-00147,CSE-004,Metro Airport Authority,118,Custom Detailed,"Identified anomalous Kerberos ticket request from host 10.24.18.99. Isolated endpoint, extracted memory dump for forensic sandbox, escalated to Tier-3 incident handler.",Remediated,OPR-112
CAS-2026-00134,ALT-2026-00148,CSE-006,Central Metro Rail,148,Custom Detailed,"SCADA RTU dual-homed gateway drop verified. Packet capture confirms unencrypted syslog suppression. Firewall rule AST-FW-SUB-04 revised, management interface locked down.",Remediated,OPR-108
CAS-2026-00135,ALT-2026-00149,CSE-006,Central Metro Rail,110,Template,Resolved as per standard SOP - closed.,Suppressed / False Positive,OPR-109
CAS-2026-00136,ALT-2026-00150,CSE-004,Metro Airport Authority,4,Template,Alert acknowledged. Nominal traffic confirmed. No further action.,Suppressed / False Positive,OPR-114
CAS-2026-00137,ALT-2026-00151,CSE-007,National Highway Authority,128,Custom Detailed,Airside baggage sorting controller PLC connection reset inspected. Traced to unauthorized dual-homed maintenance laptop; physical port disabled on switch 4A.,Remediated,OPR-103
CAS-2026-00138,ALT-2026-00152,CSE-004,Metro Airport Authority,169,Custom Detailed,"SCADA RTU dual-homed gateway drop verified. Packet capture confirms unencrypted syslog suppression. Firewall rule AST-FW-SUB-04 revised, management interface locked down.",Remediated,OPR-106
CAS-2026-00139,ALT-2026-00153,CSE-001,National Power Grid Corporation,3,Template,Automated ticket closure - SLA satisfied.,Suppressed / False Positive,OPR-108
CAS-2026-00140,ALT-2026-00154,CSE-003,Bharat Telecom Ltd,49,Custom Detailed,"Identified anomalous Kerberos ticket request from host 10.24.18.99. Isolated endpoint, extracted memory dump for forensic sandbox, escalated to Tier-3 incident handler.",Remediated,OPR-111
CAS-2026-00141,ALT-2026-00155,CSE-004,Metro Airport Authority,38,Custom Detailed,Airside baggage sorting controller PLC connection reset inspected. Traced to unauthorized dual-homed maintenance laptop; physical port disabled on switch 4A.,Remediated,OPR-102
CAS-2026-00142,ALT-2026-00156,CSE-002,Apex National Bank,6,Template,Resolved as per standard SOP - closed.,Suppressed / False Positive,OPR-111
CAS-2026-00143,ALT-2026-00157,CSE-004,Metro Airport Authority,101,Template,Whitelisted per shift supervisor instruction. Ticket closed.,Suppressed / False Positive,OPR-102
CAS-2026-00144,ALT-2026-00158,CSE-001,National Power Grid Corporation,84,Custom Detailed,Airside baggage sorting controller PLC connection reset inspected. Traced to unauthorized dual-homed maintenance laptop; physical port disabled on switch 4A.,Remediated,OPR-105
CAS-2026-00145,ALT-2026-00159,CSE-006,Central Metro Rail,111,Custom Detailed,"Identified anomalous Kerberos ticket request from host 10.24.18.99. Isolated endpoint, extracted memory dump for forensic sandbox, escalated to Tier-3 incident handler.",Remediated,OPR-106
CAS-2026-00146,ALT-2026-00160,CSE-006,Central Metro Rail,122,Custom Detailed,"SCADA RTU dual-homed gateway drop verified. Packet capture confirms unencrypted syslog suppression. Firewall rule AST-FW-SUB-04 revised, management interface locked down.",Remediated,OPR-104
CAS-2026-00147,ALT-2026-00161,CSE-001,National Power Grid Corporation,4,Template,False positive reported by analyst. Closed.,Suppressed / False Positive,OPR-113
CAS-2026-00148,ALT-2026-00162,CSE-005,Eastern Port Trust,134,Custom Detailed,Airside baggage sorting controller PLC connection reset inspected. Traced to unauthorized dual-homed maintenance laptop; physical port disabled on switch 4A.,Remediated,OPR-102
CAS-2026-00149,ALT-2026-00163,CSE-002,Apex National Bank,63,Custom Detailed,"SCADA RTU dual-homed gateway drop verified. Packet capture confirms unencrypted syslog suppression. Firewall rule AST-FW-SUB-04 revised, management interface locked down.",Remediated,OPR-109
CAS-2026-00150,ALT-2026-00164,CSE-007,National Highway Authority,162,Custom Detailed,"Entra ID service principal role elevation detected outside maintenance window. Revoked global admin consent grant, triggered automated credential rotation.",Remediated,OPR-114
CAS-2026-00151,ALT-2026-00167,CSE-001,National Power Grid Corporation,157,Custom Detailed,"Identified anomalous Kerberos ticket request from host 10.24.18.99. Isolated endpoint, extracted memory dump for forensic sandbox, escalated to Tier-3 incident handler.",Remediated,OPR-109
CAS-2026-00152,ALT-2026-00168,CSE-003,Bharat Telecom Ltd,70,Custom Detailed,"Identified anomalous Kerberos ticket request from host 10.24.18.99. Isolated endpoint, extracted memory dump for forensic sandbox, escalated to Tier-3 incident handler.",Remediated,OPR-107
CAS-2026-00153,ALT-2026-00169,CSE-004,Metro Airport Authority,7,Template,Whitelisted per shift supervisor instruction. Ticket closed.,Suppressed / False Positive,OPR-107
CAS-2026-00154,ALT-2026-00170,CSE-002,Apex National Bank,4,Template,Resolved as per standard SOP - closed.,Suppressed / False Positive,OPR-104
CAS-2026-00155,ALT-2026-00171,CSE-002,Apex National Bank,113,Custom Detailed,"SCADA RTU dual-homed gateway drop verified. Packet capture confirms unencrypted syslog suppression. Firewall rule AST-FW-SUB-04 revised, management interface locked down.",Remediated,OPR-112
CAS-2026-00156,ALT-2026-00172,CSE-003,Bharat Telecom Ltd,159,Custom Detailed,Airside baggage sorting controller PLC connection reset inspected. Traced to unauthorized dual-homed maintenance laptop; physical port disabled on switch 4A.,Remediated,OPR-104
CAS-2026-00157,ALT-2026-00173,CSE-002,Apex National Bank,4,Template,Automated ticket closure - SLA satisfied.,Suppressed / False Positive,OPR-101
CAS-2026-00158,ALT-2026-00174,CSE-007,National Highway Authority,175,Custom Detailed,"Identified anomalous Kerberos ticket request from host 10.24.18.99. Isolated endpoint, extracted memory dump for forensic sandbox, escalated to Tier-3 incident handler.",Remediated,OPR-104
CAS-2026-00159,ALT-2026-00176,CSE-004,Metro Airport Authority,41,Custom Detailed,"Identified anomalous Kerberos ticket request from host 10.24.18.99. Isolated endpoint, extracted memory dump for forensic sandbox, escalated to Tier-3 incident handler.",Remediated,OPR-103
CAS-2026-00160,ALT-2026-00177,CSE-006,Central Metro Rail,106,Template,Automated ticket closure - SLA satisfied.,Suppressed / False Positive,OPR-106
CAS-2026-00161,ALT-2026-00178,CSE-005,Eastern Port Trust,58,Custom Detailed,"Entra ID service principal role elevation detected outside maintenance window. Revoked global admin consent grant, triggered automated credential rotation.",Remediated,OPR-110
CAS-2026-00162,ALT-2026-00179,CSE-003,Bharat Telecom Ltd,43,Custom Detailed,"SCADA RTU dual-homed gateway drop verified. Packet capture confirms unencrypted syslog suppression. Firewall rule AST-FW-SUB-04 revised, management interface locked down.",Remediated,OPR-108
CAS-2026-00163,ALT-2026-00180,CSE-002,Apex National Bank,2,Template,Alert acknowledged. Nominal traffic confirmed. No further action.,Suppressed / False Positive,OPR-112
CAS-2026-00164,ALT-2026-00181,CSE-001,National Power Grid Corporation,5,Template,Alert acknowledged. Nominal traffic confirmed. No further action.,Suppressed / False Positive,OPR-113
CAS-2026-00165,ALT-2026-00182,CSE-005,Eastern Port Trust,164,Custom Detailed,Airside baggage sorting controller PLC connection reset inspected. Traced to unauthorized dual-homed maintenance laptop; physical port disabled on switch 4A.,Remediated,OPR-106
CAS-2026-00166,ALT-2026-00183,CSE-002,Apex National Bank,153,Custom Detailed,"Entra ID service principal role elevation detected outside maintenance window. Revoked global admin consent grant, triggered automated credential rotation.",Remediated,OPR-104
CAS-2026-00167,ALT-2026-00184,CSE-003,Bharat Telecom Ltd,152,Custom Detailed,"Entra ID service principal role elevation detected outside maintenance window. Revoked global admin consent grant, triggered automated credential rotation.",Remediated,OPR-109
CAS-2026-00168,ALT-2026-00185,CSE-007,National Highway Authority,67,Custom Detailed,"Entra ID service principal role elevation detected outside maintenance window. Revoked global admin consent grant, triggered automated credential rotation.",Remediated,OPR-101
CAS-2026-00169,ALT-2026-00186,CSE-003,Bharat Telecom Ltd,167,Custom Detailed,"SCADA RTU dual-homed gateway drop verified. Packet capture confirms unencrypted syslog suppression. Firewall rule AST-FW-SUB-04 revised, management interface locked down.",Remediated,OPR-115
CAS-2026-00170,ALT-2026-00188,CSE-001,National Power Grid Corporation,2,Template,Alert acknowledged. Nominal traffic confirmed. No further action.,Suppressed / False Positive,OPR-115
CAS-2026-00171,ALT-2026-00189,CSE-002,Apex National Bank,45,Custom Detailed,"Entra ID service principal role elevation detected outside maintenance window. Revoked global admin consent grant, triggered automated credential rotation.",Remediated,OPR-111
CAS-2026-00172,ALT-2026-00190,CSE-005,Eastern Port Trust,131,Custom Detailed,"Identified anomalous Kerberos ticket request from host 10.24.18.99. Isolated endpoint, extracted memory dump for forensic sandbox, escalated to Tier-3 incident handler.",Remediated,OPR-103
CAS-2026-00173,ALT-2026-00191,CSE-006,Central Metro Rail,169,Custom Detailed,Airside baggage sorting controller PLC connection reset inspected. Traced to unauthorized dual-homed maintenance laptop; physical port disabled on switch 4A.,Remediated,OPR-108
CAS-2026-00174,ALT-2026-00192,CSE-002,Apex National Bank,3,Template,Whitelisted per shift supervisor instruction. Ticket closed.,Suppressed / False Positive,OPR-108
CAS-2026-00175,ALT-2026-00193,CSE-006,Central Metro Rail,74,Custom Detailed,"SCADA RTU dual-homed gateway drop verified. Packet capture confirms unencrypted syslog suppression. Firewall rule AST-FW-SUB-04 revised, management interface locked down.",Remediated,OPR-114
CAS-2026-00176,ALT-2026-00194,CSE-006,Central Metro Rail,152,Custom Detailed,"SCADA RTU dual-homed gateway drop verified. Packet capture confirms unencrypted syslog suppression. Firewall rule AST-FW-SUB-04 revised, management interface locked down.",Remediated,OPR-115
CAS-2026-00177,ALT-2026-00195,CSE-002,Apex National Bank,4,Template,Whitelisted per shift supervisor instruction. Ticket closed.,Suppressed / False Positive,OPR-112
CAS-2026-00178,ALT-2026-00196,CSE-005,Eastern Port Trust,133,Custom Detailed,"SCADA RTU dual-homed gateway drop verified. Packet capture confirms unencrypted syslog suppression. Firewall rule AST-FW-SUB-04 revised, management interface locked down.",Remediated,OPR-109
CAS-2026-00179,ALT-2026-00197,CSE-006,Central Metro Rail,152,Custom Detailed,"SCADA RTU dual-homed gateway drop verified. Packet capture confirms unencrypted syslog suppression. Firewall rule AST-FW-SUB-04 revised, management interface locked down.",Remediated,OPR-108
CAS-2026-00180,ALT-2026-00198,CSE-006,Central Metro Rail,50,Custom Detailed,"SCADA RTU dual-homed gateway drop verified. Packet capture confirms unencrypted syslog suppression. Firewall rule AST-FW-SUB-04 revised, management interface locked down.",Remediated,OPR-108
CAS-2026-00181,ALT-2026-00199,CSE-005,Eastern Port Trust,72,Custom Detailed,"SCADA RTU dual-homed gateway drop verified. Packet capture confirms unencrypted syslog suppression. Firewall rule AST-FW-SUB-04 revised, management interface locked down.",Remediated,OPR-114
CAS-2026-00182,ALT-2026-00200,CSE-005,Eastern Port Trust,146,Template,Resolved as per standard SOP - closed.,Suppressed / False Positive,OPR-109
CAS-2026-00183,ALT-2026-00201,CSE-004,Metro Airport Authority,85,Custom Detailed,"Identified anomalous Kerberos ticket request from host 10.24.18.99. Isolated endpoint, extracted memory dump for forensic sandbox, escalated to Tier-3 incident handler.",Remediated,OPR-102
CAS-2026-00184,ALT-2026-00202,CSE-001,National Power Grid Corporation,38,Custom Detailed,Airside baggage sorting controller PLC connection reset inspected. Traced to unauthorized dual-homed maintenance laptop; physical port disabled on switch 4A.,Remediated,OPR-107
CAS-2026-00185,ALT-2026-00203,CSE-002,Apex National Bank,8,Template,Automated ticket closure - SLA satisfied.,Suppressed / False Positive,OPR-107
CAS-2026-00186,ALT-2026-00204,CSE-001,National Power Grid Corporation,165,Template,Automated ticket closure - SLA satisfied.,Suppressed / False Positive,OPR-112
CAS-2026-00187,ALT-2026-00205,CSE-002,Apex National Bank,88,Custom Detailed,Airside baggage sorting controller PLC connection reset inspected. Traced to unauthorized dual-homed maintenance laptop; physical port disabled on switch 4A.,Remediated,OPR-108
CAS-2026-00188,ALT-2026-00206,CSE-003,Bharat Telecom Ltd,91,Custom Detailed,"Identified anomalous Kerberos ticket request from host 10.24.18.99. Isolated endpoint, extracted memory dump for forensic sandbox, escalated to Tier-3 incident handler.",Remediated,OPR-102
CAS-2026-00189,ALT-2026-00207,CSE-001,National Power Grid Corporation,5,Template,Automated ticket closure - SLA satisfied.,Suppressed / False Positive,OPR-109
CAS-2026-00190,ALT-2026-00208,CSE-002,Apex National Bank,4,Template,False positive reported by analyst. Closed.,Suppressed / False Positive,OPR-110
CAS-2026-00191,ALT-2026-00209,CSE-007,National Highway Authority,45,Custom Detailed,"Entra ID service principal role elevation detected outside maintenance window. Revoked global admin consent grant, triggered automated credential rotation.",Remediated,OPR-110
CAS-2026-00192,ALT-2026-00210,CSE-006,Central Metro Rail,164,Custom Detailed,Airside baggage sorting controller PLC connection reset inspected. Traced to unauthorized dual-homed maintenance laptop; physical port disabled on switch 4A.,Remediated,OPR-112
CAS-2026-00193,ALT-2026-00211,CSE-004,Metro Airport Authority,3,Template,Automated ticket closure - SLA satisfied.,Suppressed / False Positive,OPR-105
CAS-2026-00194,ALT-2026-00212,CSE-007,National Highway Authority,129,Custom Detailed,"SCADA RTU dual-homed gateway drop verified. Packet capture confirms unencrypted syslog suppression. Firewall rule AST-FW-SUB-04 revised, management interface locked down.",Remediated,OPR-105
CAS-2026-00195,ALT-2026-00213,CSE-002,Apex National Bank,98,Custom Detailed,"Identified anomalous Kerberos ticket request from host 10.24.18.99. Isolated endpoint, extracted memory dump for forensic sandbox, escalated to Tier-3 incident handler.",Remediated,OPR-111
CAS-2026-00196,ALT-2026-00214,CSE-005,Eastern Port Trust,152,Custom Detailed,"SCADA RTU dual-homed gateway drop verified. Packet capture confirms unencrypted syslog suppression. Firewall rule AST-FW-SUB-04 revised, management interface locked down.",Remediated,OPR-114
CAS-2026-00197,ALT-2026-00215,CSE-003,Bharat Telecom Ltd,82,Custom Detailed,"SCADA RTU dual-homed gateway drop verified. Packet capture confirms unencrypted syslog suppression. Firewall rule AST-FW-SUB-04 revised, management interface locked down.",Remediated,OPR-115
CAS-2026-00198,ALT-2026-00216,CSE-002,Apex National Bank,4,Template,Whitelisted per shift supervisor instruction. Ticket closed.,Suppressed / False Positive,OPR-106
CAS-2026-00199,ALT-2026-00217,CSE-005,Eastern Port Trust,124,Custom Detailed,"SCADA RTU dual-homed gateway drop verified. Packet capture confirms unencrypted syslog suppression. Firewall rule AST-FW-SUB-04 revised, management interface locked down.",Remediated,OPR-107
CAS-2026-00200,ALT-2026-00218,CSE-001,National Power Grid Corporation,6,Template,False positive reported by analyst. Closed.,Suppressed / False Positive,OPR-107
CAS-2026-00201,ALT-2026-00219,CSE-003,Bharat Telecom Ltd,95,Custom Detailed,"Entra ID service principal role elevation detected outside maintenance window. Revoked global admin consent grant, triggered automated credential rotation.",Remediated,OPR-112
CAS-2026-00202,ALT-2026-00220,CSE-006,Central Metro Rail,77,Custom Detailed,Airside baggage sorting controller PLC connection reset inspected. Traced to unauthorized dual-homed maintenance laptop; physical port disabled on switch 4A.,Remediated,OPR-111
CAS-2026-00203,ALT-2026-00222,CSE-006,Central Metro Rail,154,Custom Detailed,Airside baggage sorting controller PLC connection reset inspected. Traced to unauthorized dual-homed maintenance laptop; physical port disabled on switch 4A.,Remediated,OPR-101
CAS-2026-00204,ALT-2026-00224,CSE-001,National Power Grid Corporation,50,Custom Detailed,Airside baggage sorting controller PLC connection reset inspected. Traced to unauthorized dual-homed maintenance laptop; physical port disabled on switch 4A.,Remediated,OPR-107
CAS-2026-00205,ALT-2026-00225,CSE-004,Metro Airport Authority,2,Template,Resolved as per standard SOP - closed.,Suppressed / False Positive,OPR-107
CAS-2026-00206,ALT-2026-00226,CSE-004,Metro Airport Authority,174,Custom Detailed,"Entra ID service principal role elevation detected outside maintenance window. Revoked global admin consent grant, triggered automated credential rotation.",Remediated,OPR-115
CAS-2026-00207,ALT-2026-00227,CSE-005,Eastern Port Trust,49,Custom Detailed,"Identified anomalous Kerberos ticket request from host 10.24.18.99. Isolated endpoint, extracted memory dump for forensic sandbox, escalated to Tier-3 incident handler.",Remediated,OPR-115
CAS-2026-00208,ALT-2026-00229,CSE-003,Bharat Telecom Ltd,50,Custom Detailed,"SCADA RTU dual-homed gateway drop verified. Packet capture confirms unencrypted syslog suppression. Firewall rule AST-FW-SUB-04 revised, management interface locked down.",Remediated,OPR-112
CAS-2026-00209,ALT-2026-00231,CSE-006,Central Metro Rail,51,Custom Detailed,Airside baggage sorting controller PLC connection reset inspected. Traced to unauthorized dual-homed maintenance laptop; physical port disabled on switch 4A.,Remediated,OPR-105
CAS-2026-00210,ALT-2026-00232,CSE-007,National Highway Authority,111,Custom Detailed,Airside baggage sorting controller PLC connection reset inspected. Traced to unauthorized dual-homed maintenance laptop; physical port disabled on switch 4A.,Remediated,OPR-102
CAS-2026-00211,ALT-2026-00233,CSE-001,National Power Grid Corporation,172,Template,Automated ticket closure - SLA satisfied.,Suppressed / False Positive,OPR-109
CAS-2026-00212,ALT-2026-00234,CSE-004,Metro Airport Authority,33,Custom Detailed,Airside baggage sorting controller PLC connection reset inspected. Traced to unauthorized dual-homed maintenance laptop; physical port disabled on switch 4A.,Remediated,OPR-107
CAS-2026-00213,ALT-2026-00235,CSE-004,Metro Airport Authority,107,Custom Detailed,"Entra ID service principal role elevation detected outside maintenance window. Revoked global admin consent grant, triggered automated credential rotation.",Remediated,OPR-108
CAS-2026-00214,ALT-2026-00236,CSE-002,Apex National Bank,4,Template,Resolved as per standard SOP - closed.,Suppressed / False Positive,OPR-104
CAS-2026-00215,ALT-2026-00237,CSE-006,Central Metro Rail,127,Custom Detailed,"Entra ID service principal role elevation detected outside maintenance window. Revoked global admin consent grant, triggered automated credential rotation.",Remediated,OPR-108
CAS-2026-00216,ALT-2026-00238,CSE-003,Bharat Telecom Ltd,75,Custom Detailed,"Entra ID service principal role elevation detected outside maintenance window. Revoked global admin consent grant, triggered automated credential rotation.",Remediated,OPR-106
CAS-2026-00217,ALT-2026-00240,CSE-005,Eastern Port Trust,142,Template,Alert acknowledged. Nominal traffic confirmed. No further action.,Suppressed / False Positive,OPR-114
CAS-2026-00218,ALT-2026-00241,CSE-006,Central Metro Rail,126,Custom Detailed,Airside baggage sorting controller PLC connection reset inspected. Traced to unauthorized dual-homed maintenance laptop; physical port disabled on switch 4A.,Remediated,OPR-108
CAS-2026-00219,ALT-2026-00242,CSE-005,Eastern Port Trust,57,Custom Detailed,"Identified anomalous Kerberos ticket request from host 10.24.18.99. Isolated endpoint, extracted memory dump for forensic sandbox, escalated to Tier-3 incident handler.",Remediated,OPR-111
CAS-2026-00220,ALT-2026-00243,CSE-006,Central Metro Rail,140,Custom Detailed,"Entra ID service principal role elevation detected outside maintenance window. Revoked global admin consent grant, triggered automated credential rotation.",Remediated,OPR-101
CAS-2026-00221,ALT-2026-00244,CSE-001,National Power Grid Corporation,8,Template,Automated ticket closure - SLA satisfied.,Suppressed / False Positive,OPR-110
CAS-2026-00222,ALT-2026-00245,CSE-006,Central Metro Rail,66,Custom Detailed,"Identified anomalous Kerberos ticket request from host 10.24.18.99. Isolated endpoint, extracted memory dump for forensic sandbox, escalated to Tier-3 incident handler.",Remediated,OPR-105
CAS-2026-00223,ALT-2026-00246,CSE-003,Bharat Telecom Ltd,47,Custom Detailed,"Entra ID service principal role elevation detected outside maintenance window. Revoked global admin consent grant, triggered automated credential rotation.",Remediated,OPR-101
CAS-2026-00224,ALT-2026-00247,CSE-007,National Highway Authority,162,Custom Detailed,"SCADA RTU dual-homed gateway drop verified. Packet capture confirms unencrypted syslog suppression. Firewall rule AST-FW-SUB-04 revised, management interface locked down.",Remediated,OPR-109
CAS-2026-00225,ALT-2026-00248,CSE-002,Apex National Bank,3,Template,Alert acknowledged. Nominal traffic confirmed. No further action.,Suppressed / False Positive,OPR-111
CAS-2026-00226,ALT-2026-00249,CSE-004,Metro Airport Authority,2,Template,Automated ticket closure - SLA satisfied.,Suppressed / False Positive,OPR-104
CAS-2026-00227,ALT-2026-00250,CSE-002,Apex National Bank,80,Custom Detailed,"Entra ID service principal role elevation detected outside maintenance window. Revoked global admin consent grant, triggered automated credential rotation.",Remediated,OPR-102
CAS-2026-00228,ALT-2026-00251,CSE-003,Bharat Telecom Ltd,147,Custom Detailed,"Entra ID service principal role elevation detected outside maintenance window. Revoked global admin consent grant, triggered automated credential rotation.",Remediated,OPR-103
CAS-2026-00229,ALT-2026-00252,CSE-007,National Highway Authority,91,Template,Resolved as per standard SOP - closed.,Suppressed / False Positive,OPR-102
CAS-2026-00230,ALT-2026-00253,CSE-002,Apex National Bank,5,Template,False positive reported by analyst. Closed.,Suppressed / False Positive,OPR-103
CAS-2026-00231,ALT-2026-00254,CSE-004,Metro Airport Authority,43,Custom Detailed,Airside baggage sorting controller PLC connection reset inspected. Traced to unauthorized dual-homed maintenance laptop; physical port disabled on switch 4A.,Remediated,OPR-101
CAS-2026-00232,ALT-2026-00255,CSE-004,Metro Airport Authority,136,Custom Detailed,Airside baggage sorting controller PLC connection reset inspected. Traced to unauthorized dual-homed maintenance laptop; physical port disabled on switch 4A.,Remediated,OPR-114
CAS-2026-00233,ALT-2026-00256,CSE-004,Metro Airport Authority,73,Custom Detailed,"Entra ID service principal role elevation detected outside maintenance window. Revoked global admin consent grant, triggered automated credential rotation.",Remediated,OPR-110
CAS-2026-00234,ALT-2026-00257,CSE-006,Central Metro Rail,168,Custom Detailed,"Entra ID service principal role elevation detected outside maintenance window. Revoked global admin consent grant, triggered automated credential rotation.",Remediated,OPR-113
CAS-2026-00235,ALT-2026-00258,CSE-006,Central Metro Rail,145,Custom Detailed,"Identified anomalous Kerberos ticket request from host 10.24.18.99. Isolated endpoint, extracted memory dump for forensic sandbox, escalated to Tier-3 incident handler.",Remediated,OPR-106
CAS-2026-00236,ALT-2026-00259,CSE-007,National Highway Authority,139,Custom Detailed,"Entra ID service principal role elevation detected outside maintenance window. Revoked global admin consent grant, triggered automated credential rotation.",Remediated,OPR-110
CAS-2026-00237,ALT-2026-00260,CSE-002,Apex National Bank,112,Custom Detailed,"SCADA RTU dual-homed gateway drop verified. Packet capture confirms unencrypted syslog suppression. Firewall rule AST-FW-SUB-04 revised, management interface locked down.",Remediated,OPR-105
CAS-2026-00238,ALT-2026-00261,CSE-003,Bharat Telecom Ltd,63,Custom Detailed,"SCADA RTU dual-homed gateway drop verified. Packet capture confirms unencrypted syslog suppression. Firewall rule AST-FW-SUB-04 revised, management interface locked down.",Remediated,OPR-103
CAS-2026-00239,ALT-2026-00262,CSE-006,Central Metro Rail,145,Custom Detailed,Airside baggage sorting controller PLC connection reset inspected. Traced to unauthorized dual-homed maintenance laptop; physical port disabled on switch 4A.,Remediated,OPR-111
CAS-2026-00240,ALT-2026-00263,CSE-007,National Highway Authority,53,Custom Detailed,"Identified anomalous Kerberos ticket request from host 10.24.18.99. Isolated endpoint, extracted memory dump for forensic sandbox, escalated to Tier-3 incident handler.",Remediated,OPR-108
CAS-2026-00241,ALT-2026-00264,CSE-006,Central Metro Rail,156,Custom Detailed,"SCADA RTU dual-homed gateway drop verified. Packet capture confirms unencrypted syslog suppression. Firewall rule AST-FW-SUB-04 revised, management interface locked down.",Remediated,OPR-106
CAS-2026-00242,ALT-2026-00265,CSE-007,National Highway Authority,41,Custom Detailed,"Identified anomalous Kerberos ticket request from host 10.24.18.99. Isolated endpoint, extracted memory dump for forensic sandbox, escalated to Tier-3 incident handler.",Remediated,OPR-111
CAS-2026-00243,ALT-2026-00266,CSE-007,National Highway Authority,81,Custom Detailed,Airside baggage sorting controller PLC connection reset inspected. Traced to unauthorized dual-homed maintenance laptop; physical port disabled on switch 4A.,Remediated,OPR-115
CAS-2026-00244,ALT-2026-00267,CSE-002,Apex National Bank,125,Template,Resolved as per standard SOP - closed.,Suppressed / False Positive,OPR-115
CAS-2026-00245,ALT-2026-00268,CSE-006,Central Metro Rail,30,Custom Detailed,"Identified anomalous Kerberos ticket request from host 10.24.18.99. Isolated endpoint, extracted memory dump for forensic sandbox, escalated to Tier-3 incident handler.",Remediated,OPR-108
CAS-2026-00246,ALT-2026-00270,CSE-007,National Highway Authority,110,Template,Resolved as per standard SOP - closed.,Suppressed / False Positive,OPR-115
CAS-2026-00247,ALT-2026-00271,CSE-003,Bharat Telecom Ltd,72,Template,Resolved as per standard SOP - closed.,Suppressed / False Positive,OPR-106
CAS-2026-00248,ALT-2026-00272,CSE-006,Central Metro Rail,55,Custom Detailed,"Identified anomalous Kerberos ticket request from host 10.24.18.99. Isolated endpoint, extracted memory dump for forensic sandbox, escalated to Tier-3 incident handler.",Remediated,OPR-113
CAS-2026-00249,ALT-2026-00273,CSE-001,National Power Grid Corporation,93,Custom Detailed,"Identified anomalous Kerberos ticket request from host 10.24.18.99. Isolated endpoint, extracted memory dump for forensic sandbox, escalated to Tier-3 incident handler.",Remediated,OPR-110
CAS-2026-00250,ALT-2026-00274,CSE-005,Eastern Port Trust,130,Custom Detailed,"SCADA RTU dual-homed gateway drop verified. Packet capture confirms unencrypted syslog suppression. Firewall rule AST-FW-SUB-04 revised, management interface locked down.",Remediated,OPR-111
CAS-2026-00251,ALT-2026-00275,CSE-001,National Power Grid Corporation,2,Template,False positive reported by analyst. Closed.,Suppressed / False Positive,OPR-115
CAS-2026-00252,ALT-2026-00277,CSE-001,National Power Grid Corporation,6,Template,Automated ticket closure - SLA satisfied.,Suppressed / False Positive,OPR-111
CAS-2026-00253,ALT-2026-00278,CSE-006,Central Metro Rail,109,Custom Detailed,"Identified anomalous Kerberos ticket request from host 10.24.18.99. Isolated endpoint, extracted memory dump for forensic sandbox, escalated to Tier-3 incident handler.",Remediated,OPR-109
CAS-2026-00254,ALT-2026-00279,CSE-002,Apex National Bank,4,Template,Resolved as per standard SOP - closed.,Suppressed / False Positive,OPR-107
CAS-2026-00255,ALT-2026-00280,CSE-006,Central Metro Rail,109,Template,Resolved as per standard SOP - closed.,Suppressed / False Positive,OPR-112
CAS-2026-00256,ALT-2026-00281,CSE-006,Central Metro Rail,163,Template,Whitelisted per shift supervisor instruction. Ticket closed.,Suppressed / False Positive,OPR-113
CAS-2026-00257,ALT-2026-00282,CSE-007,National Highway Authority,37,Custom Detailed,"Identified anomalous Kerberos ticket request from host 10.24.18.99. Isolated endpoint, extracted memory dump for forensic sandbox, escalated to Tier-3 incident handler.",Remediated,OPR-113
CAS-2026-00258,ALT-2026-00283,CSE-004,Metro Airport Authority,44,Custom Detailed,"Entra ID service principal role elevation detected outside maintenance window. Revoked global admin consent grant, triggered automated credential rotation.",Remediated,OPR-114
CAS-2026-00259,ALT-2026-00285,CSE-002,Apex National Bank,87,Custom Detailed,Airside baggage sorting controller PLC connection reset inspected. Traced to unauthorized dual-homed maintenance laptop; physical port disabled on switch 4A.,Remediated,OPR-104
CAS-2026-00260,ALT-2026-00286,CSE-004,Metro Airport Authority,75,Custom Detailed,"Identified anomalous Kerberos ticket request from host 10.24.18.99. Isolated endpoint, extracted memory dump for forensic sandbox, escalated to Tier-3 incident handler.",Remediated,OPR-113
CAS-2026-00261,ALT-2026-00287,CSE-005,Eastern Port Trust,32,Custom Detailed,Airside baggage sorting controller PLC connection reset inspected. Traced to unauthorized dual-homed maintenance laptop; physical port disabled on switch 4A.,Remediated,OPR-104
CAS-2026-00262,ALT-2026-00288,CSE-003,Bharat Telecom Ltd,169,Custom Detailed,"SCADA RTU dual-homed gateway drop verified. Packet capture confirms unencrypted syslog suppression. Firewall rule AST-FW-SUB-04 revised, management interface locked down.",Remediated,OPR-103
CAS-2026-00263,ALT-2026-00289,CSE-001,National Power Grid Corporation,30,Custom Detailed,"Entra ID service principal role elevation detected outside maintenance window. Revoked global admin consent grant, triggered automated credential rotation.",Remediated,OPR-107
CAS-2026-00264,ALT-2026-00290,CSE-007,National Highway Authority,101,Custom Detailed,"SCADA RTU dual-homed gateway drop verified. Packet capture confirms unencrypted syslog suppression. Firewall rule AST-FW-SUB-04 revised, management interface locked down.",Remediated,OPR-101
CAS-2026-00265,ALT-2026-00291,CSE-002,Apex National Bank,130,Template,Alert acknowledged. Nominal traffic confirmed. No further action.,Suppressed / False Positive,OPR-110
CAS-2026-00266,ALT-2026-00292,CSE-005,Eastern Port Trust,113,Custom Detailed,Airside baggage sorting controller PLC connection reset inspected. Traced to unauthorized dual-homed maintenance laptop; physical port disabled on switch 4A.,Remediated,OPR-108
CAS-2026-00267,ALT-2026-00293,CSE-003,Bharat Telecom Ltd,149,Template,Automated ticket closure - SLA satisfied.,Suppressed / False Positive,OPR-107
CAS-2026-00268,ALT-2026-00294,CSE-001,National Power Grid Corporation,107,Custom Detailed,"SCADA RTU dual-homed gateway drop verified. Packet capture confirms unencrypted syslog suppression. Firewall rule AST-FW-SUB-04 revised, management interface locked down.",Remediated,OPR-112
CAS-2026-00269,ALT-2026-00295,CSE-005,Eastern Port Trust,106,Custom Detailed,"Identified anomalous Kerberos ticket request from host 10.24.18.99. Isolated endpoint, extracted memory dump for forensic sandbox, escalated to Tier-3 incident handler.",Remediated,OPR-114
CAS-2026-00270,ALT-2026-00296,CSE-002,Apex National Bank,61,Custom Detailed,"SCADA RTU dual-homed gateway drop verified. Packet capture confirms unencrypted syslog suppression. Firewall rule AST-FW-SUB-04 revised, management interface locked down.",Remediated,OPR-101
CAS-2026-00271,ALT-2026-00297,CSE-007,National Highway Authority,179,Custom Detailed,"Identified anomalous Kerberos ticket request from host 10.24.18.99. Isolated endpoint, extracted memory dump for forensic sandbox, escalated to Tier-3 incident handler.",Remediated,OPR-105
CAS-2026-00272,ALT-2026-00298,CSE-007,National Highway Authority,61,Custom Detailed,"Entra ID service principal role elevation detected outside maintenance window. Revoked global admin consent grant, triggered automated credential rotation.",Remediated,OPR-108
CAS-2026-00273,ALT-2026-00299,CSE-001,National Power Grid Corporation,77,Custom Detailed,"SCADA RTU dual-homed gateway drop verified. Packet capture confirms unencrypted syslog suppression. Firewall rule AST-FW-SUB-04 revised, management interface locked down.",Remediated,OPR-105
CAS-2026-00274,ALT-2026-00300,CSE-004,Metro Airport Authority,52,Custom Detailed,"Identified anomalous Kerberos ticket request from host 10.24.18.99. Isolated endpoint, extracted memory dump for forensic sandbox, escalated to Tier-3 incident handler.",Remediated,OPR-107
CAS-2026-00275,ALT-2026-00301,CSE-002,Apex National Bank,121,Custom Detailed,Airside baggage sorting controller PLC connection reset inspected. Traced to unauthorized dual-homed maintenance laptop; physical port disabled on switch 4A.,Remediated,OPR-109
CAS-2026-00276,ALT-2026-00302,CSE-007,National Highway Authority,101,Template,Resolved as per standard SOP - closed.,Suppressed / False Positive,OPR-113
CAS-2026-00277,ALT-2026-00303,CSE-004,Metro Airport Authority,86,Custom Detailed,"Identified anomalous Kerberos ticket request from host 10.24.18.99. Isolated endpoint, extracted memory dump for forensic sandbox, escalated to Tier-3 incident handler.",Remediated,OPR-114
CAS-2026-00278,ALT-2026-00304,CSE-007,National Highway Authority,37,Custom Detailed,"Entra ID service principal role elevation detected outside maintenance window. Revoked global admin consent grant, triggered automated credential rotation.",Remediated,OPR-112
CAS-2026-00279,ALT-2026-00305,CSE-003,Bharat Telecom Ltd,168,Custom Detailed,Airside baggage sorting controller PLC connection reset inspected. Traced to unauthorized dual-homed maintenance laptop; physical port disabled on switch 4A.,Remediated,OPR-103
CAS-2026-00280,ALT-2026-00306,CSE-004,Metro Airport Authority,63,Custom Detailed,"SCADA RTU dual-homed gateway drop verified. Packet capture confirms unencrypted syslog suppression. Firewall rule AST-FW-SUB-04 revised, management interface locked down.",Remediated,OPR-112
CAS-2026-00281,ALT-2026-00307,CSE-002,Apex National Bank,8,Template,Alert acknowledged. Nominal traffic confirmed. No further action.,Suppressed / False Positive,OPR-114
CAS-2026-00282,ALT-2026-00308,CSE-005,Eastern Port Trust,112,Custom Detailed,"Entra ID service principal role elevation detected outside maintenance window. Revoked global admin consent grant, triggered automated credential rotation.",Remediated,OPR-103
CAS-2026-00283,ALT-2026-00309,CSE-006,Central Metro Rail,87,Custom Detailed,"Entra ID service principal role elevation detected outside maintenance window. Revoked global admin consent grant, triggered automated credential rotation.",Remediated,OPR-110
CAS-2026-00284,ALT-2026-00310,CSE-007,National Highway Authority,130,Template,False positive reported by analyst. Closed.,Suppressed / False Positive,OPR-101
CAS-2026-00285,ALT-2026-00311,CSE-002,Apex National Bank,90,Custom Detailed,"Identified anomalous Kerberos ticket request from host 10.24.18.99. Isolated endpoint, extracted memory dump for forensic sandbox, escalated to Tier-3 incident handler.",Remediated,OPR-106
CAS-2026-00286,ALT-2026-00312,CSE-002,Apex National Bank,3,Template,Alert acknowledged. Nominal traffic confirmed. No further action.,Suppressed / False Positive,OPR-102
CAS-2026-00287,ALT-2026-00313,CSE-003,Bharat Telecom Ltd,126,Custom Detailed,Airside baggage sorting controller PLC connection reset inspected. Traced to unauthorized dual-homed maintenance laptop; physical port disabled on switch 4A.,Remediated,OPR-109
CAS-2026-00288,ALT-2026-00314,CSE-004,Metro Airport Authority,4,Template,Resolved as per standard SOP - closed.,Suppressed / False Positive,OPR-106
CAS-2026-00289,ALT-2026-00315,CSE-003,Bharat Telecom Ltd,116,Custom Detailed,"Identified anomalous Kerberos ticket request from host 10.24.18.99. Isolated endpoint, extracted memory dump for forensic sandbox, escalated to Tier-3 incident handler.",Remediated,OPR-110
CAS-2026-00290,ALT-2026-00316,CSE-004,Metro Airport Authority,78,Custom Detailed,"SCADA RTU dual-homed gateway drop verified. Packet capture confirms unencrypted syslog suppression. Firewall rule AST-FW-SUB-04 revised, management interface locked down.",Remediated,OPR-112
CAS-2026-00291,ALT-2026-00318,CSE-003,Bharat Telecom Ltd,82,Custom Detailed,"Identified anomalous Kerberos ticket request from host 10.24.18.99. Isolated endpoint, extracted memory dump for forensic sandbox, escalated to Tier-3 incident handler.",Remediated,OPR-111
CAS-2026-00292,ALT-2026-00319,CSE-003,Bharat Telecom Ltd,53,Custom Detailed,"Entra ID service principal role elevation detected outside maintenance window. Revoked global admin consent grant, triggered automated credential rotation.",Remediated,OPR-109
CAS-2026-00293,ALT-2026-00320,CSE-004,Metro Airport Authority,4,Template,Resolved as per standard SOP - closed.,Suppressed / False Positive,OPR-108
CAS-2026-00294,ALT-2026-00321,CSE-003,Bharat Telecom Ltd,168,Custom Detailed,"Entra ID service principal role elevation detected outside maintenance window. Revoked global admin consent grant, triggered automated credential rotation.",Remediated,OPR-113
CAS-2026-00295,ALT-2026-00322,CSE-005,Eastern Port Trust,176,Custom Detailed,Airside baggage sorting controller PLC connection reset inspected. Traced to unauthorized dual-homed maintenance laptop; physical port disabled on switch 4A.,Remediated,OPR-108
CAS-2026-00296,ALT-2026-00323,CSE-003,Bharat Telecom Ltd,60,Custom Detailed,"SCADA RTU dual-homed gateway drop verified. Packet capture confirms unencrypted syslog suppression. Firewall rule AST-FW-SUB-04 revised, management interface locked down.",Remediated,OPR-103
CAS-2026-00297,ALT-2026-00324,CSE-002,Apex National Bank,3,Template,Automated ticket closure - SLA satisfied.,Suppressed / False Positive,OPR-103
CAS-2026-00298,ALT-2026-00325,CSE-007,National Highway Authority,163,Custom Detailed,"Entra ID service principal role elevation detected outside maintenance window. Revoked global admin consent grant, triggered automated credential rotation.",Remediated,OPR-115
CAS-2026-00299,ALT-2026-00326,CSE-007,National Highway Authority,57,Template,Resolved as per standard SOP - closed.,Suppressed / False Positive,OPR-113
CAS-2026-00300,ALT-2026-00327,CSE-001,National Power Grid Corporation,39,Custom Detailed,Airside baggage sorting controller PLC connection reset inspected. Traced to unauthorized dual-homed maintenance laptop; physical port disabled on switch 4A.,Remediated,OPR-105
CAS-2026-00301,ALT-2026-00328,CSE-004,Metro Airport Authority,2,Template,Alert acknowledged. Nominal traffic confirmed. No further action.,Suppressed / False Positive,OPR-108
CAS-2026-00302,ALT-2026-00329,CSE-003,Bharat Telecom Ltd,88,Custom Detailed,"Identified anomalous Kerberos ticket request from host 10.24.18.99. Isolated endpoint, extracted memory dump for forensic sandbox, escalated to Tier-3 incident handler.",Remediated,OPR-105
CAS-2026-00303,ALT-2026-00330,CSE-006,Central Metro Rail,154,Custom Detailed,Airside baggage sorting controller PLC connection reset inspected. Traced to unauthorized dual-homed maintenance laptop; physical port disabled on switch 4A.,Remediated,OPR-114
CAS-2026-00304,ALT-2026-00331,CSE-003,Bharat Telecom Ltd,74,Custom Detailed,"Identified anomalous Kerberos ticket request from host 10.24.18.99. Isolated endpoint, extracted memory dump for forensic sandbox, escalated to Tier-3 incident handler.",Remediated,OPR-115
CAS-2026-00305,ALT-2026-00332,CSE-007,National Highway Authority,159,Custom Detailed,Airside baggage sorting controller PLC connection reset inspected. Traced to unauthorized dual-homed maintenance laptop; physical port disabled on switch 4A.,Remediated,OPR-111
CAS-2026-00306,ALT-2026-00333,CSE-001,National Power Grid Corporation,118,Custom Detailed,"Entra ID service principal role elevation detected outside maintenance window. Revoked global admin consent grant, triggered automated credential rotation.",Remediated,OPR-114
CAS-2026-00307,ALT-2026-00334,CSE-003,Bharat Telecom Ltd,86,Custom Detailed,"SCADA RTU dual-homed gateway drop verified. Packet capture confirms unencrypted syslog suppression. Firewall rule AST-FW-SUB-04 revised, management interface locked down.",Remediated,OPR-104
CAS-2026-00308,ALT-2026-00335,CSE-006,Central Metro Rail,63,Custom Detailed,Airside baggage sorting controller PLC connection reset inspected. Traced to unauthorized dual-homed maintenance laptop; physical port disabled on switch 4A.,Remediated,OPR-103
CAS-2026-00309,ALT-2026-00336,CSE-005,Eastern Port Trust,138,Custom Detailed,"Entra ID service principal role elevation detected outside maintenance window. Revoked global admin consent grant, triggered automated credential rotation.",Remediated,OPR-114
CAS-2026-00310,ALT-2026-00337,CSE-003,Bharat Telecom Ltd,31,Custom Detailed,"Identified anomalous Kerberos ticket request from host 10.24.18.99. Isolated endpoint, extracted memory dump for forensic sandbox, escalated to Tier-3 incident handler.",Remediated,OPR-111
CAS-2026-00311,ALT-2026-00338,CSE-007,National Highway Authority,113,Custom Detailed,"Entra ID service principal role elevation detected outside maintenance window. Revoked global admin consent grant, triggered automated credential rotation.",Remediated,OPR-105
CAS-2026-00312,ALT-2026-00339,CSE-006,Central Metro Rail,111,Custom Detailed,Airside baggage sorting controller PLC connection reset inspected. Traced to unauthorized dual-homed maintenance laptop; physical port disabled on switch 4A.,Remediated,OPR-103
CAS-2026-00313,ALT-2026-00340,CSE-006,Central Metro Rail,117,Custom Detailed,"SCADA RTU dual-homed gateway drop verified. Packet capture confirms unencrypted syslog suppression. Firewall rule AST-FW-SUB-04 revised, management interface locked down.",Remediated,OPR-112
CAS-2026-00314,ALT-2026-00341,CSE-002,Apex National Bank,172,Custom Detailed,"SCADA RTU dual-homed gateway drop verified. Packet capture confirms unencrypted syslog suppression. Firewall rule AST-FW-SUB-04 revised, management interface locked down.",Remediated,OPR-105
CAS-2026-00315,ALT-2026-00342,CSE-001,National Power Grid Corporation,52,Custom Detailed,"Entra ID service principal role elevation detected outside maintenance window. Revoked global admin consent grant, triggered automated credential rotation.",Remediated,OPR-106
CAS-2026-00316,ALT-2026-00343,CSE-002,Apex National Bank,5,Template,Whitelisted per shift supervisor instruction. Ticket closed.,Suppressed / False Positive,OPR-108
CAS-2026-00317,ALT-2026-00344,CSE-001,National Power Grid Corporation,165,Custom Detailed,Airside baggage sorting controller PLC connection reset inspected. Traced to unauthorized dual-homed maintenance laptop; physical port disabled on switch 4A.,Remediated,OPR-107
CAS-2026-00318,ALT-2026-00345,CSE-001,National Power Grid Corporation,3,Template,Automated ticket closure - SLA satisfied.,Suppressed / False Positive,OPR-114
CAS-2026-00319,ALT-2026-00346,CSE-006,Central Metro Rail,100,Custom Detailed,Airside baggage sorting controller PLC connection reset inspected. Traced to unauthorized dual-homed maintenance laptop; physical port disabled on switch 4A.,Remediated,OPR-113
CAS-2026-00320,ALT-2026-00347,CSE-007,National Highway Authority,139,Custom Detailed,Airside baggage sorting controller PLC connection reset inspected. Traced to unauthorized dual-homed maintenance laptop; physical port disabled on switch 4A.,Remediated,OPR-107
CAS-2026-00321,ALT-2026-00348,CSE-004,Metro Airport Authority,34,Custom Detailed,"SCADA RTU dual-homed gateway drop verified. Packet capture confirms unencrypted syslog suppression. Firewall rule AST-FW-SUB-04 revised, management interface locked down.",Remediated,OPR-101
CAS-2026-00322,ALT-2026-00349,CSE-006,Central Metro Rail,46,Custom Detailed,"SCADA RTU dual-homed gateway drop verified. Packet capture confirms unencrypted syslog suppression. Firewall rule AST-FW-SUB-04 revised, management interface locked down.",Remediated,OPR-105
CAS-2026-00323,ALT-2026-00350,CSE-003,Bharat Telecom Ltd,121,Custom Detailed,Airside baggage sorting controller PLC connection reset inspected. Traced to unauthorized dual-homed maintenance laptop; physical port disabled on switch 4A.,Remediated,OPR-103
CAS-2026-00324,ALT-2026-00351,CSE-007,National Highway Authority,61,Custom Detailed,"SCADA RTU dual-homed gateway drop verified. Packet capture confirms unencrypted syslog suppression. Firewall rule AST-FW-SUB-04 revised, management interface locked down.",Remediated,OPR-112
CAS-2026-00325,ALT-2026-00352,CSE-006,Central Metro Rail,35,Template,Resolved as per standard SOP - closed.,Suppressed / False Positive,OPR-112
CAS-2026-00326,ALT-2026-00353,CSE-001,National Power Grid Corporation,107,Custom Detailed,"Identified anomalous Kerberos ticket request from host 10.24.18.99. Isolated endpoint, extracted memory dump for forensic sandbox, escalated to Tier-3 incident handler.",Remediated,OPR-111
CAS-2026-00327,ALT-2026-00354,CSE-001,National Power Grid Corporation,7,Template,False positive reported by analyst. Closed.,Suppressed / False Positive,OPR-102
CAS-2026-00328,ALT-2026-00355,CSE-003,Bharat Telecom Ltd,121,Custom Detailed,"SCADA RTU dual-homed gateway drop verified. Packet capture confirms unencrypted syslog suppression. Firewall rule AST-FW-SUB-04 revised, management interface locked down.",Remediated,OPR-107
CAS-2026-00329,ALT-2026-00356,CSE-003,Bharat Telecom Ltd,33,Custom Detailed,"Identified anomalous Kerberos ticket request from host 10.24.18.99. Isolated endpoint, extracted memory dump for forensic sandbox, escalated to Tier-3 incident handler.",Remediated,OPR-102
CAS-2026-00330,ALT-2026-00357,CSE-001,National Power Grid Corporation,2,Template,False positive reported by analyst. Closed.,Suppressed / False Positive,OPR-112
CAS-2026-00331,ALT-2026-00358,CSE-001,National Power Grid Corporation,40,Custom Detailed,"SCADA RTU dual-homed gateway drop verified. Packet capture confirms unencrypted syslog suppression. Firewall rule AST-FW-SUB-04 revised, management interface locked down.",Remediated,OPR-106
CAS-2026-00332,ALT-2026-00359,CSE-007,National Highway Authority,73,Custom Detailed,"SCADA RTU dual-homed gateway drop verified. Packet capture confirms unencrypted syslog suppression. Firewall rule AST-FW-SUB-04 revised, management interface locked down.",Remediated,OPR-106
CAS-2026-00333,ALT-2026-00360,CSE-004,Metro Airport Authority,2,Template,Alert acknowledged. Nominal traffic confirmed. No further action.,Suppressed / False Positive,OPR-107
CAS-2026-00334,ALT-2026-00361,CSE-004,Metro Airport Authority,45,Custom Detailed,"SCADA RTU dual-homed gateway drop verified. Packet capture confirms unencrypted syslog suppression. Firewall rule AST-FW-SUB-04 revised, management interface locked down.",Remediated,OPR-102
CAS-2026-00335,ALT-2026-00362,CSE-004,Metro Airport Authority,6,Template,Whitelisted per shift supervisor instruction. Ticket closed.,Suppressed / False Positive,OPR-114
CAS-2026-00336,ALT-2026-00363,CSE-006,Central Metro Rail,46,Template,Resolved as per standard SOP - closed.,Suppressed / False Positive,OPR-111
CAS-2026-00337,ALT-2026-00364,CSE-003,Bharat Telecom Ltd,140,Custom Detailed,"Identified anomalous Kerberos ticket request from host 10.24.18.99. Isolated endpoint, extracted memory dump for forensic sandbox, escalated to Tier-3 incident handler.",Remediated,OPR-112
CAS-2026-00338,ALT-2026-00365,CSE-002,Apex National Bank,2,Template,False positive reported by analyst. Closed.,Suppressed / False Positive,OPR-111
CAS-2026-00339,ALT-2026-00366,CSE-002,Apex National Bank,101,Custom Detailed,"Entra ID service principal role elevation detected outside maintenance window. Revoked global admin consent grant, triggered automated credential rotation.",Remediated,OPR-109
CAS-2026-00340,ALT-2026-00367,CSE-002,Apex National Bank,52,Custom Detailed,Airside baggage sorting controller PLC connection reset inspected. Traced to unauthorized dual-homed maintenance laptop; physical port disabled on switch 4A.,Remediated,OPR-108
CAS-2026-00341,ALT-2026-00368,CSE-003,Bharat Telecom Ltd,107,Template,Resolved as per standard SOP - closed.,Suppressed / False Positive,OPR-109
CAS-2026-00342,ALT-2026-00369,CSE-002,Apex National Bank,8,Template,Alert acknowledged. Nominal traffic confirmed. No further action.,Suppressed / False Positive,OPR-106
CAS-2026-00343,ALT-2026-00370,CSE-005,Eastern Port Trust,30,Custom Detailed,"SCADA RTU dual-homed gateway drop verified. Packet capture confirms unencrypted syslog suppression. Firewall rule AST-FW-SUB-04 revised, management interface locked down.",Remediated,OPR-106
CAS-2026-00344,ALT-2026-00371,CSE-007,National Highway Authority,57,Custom Detailed,Airside baggage sorting controller PLC connection reset inspected. Traced to unauthorized dual-homed maintenance laptop; physical port disabled on switch 4A.,Remediated,OPR-110
CAS-2026-00345,ALT-2026-00372,CSE-002,Apex National Bank,7,Template,Alert acknowledged. Nominal traffic confirmed. No further action.,Suppressed / False Positive,OPR-102
CAS-2026-00346,ALT-2026-00373,CSE-007,National Highway Authority,157,Custom Detailed,"SCADA RTU dual-homed gateway drop verified. Packet capture confirms unencrypted syslog suppression. Firewall rule AST-FW-SUB-04 revised, management interface locked down.",Remediated,OPR-109
CAS-2026-00347,ALT-2026-00374,CSE-006,Central Metro Rail,178,Custom Detailed,"SCADA RTU dual-homed gateway drop verified. Packet capture confirms unencrypted syslog suppression. Firewall rule AST-FW-SUB-04 revised, management interface locked down.",Remediated,OPR-112
CAS-2026-00348,ALT-2026-00375,CSE-007,National Highway Authority,100,Custom Detailed,"SCADA RTU dual-homed gateway drop verified. Packet capture confirms unencrypted syslog suppression. Firewall rule AST-FW-SUB-04 revised, management interface locked down.",Remediated,OPR-106
CAS-2026-00349,ALT-2026-00376,CSE-003,Bharat Telecom Ltd,171,Custom Detailed,"Entra ID service principal role elevation detected outside maintenance window. Revoked global admin consent grant, triggered automated credential rotation.",Remediated,OPR-104
CAS-2026-00350,ALT-2026-00377,CSE-002,Apex National Bank,158,Template,Alert acknowledged. Nominal traffic confirmed. No further action.,Suppressed / False Positive,OPR-112
CAS-2026-00351,ALT-2026-00378,CSE-006,Central Metro Rail,166,Custom Detailed,Airside baggage sorting controller PLC connection reset inspected. Traced to unauthorized dual-homed maintenance laptop; physical port disabled on switch 4A.,Remediated,OPR-115
CAS-2026-00352,ALT-2026-00379,CSE-007,National Highway Authority,71,Template,Whitelisted per shift supervisor instruction. Ticket closed.,Suppressed / False Positive,OPR-111
CAS-2026-00353,ALT-2026-00380,CSE-003,Bharat Telecom Ltd,173,Template,Resolved as per standard SOP - closed.,Suppressed / False Positive,OPR-112
CAS-2026-00354,ALT-2026-00381,CSE-006,Central Metro Rail,171,Custom Detailed,"Entra ID service principal role elevation detected outside maintenance window. Revoked global admin consent grant, triggered automated credential rotation.",Remediated,OPR-101
CAS-2026-00355,ALT-2026-00382,CSE-006,Central Metro Rail,79,Custom Detailed,"SCADA RTU dual-homed gateway drop verified. Packet capture confirms unencrypted syslog suppression. Firewall rule AST-FW-SUB-04 revised, management interface locked down.",Remediated,OPR-108
CAS-2026-00356,ALT-2026-00383,CSE-002,Apex National Bank,63,Custom Detailed,"Entra ID service principal role elevation detected outside maintenance window. Revoked global admin consent grant, triggered automated credential rotation.",Remediated,OPR-110
CAS-2026-00357,ALT-2026-00384,CSE-007,National Highway Authority,43,Template,False positive reported by analyst. Closed.,Suppressed / False Positive,OPR-110
CAS-2026-00358,ALT-2026-00385,CSE-007,National Highway Authority,163,Custom Detailed,"SCADA RTU dual-homed gateway drop verified. Packet capture confirms unencrypted syslog suppression. Firewall rule AST-FW-SUB-04 revised, management interface locked down.",Remediated,OPR-113
CAS-2026-00359,ALT-2026-00386,CSE-005,Eastern Port Trust,122,Custom Detailed,"Entra ID service principal role elevation detected outside maintenance window. Revoked global admin consent grant, triggered automated credential rotation.",Remediated,OPR-104
CAS-2026-00360,ALT-2026-00387,CSE-007,National Highway Authority,40,Custom Detailed,"SCADA RTU dual-homed gateway drop verified. Packet capture confirms unencrypted syslog suppression. Firewall rule AST-FW-SUB-04 revised, management interface locked down.",Remediated,OPR-115
CAS-2026-00361,ALT-2026-00388,CSE-003,Bharat Telecom Ltd,161,Template,Whitelisted per shift supervisor instruction. Ticket closed.,Suppressed / False Positive,OPR-108
CAS-2026-00362,ALT-2026-00389,CSE-004,Metro Airport Authority,3,Template,Resolved as per standard SOP - closed.,Suppressed / False Positive,OPR-109
CAS-2026-00363,ALT-2026-00390,CSE-001,National Power Grid Corporation,48,Custom Detailed,Airside baggage sorting controller PLC connection reset inspected. Traced to unauthorized dual-homed maintenance laptop; physical port disabled on switch 4A.,Remediated,OPR-111
CAS-2026-00364,ALT-2026-00391,CSE-002,Apex National Bank,3,Template,Resolved as per standard SOP - closed.,Suppressed / False Positive,OPR-109
CAS-2026-00365,ALT-2026-00392,CSE-001,National Power Grid Corporation,5,Template,Automated ticket closure - SLA satisfied.,Suppressed / False Positive,OPR-101
CAS-2026-00366,ALT-2026-00393,CSE-004,Metro Airport Authority,48,Template,Resolved as per standard SOP - closed.,Suppressed / False Positive,OPR-115
CAS-2026-00367,ALT-2026-00394,CSE-005,Eastern Port Trust,37,Custom Detailed,Airside baggage sorting controller PLC connection reset inspected. Traced to unauthorized dual-homed maintenance laptop; physical port disabled on switch 4A.,Remediated,OPR-103
CAS-2026-00368,ALT-2026-00396,CSE-005,Eastern Port Trust,108,Custom Detailed,"Identified anomalous Kerberos ticket request from host 10.24.18.99. Isolated endpoint, extracted memory dump for forensic sandbox, escalated to Tier-3 incident handler.",Remediated,OPR-112
CAS-2026-00369,ALT-2026-00397,CSE-006,Central Metro Rail,86,Custom Detailed,"SCADA RTU dual-homed gateway drop verified. Packet capture confirms unencrypted syslog suppression. Firewall rule AST-FW-SUB-04 revised, management interface locked down.",Remediated,OPR-114
CAS-2026-00370,ALT-2026-00398,CSE-003,Bharat Telecom Ltd,47,Custom Detailed,"Entra ID service principal role elevation detected outside maintenance window. Revoked global admin consent grant, triggered automated credential rotation.",Remediated,OPR-102
CAS-2026-00371,ALT-2026-00399,CSE-002,Apex National Bank,2,Template,Alert acknowledged. Nominal traffic confirmed. No further action.,Suppressed / False Positive,OPR-110
CAS-2026-00372,ALT-2026-00400,CSE-001,National Power Grid Corporation,174,Custom Detailed,"SCADA RTU dual-homed gateway drop verified. Packet capture confirms unencrypted syslog suppression. Firewall rule AST-FW-SUB-04 revised, management interface locked down.",Remediated,OPR-106
CAS-2026-00373,ALT-2026-00401,CSE-007,National Highway Authority,100,Custom Detailed,Airside baggage sorting controller PLC connection reset inspected. Traced to unauthorized dual-homed maintenance laptop; physical port disabled on switch 4A.,Remediated,OPR-103
CAS-2026-00374,ALT-2026-00402,CSE-006,Central Metro Rail,74,Custom Detailed,"Identified anomalous Kerberos ticket request from host 10.24.18.99. Isolated endpoint, extracted memory dump for forensic sandbox, escalated to Tier-3 incident handler.",Remediated,OPR-110
CAS-2026-00375,ALT-2026-00404,CSE-007,National Highway Authority,68,Custom Detailed,Airside baggage sorting controller PLC connection reset inspected. Traced to unauthorized dual-homed maintenance laptop; physical port disabled on switch 4A.,Remediated,OPR-107
CAS-2026-00376,ALT-2026-00405,CSE-002,Apex National Bank,2,Template,False positive reported by analyst. Closed.,Suppressed / False Positive,OPR-106
CAS-2026-00377,ALT-2026-00406,CSE-005,Eastern Port Trust,153,Custom Detailed,"SCADA RTU dual-homed gateway drop verified. Packet capture confirms unencrypted syslog suppression. Firewall rule AST-FW-SUB-04 revised, management interface locked down.",Remediated,OPR-101
CAS-2026-00378,ALT-2026-00407,CSE-002,Apex National Bank,7,Template,Resolved as per standard SOP - closed.,Suppressed / False Positive,OPR-109
CAS-2026-00379,ALT-2026-00408,CSE-007,National Highway Authority,97,Custom Detailed,"Entra ID service principal role elevation detected outside maintenance window. Revoked global admin consent grant, triggered automated credential rotation.",Remediated,OPR-109
CAS-2026-00380,ALT-2026-00409,CSE-005,Eastern Port Trust,126,Custom Detailed,"Entra ID service principal role elevation detected outside maintenance window. Revoked global admin consent grant, triggered automated credential rotation.",Remediated,OPR-109
CAS-2026-00381,ALT-2026-00410,CSE-004,Metro Airport Authority,88,Custom Detailed,"SCADA RTU dual-homed gateway drop verified. Packet capture confirms unencrypted syslog suppression. Firewall rule AST-FW-SUB-04 revised, management interface locked down.",Remediated,OPR-109
CAS-2026-00382,ALT-2026-00411,CSE-006,Central Metro Rail,136,Custom Detailed,"SCADA RTU dual-homed gateway drop verified. Packet capture confirms unencrypted syslog suppression. Firewall rule AST-FW-SUB-04 revised, management interface locked down.",Remediated,OPR-112
CAS-2026-00383,ALT-2026-00412,CSE-001,National Power Grid Corporation,2,Template,Automated ticket closure - SLA satisfied.,Suppressed / False Positive,OPR-101
CAS-2026-00384,ALT-2026-00413,CSE-002,Apex National Bank,96,Custom Detailed,"SCADA RTU dual-homed gateway drop verified. Packet capture confirms unencrypted syslog suppression. Firewall rule AST-FW-SUB-04 revised, management interface locked down.",Remediated,OPR-109
CAS-2026-00385,ALT-2026-00414,CSE-004,Metro Airport Authority,85,Custom Detailed,"Identified anomalous Kerberos ticket request from host 10.24.18.99. Isolated endpoint, extracted memory dump for forensic sandbox, escalated to Tier-3 incident handler.",Remediated,OPR-110
CAS-2026-00386,ALT-2026-00415,CSE-004,Metro Airport Authority,160,Template,Alert acknowledged. Nominal traffic confirmed. No further action.,Suppressed / False Positive,OPR-103
CAS-2026-00387,ALT-2026-00416,CSE-006,Central Metro Rail,34,Custom Detailed,"Identified anomalous Kerberos ticket request from host 10.24.18.99. Isolated endpoint, extracted memory dump for forensic sandbox, escalated to Tier-3 incident handler.",Remediated,OPR-109
CAS-2026-00388,ALT-2026-00417,CSE-007,National Highway Authority,39,Template,False positive reported by analyst. Closed.,Suppressed / False Positive,OPR-109
CAS-2026-00389,ALT-2026-00418,CSE-007,National Highway Authority,163,Custom Detailed,Airside baggage sorting controller PLC connection reset inspected. Traced to unauthorized dual-homed maintenance laptop; physical port disabled on switch 4A.,Remediated,OPR-106
CAS-2026-00390,ALT-2026-00419,CSE-007,National Highway Authority,180,Custom Detailed,"Entra ID service principal role elevation detected outside maintenance window. Revoked global admin consent grant, triggered automated credential rotation.",Remediated,OPR-115
CAS-2026-00391,ALT-2026-00420,CSE-007,National Highway Authority,102,Custom Detailed,"Identified anomalous Kerberos ticket request from host 10.24.18.99. Isolated endpoint, extracted memory dump for forensic sandbox, escalated to Tier-3 incident handler.",Remediated,OPR-115
CAS-2026-00392,ALT-2026-00421,CSE-005,Eastern Port Trust,31,Template,False positive reported by analyst. Closed.,Suppressed / False Positive,OPR-111
CAS-2026-00393,ALT-2026-00422,CSE-002,Apex National Bank,4,Template,False positive reported by analyst. Closed.,Suppressed / False Positive,OPR-114
CAS-2026-00394,ALT-2026-00423,CSE-005,Eastern Port Trust,75,Custom Detailed,Airside baggage sorting controller PLC connection reset inspected. Traced to unauthorized dual-homed maintenance laptop; physical port disabled on switch 4A.,Remediated,OPR-109
CAS-2026-00395,ALT-2026-00424,CSE-005,Eastern Port Trust,88,Custom Detailed,"Identified anomalous Kerberos ticket request from host 10.24.18.99. Isolated endpoint, extracted memory dump for forensic sandbox, escalated to Tier-3 incident handler.",Remediated,OPR-113
CAS-2026-00396,ALT-2026-00425,CSE-006,Central Metro Rail,71,Custom Detailed,"Identified anomalous Kerberos ticket request from host 10.24.18.99. Isolated endpoint, extracted memory dump for forensic sandbox, escalated to Tier-3 incident handler.",Remediated,OPR-111
CAS-2026-00397,ALT-2026-00427,CSE-005,Eastern Port Trust,74,Custom Detailed,"Identified anomalous Kerberos ticket request from host 10.24.18.99. Isolated endpoint, extracted memory dump for forensic sandbox, escalated to Tier-3 incident handler.",Remediated,OPR-108
CAS-2026-00398,ALT-2026-00428,CSE-004,Metro Airport Authority,6,Template,False positive reported by analyst. Closed.,Suppressed / False Positive,OPR-112
CAS-2026-00399,ALT-2026-00429,CSE-002,Apex National Bank,3,Template,Resolved as per standard SOP - closed.,Suppressed / False Positive,OPR-105
CAS-2026-00400,ALT-2026-00430,CSE-007,National Highway Authority,53,Custom Detailed,"Identified anomalous Kerberos ticket request from host 10.24.18.99. Isolated endpoint, extracted memory dump for forensic sandbox, escalated to Tier-3 incident handler.",Remediated,OPR-105
CAS-2026-00401,ALT-2026-00431,CSE-006,Central Metro Rail,146,Custom Detailed,"SCADA RTU dual-homed gateway drop verified. Packet capture confirms unencrypted syslog suppression. Firewall rule AST-FW-SUB-04 revised, management interface locked down.",Remediated,OPR-110
CAS-2026-00402,ALT-2026-00432,CSE-001,National Power Grid Corporation,167,Custom Detailed,"Entra ID service principal role elevation detected outside maintenance window. Revoked global admin consent grant, triggered automated credential rotation.",Remediated,OPR-105
CAS-2026-00403,ALT-2026-00433,CSE-006,Central Metro Rail,180,Custom Detailed,Airside baggage sorting controller PLC connection reset inspected. Traced to unauthorized dual-homed maintenance laptop; physical port disabled on switch 4A.,Remediated,OPR-108
CAS-2026-00404,ALT-2026-00434,CSE-001,National Power Grid Corporation,162,Custom Detailed,"Entra ID service principal role elevation detected outside maintenance window. Revoked global admin consent grant, triggered automated credential rotation.",Remediated,OPR-101
CAS-2026-00405,ALT-2026-00435,CSE-006,Central Metro Rail,151,Custom Detailed,"SCADA RTU dual-homed gateway drop verified. Packet capture confirms unencrypted syslog suppression. Firewall rule AST-FW-SUB-04 revised, management interface locked down.",Remediated,OPR-106
CAS-2026-00406,ALT-2026-00436,CSE-002,Apex National Bank,90,Custom Detailed,"SCADA RTU dual-homed gateway drop verified. Packet capture confirms unencrypted syslog suppression. Firewall rule AST-FW-SUB-04 revised, management interface locked down.",Remediated,OPR-104
CAS-2026-00407,ALT-2026-00437,CSE-007,National Highway Authority,50,Custom Detailed,"Identified anomalous Kerberos ticket request from host 10.24.18.99. Isolated endpoint, extracted memory dump for forensic sandbox, escalated to Tier-3 incident handler.",Remediated,OPR-111
CAS-2026-00408,ALT-2026-00438,CSE-004,Metro Airport Authority,155,Custom Detailed,"Entra ID service principal role elevation detected outside maintenance window. Revoked global admin consent grant, triggered automated credential rotation.",Remediated,OPR-113
CAS-2026-00409,ALT-2026-00439,CSE-005,Eastern Port Trust,130,Custom Detailed,"Entra ID service principal role elevation detected outside maintenance window. Revoked global admin consent grant, triggered automated credential rotation.",Remediated,OPR-113
CAS-2026-00410,ALT-2026-00440,CSE-002,Apex National Bank,7,Template,Resolved as per standard SOP - closed.,Suppressed / False Positive,OPR-107
CAS-2026-00411,ALT-2026-00441,CSE-005,Eastern Port Trust,123,Custom Detailed,"Entra ID service principal role elevation detected outside maintenance window. Revoked global admin consent grant, triggered automated credential rotation.",Remediated,OPR-108
CAS-2026-00412,ALT-2026-00442,CSE-004,Metro Airport Authority,5,Template,Whitelisted per shift supervisor instruction. Ticket closed.,Suppressed / False Positive,OPR-110
CAS-2026-00413,ALT-2026-00443,CSE-002,Apex National Bank,80,Custom Detailed,Airside baggage sorting controller PLC connection reset inspected. Traced to unauthorized dual-homed maintenance laptop; physical port disabled on switch 4A.,Remediated,OPR-113
CAS-2026-00414,ALT-2026-00444,CSE-006,Central Metro Rail,166,Template,False positive reported by analyst. Closed.,Suppressed / False Positive,OPR-106
CAS-2026-00415,ALT-2026-00445,CSE-007,National Highway Authority,151,Custom Detailed,"Entra ID service principal role elevation detected outside maintenance window. Revoked global admin consent grant, triggered automated credential rotation.",Remediated,OPR-102
CAS-2026-00416,ALT-2026-00446,CSE-004,Metro Airport Authority,4,Template,Whitelisted per shift supervisor instruction. Ticket closed.,Suppressed / False Positive,OPR-107
CAS-2026-00417,ALT-2026-00447,CSE-001,National Power Grid Corporation,120,Custom Detailed,"Entra ID service principal role elevation detected outside maintenance window. Revoked global admin consent grant, triggered automated credential rotation.",Remediated,OPR-111
CAS-2026-00418,ALT-2026-00448,CSE-005,Eastern Port Trust,116,Custom Detailed,"SCADA RTU dual-homed gateway drop verified. Packet capture confirms unencrypted syslog suppression. Firewall rule AST-FW-SUB-04 revised, management interface locked down.",Remediated,OPR-111
CAS-2026-00419,ALT-2026-00449,CSE-005,Eastern Port Trust,98,Custom Detailed,"Entra ID service principal role elevation detected outside maintenance window. Revoked global admin consent grant, triggered automated credential rotation.",Remediated,OPR-111
CAS-2026-00420,ALT-2026-00450,CSE-004,Metro Airport Authority,35,Custom Detailed,"SCADA RTU dual-homed gateway drop verified. Packet capture confirms unencrypted syslog suppression. Firewall rule AST-FW-SUB-04 revised, management interface locked down.",Remediated,OPR-112
CAS-2026-00421,ALT-2026-00451,CSE-002,Apex National Bank,2,Template,Resolved as per standard SOP - closed.,Suppressed / False Positive,OPR-115
CAS-2026-00422,ALT-2026-00452,CSE-004,Metro Airport Authority,129,Template,Resolved as per standard SOP - closed.,Suppressed / False Positive,OPR-104
CAS-2026-00423,ALT-2026-00453,CSE-002,Apex National Bank,2,Template,Resolved as per standard SOP - closed.,Suppressed / False Positive,OPR-106
CAS-2026-00424,ALT-2026-00454,CSE-007,National Highway Authority,168,Custom Detailed,"SCADA RTU dual-homed gateway drop verified. Packet capture confirms unencrypted syslog suppression. Firewall rule AST-FW-SUB-04 revised, management interface locked down.",Remediated,OPR-110
CAS-2026-00425,ALT-2026-00455,CSE-005,Eastern Port Trust,168,Custom Detailed,Airside baggage sorting controller PLC connection reset inspected. Traced to unauthorized dual-homed maintenance laptop; physical port disabled on switch 4A.,Remediated,OPR-113
CAS-2026-00426,ALT-2026-00456,CSE-001,National Power Grid Corporation,2,Template,Resolved as per standard SOP - closed.,Suppressed / False Positive,OPR-114
CAS-2026-00427,ALT-2026-00457,CSE-007,National Highway Authority,106,Custom Detailed,Airside baggage sorting controller PLC connection reset inspected. Traced to unauthorized dual-homed maintenance laptop; physical port disabled on switch 4A.,Remediated,OPR-113
CAS-2026-00428,ALT-2026-00458,CSE-004,Metro Airport Authority,131,Custom Detailed,Airside baggage sorting controller PLC connection reset inspected. Traced to unauthorized dual-homed maintenance laptop; physical port disabled on switch 4A.,Remediated,OPR-103
CAS-2026-00429,ALT-2026-00459,CSE-006,Central Metro Rail,102,Custom Detailed,"Entra ID service principal role elevation detected outside maintenance window. Revoked global admin consent grant, triggered automated credential rotation.",Remediated,OPR-112
CAS-2026-00430,ALT-2026-00460,CSE-005,Eastern Port Trust,145,Template,Automated ticket closure - SLA satisfied.,Suppressed / False Positive,OPR-112
CAS-2026-00431,ALT-2026-00461,CSE-005,Eastern Port Trust,98,Template,Whitelisted per shift supervisor instruction. Ticket closed.,Suppressed / False Positive,OPR-112
CAS-2026-00432,ALT-2026-00462,CSE-004,Metro Airport Authority,4,Template,Alert acknowledged. Nominal traffic confirmed. No further action.,Suppressed / False Positive,OPR-105
CAS-2026-00433,ALT-2026-00463,CSE-007,National Highway Authority,44,Custom Detailed,"SCADA RTU dual-homed gateway drop verified. Packet capture confirms unencrypted syslog suppression. Firewall rule AST-FW-SUB-04 revised, management interface locked down.",Remediated,OPR-113
CAS-2026-00434,ALT-2026-00464,CSE-004,Metro Airport Authority,8,Template,Automated ticket closure - SLA satisfied.,Suppressed / False Positive,OPR-102
CAS-2026-00435,ALT-2026-00465,CSE-007,National Highway Authority,163,Custom Detailed,"Identified anomalous Kerberos ticket request from host 10.24.18.99. Isolated endpoint, extracted memory dump for forensic sandbox, escalated to Tier-3 incident handler.",Remediated,OPR-104
CAS-2026-00436,ALT-2026-00466,CSE-004,Metro Airport Authority,7,Template,Resolved as per standard SOP - closed.,Suppressed / False Positive,OPR-109
CAS-2026-00437,ALT-2026-00467,CSE-001,National Power Grid Corporation,2,Template,Alert acknowledged. Nominal traffic confirmed. No further action.,Suppressed / False Positive,OPR-111
CAS-2026-00438,ALT-2026-00468,CSE-004,Metro Airport Authority,178,Custom Detailed,"Identified anomalous Kerberos ticket request from host 10.24.18.99. Isolated endpoint, extracted memory dump for forensic sandbox, escalated to Tier-3 incident handler.",Remediated,OPR-108
CAS-2026-00439,ALT-2026-00469,CSE-006,Central Metro Rail,45,Template,Resolved as per standard SOP - closed.,Suppressed / False Positive,OPR-111
CAS-2026-00440,ALT-2026-00470,CSE-002,Apex National Bank,6,Template,Whitelisted per shift supervisor instruction. Ticket closed.,Suppressed / False Positive,OPR-113
CAS-2026-00441,ALT-2026-00471,CSE-003,Bharat Telecom Ltd,154,Custom Detailed,"Identified anomalous Kerberos ticket request from host 10.24.18.99. Isolated endpoint, extracted memory dump for forensic sandbox, escalated to Tier-3 incident handler.",Remediated,OPR-108
CAS-2026-00442,ALT-2026-00472,CSE-005,Eastern Port Trust,100,Custom Detailed,Airside baggage sorting controller PLC connection reset inspected. Traced to unauthorized dual-homed maintenance laptop; physical port disabled on switch 4A.,Remediated,OPR-115
CAS-2026-00443,ALT-2026-00473,CSE-007,National Highway Authority,159,Custom Detailed,"Identified anomalous Kerberos ticket request from host 10.24.18.99. Isolated endpoint, extracted memory dump for forensic sandbox, escalated to Tier-3 incident handler.",Remediated,OPR-112
CAS-2026-00444,ALT-2026-00474,CSE-002,Apex National Bank,78,Custom Detailed,Airside baggage sorting controller PLC connection reset inspected. Traced to unauthorized dual-homed maintenance laptop; physical port disabled on switch 4A.,Remediated,OPR-111
CAS-2026-00445,ALT-2026-00475,CSE-004,Metro Airport Authority,2,Template,Whitelisted per shift supervisor instruction. Ticket closed.,Suppressed / False Positive,OPR-109
CAS-2026-00446,ALT-2026-00476,CSE-006,Central Metro Rail,38,Custom Detailed,"Identified anomalous Kerberos ticket request from host 10.24.18.99. Isolated endpoint, extracted memory dump for forensic sandbox, escalated to Tier-3 incident handler.",Remediated,OPR-111
CAS-2026-00447,ALT-2026-00477,CSE-007,National Highway Authority,155,Custom Detailed,"SCADA RTU dual-homed gateway drop verified. Packet capture confirms unencrypted syslog suppression. Firewall rule AST-FW-SUB-04 revised, management interface locked down.",Remediated,OPR-108
CAS-2026-00448,ALT-2026-00478,CSE-007,National Highway Authority,165,Custom Detailed,"Entra ID service principal role elevation detected outside maintenance window. Revoked global admin consent grant, triggered automated credential rotation.",Remediated,OPR-112
CAS-2026-00449,ALT-2026-00479,CSE-001,National Power Grid Corporation,78,Template,Automated ticket closure - SLA satisfied.,Suppressed / False Positive,OPR-109
CAS-2026-00450,ALT-2026-00480,CSE-006,Central Metro Rail,147,Custom Detailed,"Entra ID service principal role elevation detected outside maintenance window. Revoked global admin consent grant, triggered automated credential rotation.",Remediated,OPR-111
CAS-2026-00451,ALT-2026-00481,CSE-004,Metro Airport Authority,120,Custom Detailed,Airside baggage sorting controller PLC connection reset inspected. Traced to unauthorized dual-homed maintenance laptop; physical port disabled on switch 4A.,Remediated,OPR-109
CAS-2026-00452,ALT-2026-00482,CSE-003,Bharat Telecom Ltd,126,Custom Detailed,"SCADA RTU dual-homed gateway drop verified. Packet capture confirms unencrypted syslog suppression. Firewall rule AST-FW-SUB-04 revised, management interface locked down.",Remediated,OPR-115
CAS-2026-00453,ALT-2026-00483,CSE-006,Central Metro Rail,162,Custom Detailed,"Identified anomalous Kerberos ticket request from host 10.24.18.99. Isolated endpoint, extracted memory dump for forensic sandbox, escalated to Tier-3 incident handler.",Remediated,OPR-115
CAS-2026-00454,ALT-2026-00484,CSE-003,Bharat Telecom Ltd,171,Custom Detailed,"Entra ID service principal role elevation detected outside maintenance window. Revoked global admin consent grant, triggered automated credential rotation.",Remediated,OPR-109
CAS-2026-00455,ALT-2026-00485,CSE-005,Eastern Port Trust,89,Custom Detailed,"SCADA RTU dual-homed gateway drop verified. Packet capture confirms unencrypted syslog suppression. Firewall rule AST-FW-SUB-04 revised, management interface locked down.",Remediated,OPR-113
CAS-2026-00456,ALT-2026-00488,CSE-007,National Highway Authority,111,Custom Detailed,"Identified anomalous Kerberos ticket request from host 10.24.18.99. Isolated endpoint, extracted memory dump for forensic sandbox, escalated to Tier-3 incident handler.",Remediated,OPR-110
CAS-2026-00457,ALT-2026-00489,CSE-002,Apex National Bank,5,Template,Automated ticket closure - SLA satisfied.,Suppressed / False Positive,OPR-110
CAS-2026-00458,ALT-2026-00490,CSE-005,Eastern Port Trust,42,Template,False positive reported by analyst. Closed.,Suppressed / False Positive,OPR-107
CAS-2026-00459,ALT-2026-00491,CSE-003,Bharat Telecom Ltd,154,Custom Detailed,"SCADA RTU dual-homed gateway drop verified. Packet capture confirms unencrypted syslog suppression. Firewall rule AST-FW-SUB-04 revised, management interface locked down.",Remediated,OPR-111
CAS-2026-00460,ALT-2026-00492,CSE-005,Eastern Port Trust,58,Custom Detailed,"Identified anomalous Kerberos ticket request from host 10.24.18.99. Isolated endpoint, extracted memory dump for forensic sandbox, escalated to Tier-3 incident handler.",Remediated,OPR-107
CAS-2026-00461,ALT-2026-00493,CSE-004,Metro Airport Authority,8,Template,Resolved as per standard SOP - closed.,Suppressed / False Positive,OPR-103
CAS-2026-00462,ALT-2026-00495,CSE-006,Central Metro Rail,108,Custom Detailed,"Identified anomalous Kerberos ticket request from host 10.24.18.99. Isolated endpoint, extracted memory dump for forensic sandbox, escalated to Tier-3 incident handler.",Remediated,OPR-108
CAS-2026-00463,ALT-2026-00496,CSE-001,National Power Grid Corporation,6,Template,Whitelisted per shift supervisor instruction. Ticket closed.,Suppressed / False Positive,OPR-110
CAS-2026-00464,ALT-2026-00497,CSE-006,Central Metro Rail,102,Custom Detailed,"Identified anomalous Kerberos ticket request from host 10.24.18.99. Isolated endpoint, extracted memory dump for forensic sandbox, escalated to Tier-3 incident handler.",Remediated,OPR-113
CAS-2026-00465,ALT-2026-00498,CSE-006,Central Metro Rail,57,Template,Whitelisted per shift supervisor instruction. Ticket closed.,Suppressed / False Positive,OPR-105
CAS-2026-00466,ALT-2026-00499,CSE-007,National Highway Authority,154,Custom Detailed,"Entra ID service principal role elevation detected outside maintenance window. Revoked global admin consent grant, triggered automated credential rotation.",Remediated,OPR-109
CAS-2026-00467,ALT-2026-00500,CSE-001,National Power Grid Corporation,108,Template,False positive reported by analyst. Closed.,Suppressed / False Positive,OPR-108
CAS-2026-00468,ALT-2026-00501,CSE-004,Metro Airport Authority,45,Custom Detailed,"Entra ID service principal role elevation detected outside maintenance window. Revoked global admin consent grant, triggered automated credential rotation.",Remediated,OPR-105
CAS-2026-00469,ALT-2026-00502,CSE-004,Metro Airport Authority,7,Template,Automated ticket closure - SLA satisfied.,Suppressed / False Positive,OPR-102
CAS-2026-00470,ALT-2026-00503,CSE-006,Central Metro Rail,144,Custom Detailed,"Entra ID service principal role elevation detected outside maintenance window. Revoked global admin consent grant, triggered automated credential rotation.",Remediated,OPR-103
CAS-2026-00471,ALT-2026-00504,CSE-002,Apex National Bank,140,Custom Detailed,"SCADA RTU dual-homed gateway drop verified. Packet capture confirms unencrypted syslog suppression. Firewall rule AST-FW-SUB-04 revised, management interface locked down.",Remediated,OPR-111
CAS-2026-00472,ALT-2026-00505,CSE-005,Eastern Port Trust,37,Template,Alert acknowledged. Nominal traffic confirmed. No further action.,Suppressed / False Positive,OPR-115
CAS-2026-00473,ALT-2026-00506,CSE-004,Metro Airport Authority,68,Custom Detailed,"Entra ID service principal role elevation detected outside maintenance window. Revoked global admin consent grant, triggered automated credential rotation.",Remediated,OPR-102
CAS-2026-00474,ALT-2026-00507,CSE-002,Apex National Bank,121,Custom Detailed,"Identified anomalous Kerberos ticket request from host 10.24.18.99. Isolated endpoint, extracted memory dump for forensic sandbox, escalated to Tier-3 incident handler.",Remediated,OPR-112
CAS-2026-00475,ALT-2026-00508,CSE-007,National Highway Authority,65,Custom Detailed,Airside baggage sorting controller PLC connection reset inspected. Traced to unauthorized dual-homed maintenance laptop; physical port disabled on switch 4A.,Remediated,OPR-104
CAS-2026-00476,ALT-2026-00509,CSE-002,Apex National Bank,82,Custom Detailed,"SCADA RTU dual-homed gateway drop verified. Packet capture confirms unencrypted syslog suppression. Firewall rule AST-FW-SUB-04 revised, management interface locked down.",Remediated,OPR-103
CAS-2026-00477,ALT-2026-00510,CSE-004,Metro Airport Authority,110,Custom Detailed,Airside baggage sorting controller PLC connection reset inspected. Traced to unauthorized dual-homed maintenance laptop; physical port disabled on switch 4A.,Remediated,OPR-110
CAS-2026-00478,ALT-2026-00511,CSE-006,Central Metro Rail,162,Custom Detailed,"SCADA RTU dual-homed gateway drop verified. Packet capture confirms unencrypted syslog suppression. Firewall rule AST-FW-SUB-04 revised, management interface locked down.",Remediated,OPR-107
CAS-2026-00479,ALT-2026-00512,CSE-006,Central Metro Rail,148,Custom Detailed,"Entra ID service principal role elevation detected outside maintenance window. Revoked global admin consent grant, triggered automated credential rotation.",Remediated,OPR-107
CAS-2026-00480,ALT-2026-00513,CSE-003,Bharat Telecom Ltd,76,Custom Detailed,"Identified anomalous Kerberos ticket request from host 10.24.18.99. Isolated endpoint, extracted memory dump for forensic sandbox, escalated to Tier-3 incident handler.",Remediated,OPR-115
CAS-2026-00481,ALT-2026-00514,CSE-006,Central Metro Rail,146,Custom Detailed,"SCADA RTU dual-homed gateway drop verified. Packet capture confirms unencrypted syslog suppression. Firewall rule AST-FW-SUB-04 revised, management interface locked down.",Remediated,OPR-105
CAS-2026-00482,ALT-2026-00515,CSE-003,Bharat Telecom Ltd,51,Template,Whitelisted per shift supervisor instruction. Ticket closed.,Suppressed / False Positive,OPR-112
CAS-2026-00483,ALT-2026-00516,CSE-004,Metro Airport Authority,8,Template,Resolved as per standard SOP - closed.,Suppressed / False Positive,OPR-115
CAS-2026-00484,ALT-2026-00517,CSE-003,Bharat Telecom Ltd,108,Custom Detailed,Airside baggage sorting controller PLC connection reset inspected. Traced to unauthorized dual-homed maintenance laptop; physical port disabled on switch 4A.,Remediated,OPR-112
CAS-2026-00485,ALT-2026-00518,CSE-007,National Highway Authority,33,Custom Detailed,"Entra ID service principal role elevation detected outside maintenance window. Revoked global admin consent grant, triggered automated credential rotation.",Remediated,OPR-108
CAS-2026-00486,ALT-2026-00519,CSE-007,National Highway Authority,146,Custom Detailed,Airside baggage sorting controller PLC connection reset inspected. Traced to unauthorized dual-homed maintenance laptop; physical port disabled on switch 4A.,Remediated,OPR-108
CAS-2026-00487,ALT-2026-00520,CSE-001,National Power Grid Corporation,42,Custom Detailed,"SCADA RTU dual-homed gateway drop verified. Packet capture confirms unencrypted syslog suppression. Firewall rule AST-FW-SUB-04 revised, management interface locked down.",Remediated,OPR-103
CAS-2026-00488,ALT-2026-00522,CSE-001,National Power Grid Corporation,146,Custom Detailed,"SCADA RTU dual-homed gateway drop verified. Packet capture confirms unencrypted syslog suppression. Firewall rule AST-FW-SUB-04 revised, management interface locked down.",Remediated,OPR-110
CAS-2026-00489,ALT-2026-00523,CSE-003,Bharat Telecom Ltd,104,Custom Detailed,"Identified anomalous Kerberos ticket request from host 10.24.18.99. Isolated endpoint, extracted memory dump for forensic sandbox, escalated to Tier-3 incident handler.",Remediated,OPR-103
CAS-2026-00490,ALT-2026-00524,CSE-001,National Power Grid Corporation,153,Custom Detailed,"Identified anomalous Kerberos ticket request from host 10.24.18.99. Isolated endpoint, extracted memory dump for forensic sandbox, escalated to Tier-3 incident handler.",Remediated,OPR-112
CAS-2026-00491,ALT-2026-00525,CSE-005,Eastern Port Trust,63,Custom Detailed,"Entra ID service principal role elevation detected outside maintenance window. Revoked global admin consent grant, triggered automated credential rotation.",Remediated,OPR-110
CAS-2026-00492,ALT-2026-00526,CSE-004,Metro Airport Authority,79,Custom Detailed,"Entra ID service principal role elevation detected outside maintenance window. Revoked global admin consent grant, triggered automated credential rotation.",Remediated,OPR-102
CAS-2026-00493,ALT-2026-00527,CSE-001,National Power Grid Corporation,41,Custom Detailed,Airside baggage sorting controller PLC connection reset inspected. Traced to unauthorized dual-homed maintenance laptop; physical port disabled on switch 4A.,Remediated,OPR-106
CAS-2026-00494,ALT-2026-00528,CSE-005,Eastern Port Trust,106,Custom Detailed,"Entra ID service principal role elevation detected outside maintenance window. Revoked global admin consent grant, triggered automated credential rotation.",Remediated,OPR-109
CAS-2026-00495,ALT-2026-00529,CSE-003,Bharat Telecom Ltd,79,Custom Detailed,"SCADA RTU dual-homed gateway drop verified. Packet capture confirms unencrypted syslog suppression. Firewall rule AST-FW-SUB-04 revised, management interface locked down.",Remediated,OPR-114
CAS-2026-00496,ALT-2026-00530,CSE-003,Bharat Telecom Ltd,167,Template,Automated ticket closure - SLA satisfied.,Suppressed / False Positive,OPR-108
CAS-2026-00497,ALT-2026-00531,CSE-007,National Highway Authority,83,Custom Detailed,"Identified anomalous Kerberos ticket request from host 10.24.18.99. Isolated endpoint, extracted memory dump for forensic sandbox, escalated to Tier-3 incident handler.",Remediated,OPR-111
CAS-2026-00498,ALT-2026-00532,CSE-003,Bharat Telecom Ltd,176,Custom Detailed,"SCADA RTU dual-homed gateway drop verified. Packet capture confirms unencrypted syslog suppression. Firewall rule AST-FW-SUB-04 revised, management interface locked down.",Remediated,OPR-107
CAS-2026-00499,ALT-2026-00533,CSE-002,Apex National Bank,157,Custom Detailed,"Identified anomalous Kerberos ticket request from host 10.24.18.99. Isolated endpoint, extracted memory dump for forensic sandbox, escalated to Tier-3 incident handler.",Remediated,OPR-106
CAS-2026-00500,ALT-2026-00534,CSE-004,Metro Airport Authority,8,Template,Resolved as per standard SOP - closed.,Suppressed / False Positive,OPR-115
CAS-2026-00501,ALT-2026-00535,CSE-001,National Power Grid Corporation,113,Custom Detailed,"Entra ID service principal role elevation detected outside maintenance window. Revoked global admin consent grant, triggered automated credential rotation.",Remediated,OPR-113
CAS-2026-00502,ALT-2026-00536,CSE-007,National Highway Authority,31,Custom Detailed,"Identified anomalous Kerberos ticket request from host 10.24.18.99. Isolated endpoint, extracted memory dump for forensic sandbox, escalated to Tier-3 incident handler.",Remediated,OPR-115
CAS-2026-00503,ALT-2026-00537,CSE-001,National Power Grid Corporation,6,Template,Resolved as per standard SOP - closed.,Suppressed / False Positive,OPR-112
CAS-2026-00504,ALT-2026-00538,CSE-003,Bharat Telecom Ltd,166,Custom Detailed,"Entra ID service principal role elevation detected outside maintenance window. Revoked global admin consent grant, triggered automated credential rotation.",Remediated,OPR-113
CAS-2026-00505,ALT-2026-00539,CSE-004,Metro Airport Authority,6,Template,Resolved as per standard SOP - closed.,Suppressed / False Positive,OPR-109
CAS-2026-00506,ALT-2026-00540,CSE-001,National Power Grid Corporation,6,Template,Whitelisted per shift supervisor instruction. Ticket closed.,Suppressed / False Positive,OPR-103
CAS-2026-00507,ALT-2026-00541,CSE-001,National Power Grid Corporation,57,Template,Resolved as per standard SOP - closed.,Suppressed / False Positive,OPR-101
CAS-2026-00508,ALT-2026-00542,CSE-001,National Power Grid Corporation,149,Custom Detailed,"Identified anomalous Kerberos ticket request from host 10.24.18.99. Isolated endpoint, extracted memory dump for forensic sandbox, escalated to Tier-3 incident handler.",Remediated,OPR-103
CAS-2026-00509,ALT-2026-00543,CSE-001,National Power Grid Corporation,89,Custom Detailed,Airside baggage sorting controller PLC connection reset inspected. Traced to unauthorized dual-homed maintenance laptop; physical port disabled on switch 4A.,Remediated,OPR-103
CAS-2026-00510,ALT-2026-00544,CSE-007,National Highway Authority,146,Custom Detailed,"Entra ID service principal role elevation detected outside maintenance window. Revoked global admin consent grant, triggered automated credential rotation.",Remediated,OPR-101
CAS-2026-00511,ALT-2026-00546,CSE-004,Metro Airport Authority,8,Template,Resolved as per standard SOP - closed.,Suppressed / False Positive,OPR-109
CAS-2026-00512,ALT-2026-00547,CSE-004,Metro Airport Authority,117,Custom Detailed,"Identified anomalous Kerberos ticket request from host 10.24.18.99. Isolated endpoint, extracted memory dump for forensic sandbox, escalated to Tier-3 incident handler.",Remediated,OPR-114
CAS-2026-00513,ALT-2026-00548,CSE-006,Central Metro Rail,176,Custom Detailed,"Identified anomalous Kerberos ticket request from host 10.24.18.99. Isolated endpoint, extracted memory dump for forensic sandbox, escalated to Tier-3 incident handler.",Remediated,OPR-102
CAS-2026-00514,ALT-2026-00549,CSE-005,Eastern Port Trust,127,Custom Detailed,"Identified anomalous Kerberos ticket request from host 10.24.18.99. Isolated endpoint, extracted memory dump for forensic sandbox, escalated to Tier-3 incident handler.",Remediated,OPR-108
CAS-2026-00515,ALT-2026-00550,CSE-006,Central Metro Rail,67,Custom Detailed,"Identified anomalous Kerberos ticket request from host 10.24.18.99. Isolated endpoint, extracted memory dump for forensic sandbox, escalated to Tier-3 incident handler.",Remediated,OPR-103
CAS-2026-00516,ALT-2026-00551,CSE-004,Metro Airport Authority,4,Template,Whitelisted per shift supervisor instruction. Ticket closed.,Suppressed / False Positive,OPR-113
CAS-2026-00517,ALT-2026-00552,CSE-006,Central Metro Rail,62,Template,Automated ticket closure - SLA satisfied.,Suppressed / False Positive,OPR-101
CAS-2026-00518,ALT-2026-00553,CSE-003,Bharat Telecom Ltd,37,Custom Detailed,"Entra ID service principal role elevation detected outside maintenance window. Revoked global admin consent grant, triggered automated credential rotation.",Remediated,OPR-107
CAS-2026-00519,ALT-2026-00554,CSE-006,Central Metro Rail,151,Custom Detailed,"SCADA RTU dual-homed gateway drop verified. Packet capture confirms unencrypted syslog suppression. Firewall rule AST-FW-SUB-04 revised, management interface locked down.",Remediated,OPR-104
CAS-2026-00520,ALT-2026-00555,CSE-005,Eastern Port Trust,66,Template,Resolved as per standard SOP - closed.,Suppressed / False Positive,OPR-115
CAS-2026-00521,ALT-2026-00556,CSE-004,Metro Airport Authority,8,Template,Automated ticket closure - SLA satisfied.,Suppressed / False Positive,OPR-115
CAS-2026-00522,ALT-2026-00557,CSE-007,National Highway Authority,128,Custom Detailed,Airside baggage sorting controller PLC connection reset inspected. Traced to unauthorized dual-homed maintenance laptop; physical port disabled on switch 4A.,Remediated,OPR-104
CAS-2026-00523,ALT-2026-00558,CSE-002,Apex National Bank,38,Custom Detailed,"Entra ID service principal role elevation detected outside maintenance window. Revoked global admin consent grant, triggered automated credential rotation.",Remediated,OPR-110
CAS-2026-00524,ALT-2026-00559,CSE-004,Metro Airport Authority,149,Template,Whitelisted per shift supervisor instruction. Ticket closed.,Suppressed / False Positive,OPR-102
CAS-2026-00525,ALT-2026-00560,CSE-005,Eastern Port Trust,43,Custom Detailed,"Entra ID service principal role elevation detected outside maintenance window. Revoked global admin consent grant, triggered automated credential rotation.",Remediated,OPR-109
CAS-2026-00526,ALT-2026-00561,CSE-007,National Highway Authority,104,Custom Detailed,"Entra ID service principal role elevation detected outside maintenance window. Revoked global admin consent grant, triggered automated credential rotation.",Remediated,OPR-101
CAS-2026-00527,ALT-2026-00562,CSE-006,Central Metro Rail,176,Custom Detailed,"SCADA RTU dual-homed gateway drop verified. Packet capture confirms unencrypted syslog suppression. Firewall rule AST-FW-SUB-04 revised, management interface locked down.",Remediated,OPR-111
CAS-2026-00528,ALT-2026-00563,CSE-003,Bharat Telecom Ltd,94,Template,Whitelisted per shift supervisor instruction. Ticket closed.,Suppressed / False Positive,OPR-110
CAS-2026-00529,ALT-2026-00564,CSE-003,Bharat Telecom Ltd,74,Custom Detailed,"Entra ID service principal role elevation detected outside maintenance window. Revoked global admin consent grant, triggered automated credential rotation.",Remediated,OPR-113
CAS-2026-00530,ALT-2026-00565,CSE-006,Central Metro Rail,156,Custom Detailed,"SCADA RTU dual-homed gateway drop verified. Packet capture confirms unencrypted syslog suppression. Firewall rule AST-FW-SUB-04 revised, management interface locked down.",Remediated,OPR-113
CAS-2026-00531,ALT-2026-00566,CSE-004,Metro Airport Authority,2,Template,Whitelisted per shift supervisor instruction. Ticket closed.,Suppressed / False Positive,OPR-105
CAS-2026-00532,ALT-2026-00567,CSE-007,National Highway Authority,127,Custom Detailed,"SCADA RTU dual-homed gateway drop verified. Packet capture confirms unencrypted syslog suppression. Firewall rule AST-FW-SUB-04 revised, management interface locked down.",Remediated,OPR-112
CAS-2026-00533,ALT-2026-00568,CSE-004,Metro Airport Authority,5,Template,Automated ticket closure - SLA satisfied.,Suppressed / False Positive,OPR-106
CAS-2026-00534,ALT-2026-00569,CSE-005,Eastern Port Trust,115,Custom Detailed,"Entra ID service principal role elevation detected outside maintenance window. Revoked global admin consent grant, triggered automated credential rotation.",Remediated,OPR-105
CAS-2026-00535,ALT-2026-00570,CSE-007,National Highway Authority,163,Custom Detailed,"SCADA RTU dual-homed gateway drop verified. Packet capture confirms unencrypted syslog suppression. Firewall rule AST-FW-SUB-04 revised, management interface locked down.",Remediated,OPR-111
CAS-2026-00536,ALT-2026-00571,CSE-006,Central Metro Rail,144,Template,Resolved as per standard SOP - closed.,Suppressed / False Positive,OPR-104
CAS-2026-00537,ALT-2026-00572,CSE-006,Central Metro Rail,61,Template,Alert acknowledged. Nominal traffic confirmed. No further action.,Suppressed / False Positive,OPR-102
CAS-2026-00538,ALT-2026-00573,CSE-001,National Power Grid Corporation,77,Custom Detailed,"Identified anomalous Kerberos ticket request from host 10.24.18.99. Isolated endpoint, extracted memory dump for forensic sandbox, escalated to Tier-3 incident handler.",Remediated,OPR-105
CAS-2026-00539,ALT-2026-00574,CSE-004,Metro Airport Authority,95,Custom Detailed,"Entra ID service principal role elevation detected outside maintenance window. Revoked global admin consent grant, triggered automated credential rotation.",Remediated,OPR-113
CAS-2026-00540,ALT-2026-00575,CSE-001,National Power Grid Corporation,8,Template,Whitelisted per shift supervisor instruction. Ticket closed.,Suppressed / False Positive,OPR-103
CAS-2026-00541,ALT-2026-00576,CSE-004,Metro Airport Authority,85,Custom Detailed,Airside baggage sorting controller PLC connection reset inspected. Traced to unauthorized dual-homed maintenance laptop; physical port disabled on switch 4A.,Remediated,OPR-111
CAS-2026-00542,ALT-2026-00577,CSE-001,National Power Grid Corporation,6,Template,Resolved as per standard SOP - closed.,Suppressed / False Positive,OPR-105
CAS-2026-00543,ALT-2026-00578,CSE-007,National Highway Authority,98,Template,Automated ticket closure - SLA satisfied.,Suppressed / False Positive,OPR-112
CAS-2026-00544,ALT-2026-00579,CSE-003,Bharat Telecom Ltd,168,Custom Detailed,"Identified anomalous Kerberos ticket request from host 10.24.18.99. Isolated endpoint, extracted memory dump for forensic sandbox, escalated to Tier-3 incident handler.",Remediated,OPR-101
CAS-2026-00545,ALT-2026-00580,CSE-004,Metro Airport Authority,4,Template,Whitelisted per shift supervisor instruction. Ticket closed.,Suppressed / False Positive,OPR-105
CAS-2026-00546,ALT-2026-00581,CSE-004,Metro Airport Authority,8,Template,Resolved as per standard SOP - closed.,Suppressed / False Positive,OPR-113
CAS-2026-00547,ALT-2026-00582,CSE-007,National Highway Authority,57,Custom Detailed,Airside baggage sorting controller PLC connection reset inspected. Traced to unauthorized dual-homed maintenance laptop; physical port disabled on switch 4A.,Remediated,OPR-112
CAS-2026-00548,ALT-2026-00583,CSE-003,Bharat Telecom Ltd,91,Template,False positive reported by analyst. Closed.,Suppressed / False Positive,OPR-107
CAS-2026-00549,ALT-2026-00585,CSE-003,Bharat Telecom Ltd,178,Custom Detailed,"SCADA RTU dual-homed gateway drop verified. Packet capture confirms unencrypted syslog suppression. Firewall rule AST-FW-SUB-04 revised, management interface locked down.",Remediated,OPR-115
CAS-2026-00550,ALT-2026-00587,CSE-002,Apex National Bank,57,Custom Detailed,"Identified anomalous Kerberos ticket request from host 10.24.18.99. Isolated endpoint, extracted memory dump for forensic sandbox, escalated to Tier-3 incident handler.",Remediated,OPR-108
CAS-2026-00551,ALT-2026-00589,CSE-006,Central Metro Rail,115,Custom Detailed,"SCADA RTU dual-homed gateway drop verified. Packet capture confirms unencrypted syslog suppression. Firewall rule AST-FW-SUB-04 revised, management interface locked down.",Remediated,OPR-102
CAS-2026-00552,ALT-2026-00590,CSE-003,Bharat Telecom Ltd,55,Custom Detailed,"SCADA RTU dual-homed gateway drop verified. Packet capture confirms unencrypted syslog suppression. Firewall rule AST-FW-SUB-04 revised, management interface locked down.",Remediated,OPR-110
CAS-2026-00553,ALT-2026-00591,CSE-004,Metro Airport Authority,2,Template,Alert acknowledged. Nominal traffic confirmed. No further action.,Suppressed / False Positive,OPR-111
CAS-2026-00554,ALT-2026-00592,CSE-005,Eastern Port Trust,135,Template,Automated ticket closure - SLA satisfied.,Suppressed / False Positive,OPR-103
CAS-2026-00555,ALT-2026-00593,CSE-005,Eastern Port Trust,119,Custom Detailed,"Entra ID service principal role elevation detected outside maintenance window. Revoked global admin consent grant, triggered automated credential rotation.",Remediated,OPR-101
CAS-2026-00556,ALT-2026-00594,CSE-005,Eastern Port Trust,83,Custom Detailed,Airside baggage sorting controller PLC connection reset inspected. Traced to unauthorized dual-homed maintenance laptop; physical port disabled on switch 4A.,Remediated,OPR-101
CAS-2026-00557,ALT-2026-00595,CSE-002,Apex National Bank,102,Custom Detailed,"Entra ID service principal role elevation detected outside maintenance window. Revoked global admin consent grant, triggered automated credential rotation.",Remediated,OPR-107
CAS-2026-00558,ALT-2026-00596,CSE-003,Bharat Telecom Ltd,37,Template,Alert acknowledged. Nominal traffic confirmed. No further action.,Suppressed / False Positive,OPR-109
CAS-2026-00559,ALT-2026-00598,CSE-003,Bharat Telecom Ltd,43,Custom Detailed,Airside baggage sorting controller PLC connection reset inspected. Traced to unauthorized dual-homed maintenance laptop; physical port disabled on switch 4A.,Remediated,OPR-103
CAS-2026-00560,ALT-2026-00599,CSE-002,Apex National Bank,7,Template,Automated ticket closure - SLA satisfied.,Suppressed / False Positive,OPR-111
CAS-2026-00561,ALT-2026-00600,CSE-003,Bharat Telecom Ltd,147,Template,Automated ticket closure - SLA satisfied.,Suppressed / False Positive,OPR-103
CAS-2026-00562,ALT-2026-00601,CSE-007,National Highway Authority,177,Custom Detailed,"SCADA RTU dual-homed gateway drop verified. Packet capture confirms unencrypted syslog suppression. Firewall rule AST-FW-SUB-04 revised, management interface locked down.",Remediated,OPR-114
CAS-2026-00563,ALT-2026-00602,CSE-002,Apex National Bank,33,Custom Detailed,"Entra ID service principal role elevation detected outside maintenance window. Revoked global admin consent grant, triggered automated credential rotation.",Remediated,OPR-107
CAS-2026-00564,ALT-2026-00603,CSE-006,Central Metro Rail,176,Custom Detailed,"SCADA RTU dual-homed gateway drop verified. Packet capture confirms unencrypted syslog suppression. Firewall rule AST-FW-SUB-04 revised, management interface locked down.",Remediated,OPR-107
CAS-2026-00565,ALT-2026-00604,CSE-001,National Power Grid Corporation,8,Template,Automated ticket closure - SLA satisfied.,Suppressed / False Positive,OPR-114
CAS-2026-00566,ALT-2026-00605,CSE-001,National Power Grid Corporation,63,Custom Detailed,"SCADA RTU dual-homed gateway drop verified. Packet capture confirms unencrypted syslog suppression. Firewall rule AST-FW-SUB-04 revised, management interface locked down.",Remediated,OPR-105
CAS-2026-00567,ALT-2026-00606,CSE-002,Apex National Bank,146,Custom Detailed,"Identified anomalous Kerberos ticket request from host 10.24.18.99. Isolated endpoint, extracted memory dump for forensic sandbox, escalated to Tier-3 incident handler.",Remediated,OPR-113
CAS-2026-00568,ALT-2026-00607,CSE-002,Apex National Bank,48,Custom Detailed,"Identified anomalous Kerberos ticket request from host 10.24.18.99. Isolated endpoint, extracted memory dump for forensic sandbox, escalated to Tier-3 incident handler.",Remediated,OPR-115
CAS-2026-00569,ALT-2026-00608,CSE-006,Central Metro Rail,50,Custom Detailed,"SCADA RTU dual-homed gateway drop verified. Packet capture confirms unencrypted syslog suppression. Firewall rule AST-FW-SUB-04 revised, management interface locked down.",Remediated,OPR-115
CAS-2026-00570,ALT-2026-00609,CSE-003,Bharat Telecom Ltd,123,Custom Detailed,"Identified anomalous Kerberos ticket request from host 10.24.18.99. Isolated endpoint, extracted memory dump for forensic sandbox, escalated to Tier-3 incident handler.",Remediated,OPR-103
CAS-2026-00571,ALT-2026-00610,CSE-006,Central Metro Rail,178,Custom Detailed,Airside baggage sorting controller PLC connection reset inspected. Traced to unauthorized dual-homed maintenance laptop; physical port disabled on switch 4A.,Remediated,OPR-104
CAS-2026-00572,ALT-2026-00611,CSE-007,National Highway Authority,125,Custom Detailed,"Identified anomalous Kerberos ticket request from host 10.24.18.99. Isolated endpoint, extracted memory dump for forensic sandbox, escalated to Tier-3 incident handler.",Remediated,OPR-108
CAS-2026-00573,ALT-2026-00612,CSE-004,Metro Airport Authority,145,Custom Detailed,"Entra ID service principal role elevation detected outside maintenance window. Revoked global admin consent grant, triggered automated credential rotation.",Remediated,OPR-106
CAS-2026-00574,ALT-2026-00613,CSE-007,National Highway Authority,103,Template,Alert acknowledged. Nominal traffic confirmed. No further action.,Suppressed / False Positive,OPR-102
CAS-2026-00575,ALT-2026-00614,CSE-002,Apex National Bank,136,Custom Detailed,"Entra ID service principal role elevation detected outside maintenance window. Revoked global admin consent grant, triggered automated credential rotation.",Remediated,OPR-109
CAS-2026-00576,ALT-2026-00615,CSE-002,Apex National Bank,163,Custom Detailed,"SCADA RTU dual-homed gateway drop verified. Packet capture confirms unencrypted syslog suppression. Firewall rule AST-FW-SUB-04 revised, management interface locked down.",Remediated,OPR-106
CAS-2026-00577,ALT-2026-00616,CSE-004,Metro Airport Authority,147,Custom Detailed,Airside baggage sorting controller PLC connection reset inspected. Traced to unauthorized dual-homed maintenance laptop; physical port disabled on switch 4A.,Remediated,OPR-110
CAS-2026-00578,ALT-2026-00617,CSE-002,Apex National Bank,8,Template,Whitelisted per shift supervisor instruction. Ticket closed.,Suppressed / False Positive,OPR-103
CAS-2026-00579,ALT-2026-00618,CSE-003,Bharat Telecom Ltd,71,Custom Detailed,"SCADA RTU dual-homed gateway drop verified. Packet capture confirms unencrypted syslog suppression. Firewall rule AST-FW-SUB-04 revised, management interface locked down.",Remediated,OPR-102
CAS-2026-00580,ALT-2026-00619,CSE-001,National Power Grid Corporation,6,Template,Alert acknowledged. Nominal traffic confirmed. No further action.,Suppressed / False Positive,OPR-101
CAS-2026-00581,ALT-2026-00620,CSE-006,Central Metro Rail,133,Custom Detailed,"Identified anomalous Kerberos ticket request from host 10.24.18.99. Isolated endpoint, extracted memory dump for forensic sandbox, escalated to Tier-3 incident handler.",Remediated,OPR-113
CAS-2026-00582,ALT-2026-00621,CSE-002,Apex National Bank,6,Template,False positive reported by analyst. Closed.,Suppressed / False Positive,OPR-111
CAS-2026-00583,ALT-2026-00622,CSE-006,Central Metro Rail,174,Custom Detailed,"SCADA RTU dual-homed gateway drop verified. Packet capture confirms unencrypted syslog suppression. Firewall rule AST-FW-SUB-04 revised, management interface locked down.",Remediated,OPR-115
CAS-2026-00584,ALT-2026-00623,CSE-004,Metro Airport Authority,132,Custom Detailed,"Identified anomalous Kerberos ticket request from host 10.24.18.99. Isolated endpoint, extracted memory dump for forensic sandbox, escalated to Tier-3 incident handler.",Remediated,OPR-114
CAS-2026-00585,ALT-2026-00624,CSE-002,Apex National Bank,6,Template,Alert acknowledged. Nominal traffic confirmed. No further action.,Suppressed / False Positive,OPR-104
CAS-2026-00586,ALT-2026-00625,CSE-007,National Highway Authority,161,Custom Detailed,"Identified anomalous Kerberos ticket request from host 10.24.18.99. Isolated endpoint, extracted memory dump for forensic sandbox, escalated to Tier-3 incident handler.",Remediated,OPR-104
CAS-2026-00587,ALT-2026-00626,CSE-004,Metro Airport Authority,124,Custom Detailed,Airside baggage sorting controller PLC connection reset inspected. Traced to unauthorized dual-homed maintenance laptop; physical port disabled on switch 4A.,Remediated,OPR-106
CAS-2026-00588,ALT-2026-00627,CSE-001,National Power Grid Corporation,136,Template,Automated ticket closure - SLA satisfied.,Suppressed / False Positive,OPR-105
CAS-2026-00589,ALT-2026-00628,CSE-002,Apex National Bank,66,Template,Resolved as per standard SOP - closed.,Suppressed / False Positive,OPR-105
CAS-2026-00590,ALT-2026-00629,CSE-004,Metro Airport Authority,99,Custom Detailed,Airside baggage sorting controller PLC connection reset inspected. Traced to unauthorized dual-homed maintenance laptop; physical port disabled on switch 4A.,Remediated,OPR-103
CAS-2026-00591,ALT-2026-00630,CSE-005,Eastern Port Trust,107,Custom Detailed,"Identified anomalous Kerberos ticket request from host 10.24.18.99. Isolated endpoint, extracted memory dump for forensic sandbox, escalated to Tier-3 incident handler.",Remediated,OPR-105
CAS-2026-00592,ALT-2026-00631,CSE-004,Metro Airport Authority,4,Template,Alert acknowledged. Nominal traffic confirmed. No further action.,Suppressed / False Positive,OPR-111
CAS-2026-00593,ALT-2026-00632,CSE-007,National Highway Authority,60,Custom Detailed,"Identified anomalous Kerberos ticket request from host 10.24.18.99. Isolated endpoint, extracted memory dump for forensic sandbox, escalated to Tier-3 incident handler.",Remediated,OPR-108
CAS-2026-00594,ALT-2026-00633,CSE-001,National Power Grid Corporation,125,Custom Detailed,"Identified anomalous Kerberos ticket request from host 10.24.18.99. Isolated endpoint, extracted memory dump for forensic sandbox, escalated to Tier-3 incident handler.",Remediated,OPR-112
CAS-2026-00595,ALT-2026-00634,CSE-005,Eastern Port Trust,43,Custom Detailed,"SCADA RTU dual-homed gateway drop verified. Packet capture confirms unencrypted syslog suppression. Firewall rule AST-FW-SUB-04 revised, management interface locked down.",Remediated,OPR-106
CAS-2026-00596,ALT-2026-00635,CSE-004,Metro Airport Authority,6,Template,Resolved as per standard SOP - closed.,Suppressed / False Positive,OPR-113
CAS-2026-00597,ALT-2026-00636,CSE-006,Central Metro Rail,99,Custom Detailed,"Entra ID service principal role elevation detected outside maintenance window. Revoked global admin consent grant, triggered automated credential rotation.",Remediated,OPR-112
CAS-2026-00598,ALT-2026-00637,CSE-006,Central Metro Rail,135,Template,Automated ticket closure - SLA satisfied.,Suppressed / False Positive,OPR-115
CAS-2026-00599,ALT-2026-00638,CSE-002,Apex National Bank,136,Custom Detailed,"Identified anomalous Kerberos ticket request from host 10.24.18.99. Isolated endpoint, extracted memory dump for forensic sandbox, escalated to Tier-3 incident handler.",Remediated,OPR-115
CAS-2026-00600,ALT-2026-00639,CSE-001,National Power Grid Corporation,163,Custom Detailed,Airside baggage sorting controller PLC connection reset inspected. Traced to unauthorized dual-homed maintenance laptop; physical port disabled on switch 4A.,Remediated,OPR-103
CAS-2026-00601,ALT-2026-00640,CSE-006,Central Metro Rail,83,Template,Alert acknowledged. Nominal traffic confirmed. No further action.,Suppressed / False Positive,OPR-102
CAS-2026-00602,ALT-2026-00641,CSE-004,Metro Airport Authority,161,Custom Detailed,"Identified anomalous Kerberos ticket request from host 10.24.18.99. Isolated endpoint, extracted memory dump for forensic sandbox, escalated to Tier-3 incident handler.",Remediated,OPR-101
CAS-2026-00603,ALT-2026-00642,CSE-004,Metro Airport Authority,8,Template,Resolved as per standard SOP - closed.,Suppressed / False Positive,OPR-115
CAS-2026-00604,ALT-2026-00643,CSE-005,Eastern Port Trust,178,Template,Whitelisted per shift supervisor instruction. Ticket closed.,Suppressed / False Positive,OPR-106
CAS-2026-00605,ALT-2026-00644,CSE-002,Apex National Bank,165,Template,Resolved as per standard SOP - closed.,Suppressed / False Positive,OPR-112
CAS-2026-00606,ALT-2026-00645,CSE-002,Apex National Bank,123,Custom Detailed,Airside baggage sorting controller PLC connection reset inspected. Traced to unauthorized dual-homed maintenance laptop; physical port disabled on switch 4A.,Remediated,OPR-110
CAS-2026-00607,ALT-2026-00646,CSE-002,Apex National Bank,58,Custom Detailed,Airside baggage sorting controller PLC connection reset inspected. Traced to unauthorized dual-homed maintenance laptop; physical port disabled on switch 4A.,Remediated,OPR-102
CAS-2026-00608,ALT-2026-00647,CSE-004,Metro Airport Authority,113,Custom Detailed,"Identified anomalous Kerberos ticket request from host 10.24.18.99. Isolated endpoint, extracted memory dump for forensic sandbox, escalated to Tier-3 incident handler.",Remediated,OPR-102
CAS-2026-00609,ALT-2026-00648,CSE-004,Metro Airport Authority,78,Custom Detailed,Airside baggage sorting controller PLC connection reset inspected. Traced to unauthorized dual-homed maintenance laptop; physical port disabled on switch 4A.,Remediated,OPR-115
CAS-2026-00610,ALT-2026-00649,CSE-007,National Highway Authority,163,Custom Detailed,Airside baggage sorting controller PLC connection reset inspected. Traced to unauthorized dual-homed maintenance laptop; physical port disabled on switch 4A.,Remediated,OPR-111
CAS-2026-00611,ALT-2026-00650,CSE-001,National Power Grid Corporation,46,Custom Detailed,"SCADA RTU dual-homed gateway drop verified. Packet capture confirms unencrypted syslog suppression. Firewall rule AST-FW-SUB-04 revised, management interface locked down.",Remediated,OPR-104
CAS-2026-00612,ALT-2026-00651,CSE-003,Bharat Telecom Ltd,132,Custom Detailed,"Entra ID service principal role elevation detected outside maintenance window. Revoked global admin consent grant, triggered automated credential rotation.",Remediated,OPR-108
CAS-2026-00613,ALT-2026-00652,CSE-006,Central Metro Rail,89,Template,Automated ticket closure - SLA satisfied.,Suppressed / False Positive,OPR-103
CAS-2026-00614,ALT-2026-00653,CSE-001,National Power Grid Corporation,69,Custom Detailed,"Entra ID service principal role elevation detected outside maintenance window. Revoked global admin consent grant, triggered automated credential rotation.",Remediated,OPR-110
CAS-2026-00615,ALT-2026-00654,CSE-005,Eastern Port Trust,168,Custom Detailed,"Entra ID service principal role elevation detected outside maintenance window. Revoked global admin consent grant, triggered automated credential rotation.",Remediated,OPR-113
CAS-2026-00616,ALT-2026-00655,CSE-007,National Highway Authority,143,Custom Detailed,Airside baggage sorting controller PLC connection reset inspected. Traced to unauthorized dual-homed maintenance laptop; physical port disabled on switch 4A.,Remediated,OPR-101
CAS-2026-00617,ALT-2026-00657,CSE-005,Eastern Port Trust,126,Custom Detailed,Airside baggage sorting controller PLC connection reset inspected. Traced to unauthorized dual-homed maintenance laptop; physical port disabled on switch 4A.,Remediated,OPR-111
CAS-2026-00618,ALT-2026-00658,CSE-003,Bharat Telecom Ltd,36,Template,False positive reported by analyst. Closed.,Suppressed / False Positive,OPR-106
CAS-2026-00619,ALT-2026-00659,CSE-004,Metro Airport Authority,3,Template,Alert acknowledged. Nominal traffic confirmed. No further action.,Suppressed / False Positive,OPR-111
CAS-2026-00620,ALT-2026-00660,CSE-003,Bharat Telecom Ltd,39,Custom Detailed,"Entra ID service principal role elevation detected outside maintenance window. Revoked global admin consent grant, triggered automated credential rotation.",Remediated,OPR-111
CAS-2026-00621,ALT-2026-00661,CSE-007,National Highway Authority,126,Custom Detailed,"Entra ID service principal role elevation detected outside maintenance window. Revoked global admin consent grant, triggered automated credential rotation.",Remediated,OPR-107
CAS-2026-00622,ALT-2026-00662,CSE-003,Bharat Telecom Ltd,72,Custom Detailed,"Entra ID service principal role elevation detected outside maintenance window. Revoked global admin consent grant, triggered automated credential rotation.",Remediated,OPR-105
CAS-2026-00623,ALT-2026-00663,CSE-003,Bharat Telecom Ltd,176,Custom Detailed,"Entra ID service principal role elevation detected outside maintenance window. Revoked global admin consent grant, triggered automated credential rotation.",Remediated,OPR-113
CAS-2026-00624,ALT-2026-00664,CSE-002,Apex National Bank,139,Template,Automated ticket closure - SLA satisfied.,Suppressed / False Positive,OPR-106
CAS-2026-00625,ALT-2026-00665,CSE-007,National Highway Authority,136,Custom Detailed,"SCADA RTU dual-homed gateway drop verified. Packet capture confirms unencrypted syslog suppression. Firewall rule AST-FW-SUB-04 revised, management interface locked down.",Remediated,OPR-105
CAS-2026-00626,ALT-2026-00666,CSE-005,Eastern Port Trust,84,Custom Detailed,Airside baggage sorting controller PLC connection reset inspected. Traced to unauthorized dual-homed maintenance laptop; physical port disabled on switch 4A.,Remediated,OPR-114
CAS-2026-00627,ALT-2026-00667,CSE-006,Central Metro Rail,148,Custom Detailed,"Entra ID service principal role elevation detected outside maintenance window. Revoked global admin consent grant, triggered automated credential rotation.",Remediated,OPR-104
CAS-2026-00628,ALT-2026-00668,CSE-002,Apex National Bank,82,Custom Detailed,"Identified anomalous Kerberos ticket request from host 10.24.18.99. Isolated endpoint, extracted memory dump for forensic sandbox, escalated to Tier-3 incident handler.",Remediated,OPR-105
CAS-2026-00629,ALT-2026-00669,CSE-007,National Highway Authority,37,Custom Detailed,"SCADA RTU dual-homed gateway drop verified. Packet capture confirms unencrypted syslog suppression. Firewall rule AST-FW-SUB-04 revised, management interface locked down.",Remediated,OPR-113
CAS-2026-00630,ALT-2026-00670,CSE-007,National Highway Authority,96,Custom Detailed,"Identified anomalous Kerberos ticket request from host 10.24.18.99. Isolated endpoint, extracted memory dump for forensic sandbox, escalated to Tier-3 incident handler.",Remediated,OPR-111
CAS-2026-00631,ALT-2026-00671,CSE-005,Eastern Port Trust,110,Custom Detailed,"Identified anomalous Kerberos ticket request from host 10.24.18.99. Isolated endpoint, extracted memory dump for forensic sandbox, escalated to Tier-3 incident handler.",Remediated,OPR-105
CAS-2026-00632,ALT-2026-00672,CSE-007,National Highway Authority,90,Custom Detailed,"SCADA RTU dual-homed gateway drop verified. Packet capture confirms unencrypted syslog suppression. Firewall rule AST-FW-SUB-04 revised, management interface locked down.",Remediated,OPR-110
CAS-2026-00633,ALT-2026-00673,CSE-006,Central Metro Rail,114,Custom Detailed,"Entra ID service principal role elevation detected outside maintenance window. Revoked global admin consent grant, triggered automated credential rotation.",Remediated,OPR-112
CAS-2026-00634,ALT-2026-00674,CSE-004,Metro Airport Authority,142,Template,Whitelisted per shift supervisor instruction. Ticket closed.,Suppressed / False Positive,OPR-105
CAS-2026-00635,ALT-2026-00675,CSE-007,National Highway Authority,101,Custom Detailed,"SCADA RTU dual-homed gateway drop verified. Packet capture confirms unencrypted syslog suppression. Firewall rule AST-FW-SUB-04 revised, management interface locked down.",Remediated,OPR-106
CAS-2026-00636,ALT-2026-00676,CSE-004,Metro Airport Authority,8,Template,Resolved as per standard SOP - closed.,Suppressed / False Positive,OPR-111
CAS-2026-00637,ALT-2026-00677,CSE-007,National Highway Authority,61,Custom Detailed,"Entra ID service principal role elevation detected outside maintenance window. Revoked global admin consent grant, triggered automated credential rotation.",Remediated,OPR-114
CAS-2026-00638,ALT-2026-00678,CSE-002,Apex National Bank,53,Custom Detailed,"Entra ID service principal role elevation detected outside maintenance window. Revoked global admin consent grant, triggered automated credential rotation.",Remediated,OPR-105
CAS-2026-00639,ALT-2026-00679,CSE-002,Apex National Bank,100,Custom Detailed,"Identified anomalous Kerberos ticket request from host 10.24.18.99. Isolated endpoint, extracted memory dump for forensic sandbox, escalated to Tier-3 incident handler.",Remediated,OPR-114
CAS-2026-00640,ALT-2026-00680,CSE-007,National Highway Authority,71,Custom Detailed,"Identified anomalous Kerberos ticket request from host 10.24.18.99. Isolated endpoint, extracted memory dump for forensic sandbox, escalated to Tier-3 incident handler.",Remediated,OPR-105
CAS-2026-00641,ALT-2026-00681,CSE-005,Eastern Port Trust,143,Custom Detailed,"SCADA RTU dual-homed gateway drop verified. Packet capture confirms unencrypted syslog suppression. Firewall rule AST-FW-SUB-04 revised, management interface locked down.",Remediated,OPR-103
CAS-2026-00642,ALT-2026-00682,CSE-001,National Power Grid Corporation,3,Template,Resolved as per standard SOP - closed.,Suppressed / False Positive,OPR-109
CAS-2026-00643,ALT-2026-00683,CSE-006,Central Metro Rail,152,Custom Detailed,Airside baggage sorting controller PLC connection reset inspected. Traced to unauthorized dual-homed maintenance laptop; physical port disabled on switch 4A.,Remediated,OPR-103
CAS-2026-00644,ALT-2026-00684,CSE-003,Bharat Telecom Ltd,126,Template,Automated ticket closure - SLA satisfied.,Suppressed / False Positive,OPR-104
CAS-2026-00645,ALT-2026-00685,CSE-001,National Power Grid Corporation,42,Custom Detailed,"SCADA RTU dual-homed gateway drop verified. Packet capture confirms unencrypted syslog suppression. Firewall rule AST-FW-SUB-04 revised, management interface locked down.",Remediated,OPR-110
CAS-2026-00646,ALT-2026-00686,CSE-004,Metro Airport Authority,146,Custom Detailed,Airside baggage sorting controller PLC connection reset inspected. Traced to unauthorized dual-homed maintenance laptop; physical port disabled on switch 4A.,Remediated,OPR-108
CAS-2026-00647,ALT-2026-00687,CSE-001,National Power Grid Corporation,127,Custom Detailed,Airside baggage sorting controller PLC connection reset inspected. Traced to unauthorized dual-homed maintenance laptop; physical port disabled on switch 4A.,Remediated,OPR-107
CAS-2026-00648,ALT-2026-00688,CSE-007,National Highway Authority,37,Custom Detailed,"SCADA RTU dual-homed gateway drop verified. Packet capture confirms unencrypted syslog suppression. Firewall rule AST-FW-SUB-04 revised, management interface locked down.",Remediated,OPR-105
CAS-2026-00649,ALT-2026-00689,CSE-002,Apex National Bank,2,Template,Automated ticket closure - SLA satisfied.,Suppressed / False Positive,OPR-108
CAS-2026-00650,ALT-2026-00690,CSE-002,Apex National Bank,48,Custom Detailed,"Entra ID service principal role elevation detected outside maintenance window. Revoked global admin consent grant, triggered automated credential rotation.",Remediated,OPR-109
CAS-2026-00651,ALT-2026-00691,CSE-001,National Power Grid Corporation,31,Custom Detailed,"Identified anomalous Kerberos ticket request from host 10.24.18.99. Isolated endpoint, extracted memory dump for forensic sandbox, escalated to Tier-3 incident handler.",Remediated,OPR-109
CAS-2026-00652,ALT-2026-00692,CSE-005,Eastern Port Trust,158,Template,Alert acknowledged. Nominal traffic confirmed. No further action.,Suppressed / False Positive,OPR-115
CAS-2026-00653,ALT-2026-00693,CSE-003,Bharat Telecom Ltd,41,Custom Detailed,"Entra ID service principal role elevation detected outside maintenance window. Revoked global admin consent grant, triggered automated credential rotation.",Remediated,OPR-108
CAS-2026-00654,ALT-2026-00694,CSE-007,National Highway Authority,162,Custom Detailed,"Entra ID service principal role elevation detected outside maintenance window. Revoked global admin consent grant, triggered automated credential rotation.",Remediated,OPR-107
CAS-2026-00655,ALT-2026-00695,CSE-002,Apex National Bank,68,Custom Detailed,"SCADA RTU dual-homed gateway drop verified. Packet capture confirms unencrypted syslog suppression. Firewall rule AST-FW-SUB-04 revised, management interface locked down.",Remediated,OPR-104
CAS-2026-00656,ALT-2026-00696,CSE-002,Apex National Bank,40,Template,Automated ticket closure - SLA satisfied.,Suppressed / False Positive,OPR-106
CAS-2026-00657,ALT-2026-00697,CSE-006,Central Metro Rail,82,Custom Detailed,"Identified anomalous Kerberos ticket request from host 10.24.18.99. Isolated endpoint, extracted memory dump for forensic sandbox, escalated to Tier-3 incident handler.",Remediated,OPR-103
CAS-2026-00658,ALT-2026-00698,CSE-007,National Highway Authority,164,Custom Detailed,"Identified anomalous Kerberos ticket request from host 10.24.18.99. Isolated endpoint, extracted memory dump for forensic sandbox, escalated to Tier-3 incident handler.",Remediated,OPR-103
CAS-2026-00659,ALT-2026-00699,CSE-004,Metro Airport Authority,130,Template,Resolved as per standard SOP - closed.,Suppressed / False Positive,OPR-110
CAS-2026-00660,ALT-2026-00700,CSE-001,National Power Grid Corporation,5,Template,Automated ticket closure - SLA satisfied.,Suppressed / False Positive,OPR-105
CAS-2026-00661,ALT-2026-00702,CSE-007,National Highway Authority,95,Custom Detailed,Airside baggage sorting controller PLC connection reset inspected. Traced to unauthorized dual-homed maintenance laptop; physical port disabled on switch 4A.,Remediated,OPR-104
CAS-2026-00662,ALT-2026-00703,CSE-007,National Highway Authority,60,Custom Detailed,"SCADA RTU dual-homed gateway drop verified. Packet capture confirms unencrypted syslog suppression. Firewall rule AST-FW-SUB-04 revised, management interface locked down.",Remediated,OPR-108
CAS-2026-00663,ALT-2026-00704,CSE-007,National Highway Authority,161,Template,Whitelisted per shift supervisor instruction. Ticket closed.,Suppressed / False Positive,OPR-108
CAS-2026-00664,ALT-2026-00705,CSE-004,Metro Airport Authority,77,Template,Whitelisted per shift supervisor instruction. Ticket closed.,Suppressed / False Positive,OPR-111
CAS-2026-00665,ALT-2026-00706,CSE-004,Metro Airport Authority,156,Custom Detailed,"SCADA RTU dual-homed gateway drop verified. Packet capture confirms unencrypted syslog suppression. Firewall rule AST-FW-SUB-04 revised, management interface locked down.",Remediated,OPR-111
CAS-2026-00666,ALT-2026-00707,CSE-006,Central Metro Rail,106,Custom Detailed,"SCADA RTU dual-homed gateway drop verified. Packet capture confirms unencrypted syslog suppression. Firewall rule AST-FW-SUB-04 revised, management interface locked down.",Remediated,OPR-109
CAS-2026-00667,ALT-2026-00708,CSE-004,Metro Airport Authority,148,Template,Resolved as per standard SOP - closed.,Suppressed / False Positive,OPR-112
CAS-2026-00668,ALT-2026-00709,CSE-005,Eastern Port Trust,75,Custom Detailed,Airside baggage sorting controller PLC connection reset inspected. Traced to unauthorized dual-homed maintenance laptop; physical port disabled on switch 4A.,Remediated,OPR-114
CAS-2026-00669,ALT-2026-00710,CSE-004,Metro Airport Authority,8,Template,Automated ticket closure - SLA satisfied.,Suppressed / False Positive,OPR-108
CAS-2026-00670,ALT-2026-00711,CSE-005,Eastern Port Trust,141,Custom Detailed,"Identified anomalous Kerberos ticket request from host 10.24.18.99. Isolated endpoint, extracted memory dump for forensic sandbox, escalated to Tier-3 incident handler.",Remediated,OPR-101
CAS-2026-00671,ALT-2026-00712,CSE-001,National Power Grid Corporation,107,Custom Detailed,Airside baggage sorting controller PLC connection reset inspected. Traced to unauthorized dual-homed maintenance laptop; physical port disabled on switch 4A.,Remediated,OPR-114
CAS-2026-00672,ALT-2026-00713,CSE-005,Eastern Port Trust,34,Template,Resolved as per standard SOP - closed.,Suppressed / False Positive,OPR-104
CAS-2026-00673,ALT-2026-00714,CSE-007,National Highway Authority,52,Custom Detailed,"SCADA RTU dual-homed gateway drop verified. Packet capture confirms unencrypted syslog suppression. Firewall rule AST-FW-SUB-04 revised, management interface locked down.",Remediated,OPR-113
CAS-2026-00674,ALT-2026-00715,CSE-004,Metro Airport Authority,5,Template,Automated ticket closure - SLA satisfied.,Suppressed / False Positive,OPR-101
CAS-2026-00675,ALT-2026-00716,CSE-007,National Highway Authority,56,Custom Detailed,"Identified anomalous Kerberos ticket request from host 10.24.18.99. Isolated endpoint, extracted memory dump for forensic sandbox, escalated to Tier-3 incident handler.",Remediated,OPR-114
CAS-2026-00676,ALT-2026-00717,CSE-006,Central Metro Rail,154,Custom Detailed,"Identified anomalous Kerberos ticket request from host 10.24.18.99. Isolated endpoint, extracted memory dump for forensic sandbox, escalated to Tier-3 incident handler.",Remediated,OPR-108
CAS-2026-00677,ALT-2026-00719,CSE-003,Bharat Telecom Ltd,35,Custom Detailed,Airside baggage sorting controller PLC connection reset inspected. Traced to unauthorized dual-homed maintenance laptop; physical port disabled on switch 4A.,Remediated,OPR-105
CAS-2026-00678,ALT-2026-00720,CSE-006,Central Metro Rail,63,Custom Detailed,Airside baggage sorting controller PLC connection reset inspected. Traced to unauthorized dual-homed maintenance laptop; physical port disabled on switch 4A.,Remediated,OPR-112
CAS-2026-00679,ALT-2026-00721,CSE-006,Central Metro Rail,102,Custom Detailed,"SCADA RTU dual-homed gateway drop verified. Packet capture confirms unencrypted syslog suppression. Firewall rule AST-FW-SUB-04 revised, management interface locked down.",Remediated,OPR-112
CAS-2026-00680,ALT-2026-00722,CSE-001,National Power Grid Corporation,2,Template,Automated ticket closure - SLA satisfied.,Suppressed / False Positive,OPR-108
CAS-2026-00681,ALT-2026-00723,CSE-003,Bharat Telecom Ltd,74,Custom Detailed,"SCADA RTU dual-homed gateway drop verified. Packet capture confirms unencrypted syslog suppression. Firewall rule AST-FW-SUB-04 revised, management interface locked down.",Remediated,OPR-101
CAS-2026-00682,ALT-2026-00724,CSE-007,National Highway Authority,120,Custom Detailed,"Entra ID service principal role elevation detected outside maintenance window. Revoked global admin consent grant, triggered automated credential rotation.",Remediated,OPR-113
CAS-2026-00683,ALT-2026-00725,CSE-005,Eastern Port Trust,57,Custom Detailed,"Identified anomalous Kerberos ticket request from host 10.24.18.99. Isolated endpoint, extracted memory dump for forensic sandbox, escalated to Tier-3 incident handler.",Remediated,OPR-110
CAS-2026-00684,ALT-2026-00726,CSE-007,National Highway Authority,70,Custom Detailed,"Entra ID service principal role elevation detected outside maintenance window. Revoked global admin consent grant, triggered automated credential rotation.",Remediated,OPR-105
CAS-2026-00685,ALT-2026-00727,CSE-006,Central Metro Rail,142,Custom Detailed,"SCADA RTU dual-homed gateway drop verified. Packet capture confirms unencrypted syslog suppression. Firewall rule AST-FW-SUB-04 revised, management interface locked down.",Remediated,OPR-113
CAS-2026-00686,ALT-2026-00728,CSE-007,National Highway Authority,122,Custom Detailed,Airside baggage sorting controller PLC connection reset inspected. Traced to unauthorized dual-homed maintenance laptop; physical port disabled on switch 4A.,Remediated,OPR-111
CAS-2026-00687,ALT-2026-00729,CSE-002,Apex National Bank,5,Template,Automated ticket closure - SLA satisfied.,Suppressed / False Positive,OPR-114
CAS-2026-00688,ALT-2026-00730,CSE-005,Eastern Port Trust,51,Template,Resolved as per standard SOP - closed.,Suppressed / False Positive,OPR-106
CAS-2026-00689,ALT-2026-00731,CSE-004,Metro Airport Authority,6,Template,Alert acknowledged. Nominal traffic confirmed. No further action.,Suppressed / False Positive,OPR-111
CAS-2026-00690,ALT-2026-00732,CSE-006,Central Metro Rail,118,Custom Detailed,"Entra ID service principal role elevation detected outside maintenance window. Revoked global admin consent grant, triggered automated credential rotation.",Remediated,OPR-114
CAS-2026-00691,ALT-2026-00733,CSE-003,Bharat Telecom Ltd,118,Custom Detailed,Airside baggage sorting controller PLC connection reset inspected. Traced to unauthorized dual-homed maintenance laptop; physical port disabled on switch 4A.,Remediated,OPR-107
CAS-2026-00692,ALT-2026-00734,CSE-007,National Highway Authority,163,Custom Detailed,"SCADA RTU dual-homed gateway drop verified. Packet capture confirms unencrypted syslog suppression. Firewall rule AST-FW-SUB-04 revised, management interface locked down.",Remediated,OPR-105
CAS-2026-00693,ALT-2026-00735,CSE-002,Apex National Bank,91,Custom Detailed,"Entra ID service principal role elevation detected outside maintenance window. Revoked global admin consent grant, triggered automated credential rotation.",Remediated,OPR-112
CAS-2026-00694,ALT-2026-00736,CSE-004,Metro Airport Authority,61,Custom Detailed,"Identified anomalous Kerberos ticket request from host 10.24.18.99. Isolated endpoint, extracted memory dump for forensic sandbox, escalated to Tier-3 incident handler.",Remediated,OPR-105
CAS-2026-00695,ALT-2026-00737,CSE-005,Eastern Port Trust,119,Custom Detailed,"SCADA RTU dual-homed gateway drop verified. Packet capture confirms unencrypted syslog suppression. Firewall rule AST-FW-SUB-04 revised, management interface locked down.",Remediated,OPR-105
CAS-2026-00696,ALT-2026-00738,CSE-006,Central Metro Rail,122,Custom Detailed,"SCADA RTU dual-homed gateway drop verified. Packet capture confirms unencrypted syslog suppression. Firewall rule AST-FW-SUB-04 revised, management interface locked down.",Remediated,OPR-102
CAS-2026-00697,ALT-2026-00739,CSE-002,Apex National Bank,3,Template,Automated ticket closure - SLA satisfied.,Suppressed / False Positive,OPR-104
CAS-2026-00698,ALT-2026-00740,CSE-004,Metro Airport Authority,138,Custom Detailed,Airside baggage sorting controller PLC connection reset inspected. Traced to unauthorized dual-homed maintenance laptop; physical port disabled on switch 4A.,Remediated,OPR-112
CAS-2026-00699,ALT-2026-00741,CSE-004,Metro Airport Authority,7,Template,Automated ticket closure - SLA satisfied.,Suppressed / False Positive,OPR-103
CAS-2026-00700,ALT-2026-00742,CSE-006,Central Metro Rail,60,Custom Detailed,"Entra ID service principal role elevation detected outside maintenance window. Revoked global admin consent grant, triggered automated credential rotation.",Remediated,OPR-114
CAS-2026-00701,ALT-2026-00743,CSE-004,Metro Airport Authority,4,Template,Resolved as per standard SOP - closed.,Suppressed / False Positive,OPR-106
CAS-2026-00702,ALT-2026-00744,CSE-003,Bharat Telecom Ltd,85,Custom Detailed,"Entra ID service principal role elevation detected outside maintenance window. Revoked global admin consent grant, triggered automated credential rotation.",Remediated,OPR-114
CAS-2026-00703,ALT-2026-00745,CSE-006,Central Metro Rail,116,Custom Detailed,Airside baggage sorting controller PLC connection reset inspected. Traced to unauthorized dual-homed maintenance laptop; physical port disabled on switch 4A.,Remediated,OPR-108
CAS-2026-00704,ALT-2026-00746,CSE-007,National Highway Authority,113,Custom Detailed,"SCADA RTU dual-homed gateway drop verified. Packet capture confirms unencrypted syslog suppression. Firewall rule AST-FW-SUB-04 revised, management interface locked down.",Remediated,OPR-113
CAS-2026-00705,ALT-2026-00747,CSE-005,Eastern Port Trust,101,Custom Detailed,Airside baggage sorting controller PLC connection reset inspected. Traced to unauthorized dual-homed maintenance laptop; physical port disabled on switch 4A.,Remediated,OPR-102
CAS-2026-00706,ALT-2026-00748,CSE-007,National Highway Authority,175,Custom Detailed,"Identified anomalous Kerberos ticket request from host 10.24.18.99. Isolated endpoint, extracted memory dump for forensic sandbox, escalated to Tier-3 incident handler.",Remediated,OPR-104
CAS-2026-00707,ALT-2026-00749,CSE-007,National Highway Authority,92,Custom Detailed,"SCADA RTU dual-homed gateway drop verified. Packet capture confirms unencrypted syslog suppression. Firewall rule AST-FW-SUB-04 revised, management interface locked down.",Remediated,OPR-114
CAS-2026-00708,ALT-2026-00750,CSE-005,Eastern Port Trust,141,Custom Detailed,"Entra ID service principal role elevation detected outside maintenance window. Revoked global admin consent grant, triggered automated credential rotation.",Remediated,OPR-107
CAS-2026-00709,ALT-2026-00751,CSE-001,National Power Grid Corporation,6,Template,Resolved as per standard SOP - closed.,Suppressed / False Positive,OPR-105
CAS-2026-00710,ALT-2026-00752,CSE-002,Apex National Bank,2,Template,Alert acknowledged. Nominal traffic confirmed. No further action.,Suppressed / False Positive,OPR-106
CAS-2026-00711,ALT-2026-00753,CSE-002,Apex National Bank,5,Template,Alert acknowledged. Nominal traffic confirmed. No further action.,Suppressed / False Positive,OPR-105
CAS-2026-00712,ALT-2026-00754,CSE-004,Metro Airport Authority,3,Template,False positive reported by analyst. Closed.,Suppressed / False Positive,OPR-109
CAS-2026-00713,ALT-2026-00755,CSE-007,National Highway Authority,134,Custom Detailed,"Identified anomalous Kerberos ticket request from host 10.24.18.99. Isolated endpoint, extracted memory dump for forensic sandbox, escalated to Tier-3 incident handler.",Remediated,OPR-104
CAS-2026-00714,ALT-2026-00756,CSE-001,National Power Grid Corporation,4,Template,Alert acknowledged. Nominal traffic confirmed. No further action.,Suppressed / False Positive,OPR-107
CAS-2026-00715,ALT-2026-00757,CSE-004,Metro Airport Authority,167,Custom Detailed,"SCADA RTU dual-homed gateway drop verified. Packet capture confirms unencrypted syslog suppression. Firewall rule AST-FW-SUB-04 revised, management interface locked down.",Remediated,OPR-115
CAS-2026-00716,ALT-2026-00758,CSE-005,Eastern Port Trust,45,Custom Detailed,"Identified anomalous Kerberos ticket request from host 10.24.18.99. Isolated endpoint, extracted memory dump for forensic sandbox, escalated to Tier-3 incident handler.",Remediated,OPR-105
CAS-2026-00717,ALT-2026-00759,CSE-005,Eastern Port Trust,71,Custom Detailed,"Identified anomalous Kerberos ticket request from host 10.24.18.99. Isolated endpoint, extracted memory dump for forensic sandbox, escalated to Tier-3 incident handler.",Remediated,OPR-109
CAS-2026-00718,ALT-2026-00760,CSE-005,Eastern Port Trust,83,Custom Detailed,Airside baggage sorting controller PLC connection reset inspected. Traced to unauthorized dual-homed maintenance laptop; physical port disabled on switch 4A.,Remediated,OPR-109
CAS-2026-00719,ALT-2026-00761,CSE-007,National Highway Authority,117,Custom Detailed,"Entra ID service principal role elevation detected outside maintenance window. Revoked global admin consent grant, triggered automated credential rotation.",Remediated,OPR-108
CAS-2026-00720,ALT-2026-00762,CSE-005,Eastern Port Trust,74,Custom Detailed,"Identified anomalous Kerberos ticket request from host 10.24.18.99. Isolated endpoint, extracted memory dump for forensic sandbox, escalated to Tier-3 incident handler.",Remediated,OPR-109
CAS-2026-00721,ALT-2026-00763,CSE-006,Central Metro Rail,143,Custom Detailed,"Identified anomalous Kerberos ticket request from host 10.24.18.99. Isolated endpoint, extracted memory dump for forensic sandbox, escalated to Tier-3 incident handler.",Remediated,OPR-102
CAS-2026-00722,ALT-2026-00764,CSE-003,Bharat Telecom Ltd,61,Custom Detailed,"Identified anomalous Kerberos ticket request from host 10.24.18.99. Isolated endpoint, extracted memory dump for forensic sandbox, escalated to Tier-3 incident handler.",Remediated,OPR-106
CAS-2026-00723,ALT-2026-00765,CSE-002,Apex National Bank,107,Custom Detailed,"Identified anomalous Kerberos ticket request from host 10.24.18.99. Isolated endpoint, extracted memory dump for forensic sandbox, escalated to Tier-3 incident handler.",Remediated,OPR-104
CAS-2026-00724,ALT-2026-00766,CSE-002,Apex National Bank,131,Custom Detailed,"SCADA RTU dual-homed gateway drop verified. Packet capture confirms unencrypted syslog suppression. Firewall rule AST-FW-SUB-04 revised, management interface locked down.",Remediated,OPR-114
CAS-2026-00725,ALT-2026-00767,CSE-003,Bharat Telecom Ltd,46,Custom Detailed,"SCADA RTU dual-homed gateway drop verified. Packet capture confirms unencrypted syslog suppression. Firewall rule AST-FW-SUB-04 revised, management interface locked down.",Remediated,OPR-103
CAS-2026-00726,ALT-2026-00768,CSE-006,Central Metro Rail,166,Custom Detailed,"Identified anomalous Kerberos ticket request from host 10.24.18.99. Isolated endpoint, extracted memory dump for forensic sandbox, escalated to Tier-3 incident handler.",Remediated,OPR-105
CAS-2026-00727,ALT-2026-00769,CSE-006,Central Metro Rail,134,Template,Automated ticket closure - SLA satisfied.,Suppressed / False Positive,OPR-102
CAS-2026-00728,ALT-2026-00770,CSE-006,Central Metro Rail,137,Custom Detailed,"Entra ID service principal role elevation detected outside maintenance window. Revoked global admin consent grant, triggered automated credential rotation.",Remediated,OPR-108
CAS-2026-00729,ALT-2026-00771,CSE-003,Bharat Telecom Ltd,49,Custom Detailed,Airside baggage sorting controller PLC connection reset inspected. Traced to unauthorized dual-homed maintenance laptop; physical port disabled on switch 4A.,Remediated,OPR-104
CAS-2026-00730,ALT-2026-00772,CSE-002,Apex National Bank,6,Template,Resolved as per standard SOP - closed.,Suppressed / False Positive,OPR-115
CAS-2026-00731,ALT-2026-00773,CSE-003,Bharat Telecom Ltd,48,Custom Detailed,"SCADA RTU dual-homed gateway drop verified. Packet capture confirms unencrypted syslog suppression. Firewall rule AST-FW-SUB-04 revised, management interface locked down.",Remediated,OPR-110
CAS-2026-00732,ALT-2026-00774,CSE-004,Metro Airport Authority,110,Custom Detailed,Airside baggage sorting controller PLC connection reset inspected. Traced to unauthorized dual-homed maintenance laptop; physical port disabled on switch 4A.,Remediated,OPR-102
CAS-2026-00733,ALT-2026-00775,CSE-007,National Highway Authority,173,Custom Detailed,"Identified anomalous Kerberos ticket request from host 10.24.18.99. Isolated endpoint, extracted memory dump for forensic sandbox, escalated to Tier-3 incident handler.",Remediated,OPR-105
CAS-2026-00734,ALT-2026-00776,CSE-007,National Highway Authority,128,Custom Detailed,Airside baggage sorting controller PLC connection reset inspected. Traced to unauthorized dual-homed maintenance laptop; physical port disabled on switch 4A.,Remediated,OPR-113
CAS-2026-00735,ALT-2026-00777,CSE-004,Metro Airport Authority,5,Template,Resolved as per standard SOP - closed.,Suppressed / False Positive,OPR-106
CAS-2026-00736,ALT-2026-00778,CSE-005,Eastern Port Trust,160,Custom Detailed,"SCADA RTU dual-homed gateway drop verified. Packet capture confirms unencrypted syslog suppression. Firewall rule AST-FW-SUB-04 revised, management interface locked down.",Remediated,OPR-106
CAS-2026-00737,ALT-2026-00779,CSE-004,Metro Airport Authority,2,Template,Resolved as per standard SOP - closed.,Suppressed / False Positive,OPR-105
CAS-2026-00738,ALT-2026-00780,CSE-005,Eastern Port Trust,117,Custom Detailed,"Entra ID service principal role elevation detected outside maintenance window. Revoked global admin consent grant, triggered automated credential rotation.",Remediated,OPR-106
CAS-2026-00739,ALT-2026-00782,CSE-004,Metro Airport Authority,114,Custom Detailed,Airside baggage sorting controller PLC connection reset inspected. Traced to unauthorized dual-homed maintenance laptop; physical port disabled on switch 4A.,Remediated,OPR-110
CAS-2026-00740,ALT-2026-00784,CSE-006,Central Metro Rail,126,Custom Detailed,"Entra ID service principal role elevation detected outside maintenance window. Revoked global admin consent grant, triggered automated credential rotation.",Remediated,OPR-107
CAS-2026-00741,ALT-2026-00785,CSE-002,Apex National Bank,2,Template,False positive reported by analyst. Closed.,Suppressed / False Positive,OPR-105
CAS-2026-00742,ALT-2026-00786,CSE-004,Metro Airport Authority,3,Template,Alert acknowledged. Nominal traffic confirmed. No further action.,Suppressed / False Positive,OPR-103
CAS-2026-00743,ALT-2026-00787,CSE-002,Apex National Bank,3,Template,Alert acknowledged. Nominal traffic confirmed. No further action.,Suppressed / False Positive,OPR-101
CAS-2026-00744,ALT-2026-00788,CSE-002,Apex National Bank,5,Template,Alert acknowledged. Nominal traffic confirmed. No further action.,Suppressed / False Positive,OPR-113
CAS-2026-00745,ALT-2026-00789,CSE-001,National Power Grid Corporation,7,Template,Whitelisted per shift supervisor instruction. Ticket closed.,Suppressed / False Positive,OPR-109
CAS-2026-00746,ALT-2026-00790,CSE-007,National Highway Authority,125,Custom Detailed,Airside baggage sorting controller PLC connection reset inspected. Traced to unauthorized dual-homed maintenance laptop; physical port disabled on switch 4A.,Remediated,OPR-110
CAS-2026-00747,ALT-2026-00791,CSE-004,Metro Airport Authority,113,Custom Detailed,"SCADA RTU dual-homed gateway drop verified. Packet capture confirms unencrypted syslog suppression. Firewall rule AST-FW-SUB-04 revised, management interface locked down.",Remediated,OPR-101
CAS-2026-00748,ALT-2026-00792,CSE-006,Central Metro Rail,150,Custom Detailed,"Identified anomalous Kerberos ticket request from host 10.24.18.99. Isolated endpoint, extracted memory dump for forensic sandbox, escalated to Tier-3 incident handler.",Remediated,OPR-110
CAS-2026-00749,ALT-2026-00793,CSE-001,National Power Grid Corporation,156,Custom Detailed,Airside baggage sorting controller PLC connection reset inspected. Traced to unauthorized dual-homed maintenance laptop; physical port disabled on switch 4A.,Remediated,OPR-105
CAS-2026-00750,ALT-2026-00794,CSE-005,Eastern Port Trust,108,Custom Detailed,"SCADA RTU dual-homed gateway drop verified. Packet capture confirms unencrypted syslog suppression. Firewall rule AST-FW-SUB-04 revised, management interface locked down.",Remediated,OPR-115
CAS-2026-00751,ALT-2026-00795,CSE-004,Metro Airport Authority,8,Template,Alert acknowledged. Nominal traffic confirmed. No further action.,Suppressed / False Positive,OPR-105
CAS-2026-00752,ALT-2026-00796,CSE-004,Metro Airport Authority,134,Custom Detailed,Airside baggage sorting controller PLC connection reset inspected. Traced to unauthorized dual-homed maintenance laptop; physical port disabled on switch 4A.,Remediated,OPR-113
CAS-2026-00753,ALT-2026-00797,CSE-004,Metro Airport Authority,7,Template,Whitelisted per shift supervisor instruction. Ticket closed.,Suppressed / False Positive,OPR-106
CAS-2026-00754,ALT-2026-00798,CSE-001,National Power Grid Corporation,169,Template,Resolved as per standard SOP - closed.,Suppressed / False Positive,OPR-106
CAS-2026-00755,ALT-2026-00799,CSE-002,Apex National Bank,169,Custom Detailed,"SCADA RTU dual-homed gateway drop verified. Packet capture confirms unencrypted syslog suppression. Firewall rule AST-FW-SUB-04 revised, management interface locked down.",Remediated,OPR-101
CAS-2026-00756,ALT-2026-00800,CSE-007,National Highway Authority,150,Custom Detailed,"Identified anomalous Kerberos ticket request from host 10.24.18.99. Isolated endpoint, extracted memory dump for forensic sandbox, escalated to Tier-3 incident handler.",Remediated,OPR-109
CAS-2026-00757,ALT-2026-00801,CSE-007,National Highway Authority,148,Custom Detailed,Airside baggage sorting controller PLC connection reset inspected. Traced to unauthorized dual-homed maintenance laptop; physical port disabled on switch 4A.,Remediated,OPR-113
CAS-2026-00758,ALT-2026-00802,CSE-001,National Power Grid Corporation,2,Template,False positive reported by analyst. Closed.,Suppressed / False Positive,OPR-103
CAS-2026-00759,ALT-2026-00803,CSE-005,Eastern Port Trust,138,Custom Detailed,Airside baggage sorting controller PLC connection reset inspected. Traced to unauthorized dual-homed maintenance laptop; physical port disabled on switch 4A.,Remediated,OPR-113
CAS-2026-00760,ALT-2026-00804,CSE-004,Metro Airport Authority,8,Template,False positive reported by analyst. Closed.,Suppressed / False Positive,OPR-115
CAS-2026-00761,ALT-2026-00805,CSE-002,Apex National Bank,78,Custom Detailed,Airside baggage sorting controller PLC connection reset inspected. Traced to unauthorized dual-homed maintenance laptop; physical port disabled on switch 4A.,Remediated,OPR-102
CAS-2026-00762,ALT-2026-00806,CSE-003,Bharat Telecom Ltd,36,Custom Detailed,Airside baggage sorting controller PLC connection reset inspected. Traced to unauthorized dual-homed maintenance laptop; physical port disabled on switch 4A.,Remediated,OPR-104
CAS-2026-00763,ALT-2026-00807,CSE-001,National Power Grid Corporation,2,Template,False positive reported by analyst. Closed.,Suppressed / False Positive,OPR-101
CAS-2026-00764,ALT-2026-00808,CSE-003,Bharat Telecom Ltd,167,Custom Detailed,"SCADA RTU dual-homed gateway drop verified. Packet capture confirms unencrypted syslog suppression. Firewall rule AST-FW-SUB-04 revised, management interface locked down.",Remediated,OPR-108
CAS-2026-00765,ALT-2026-00809,CSE-006,Central Metro Rail,70,Custom Detailed,Airside baggage sorting controller PLC connection reset inspected. Traced to unauthorized dual-homed maintenance laptop; physical port disabled on switch 4A.,Remediated,OPR-110
CAS-2026-00766,ALT-2026-00810,CSE-003,Bharat Telecom Ltd,93,Custom Detailed,Airside baggage sorting controller PLC connection reset inspected. Traced to unauthorized dual-homed maintenance laptop; physical port disabled on switch 4A.,Remediated,OPR-106
CAS-2026-00767,ALT-2026-00811,CSE-005,Eastern Port Trust,118,Template,Automated ticket closure - SLA satisfied.,Suppressed / False Positive,OPR-114
CAS-2026-00768,ALT-2026-00812,CSE-006,Central Metro Rail,128,Custom Detailed,Airside baggage sorting controller PLC connection reset inspected. Traced to unauthorized dual-homed maintenance laptop; physical port disabled on switch 4A.,Remediated,OPR-103
CAS-2026-00769,ALT-2026-00813,CSE-006,Central Metro Rail,47,Custom Detailed,"Entra ID service principal role elevation detected outside maintenance window. Revoked global admin consent grant, triggered automated credential rotation.",Remediated,OPR-112
CAS-2026-00770,ALT-2026-00814,CSE-006,Central Metro Rail,56,Custom Detailed,"Identified anomalous Kerberos ticket request from host 10.24.18.99. Isolated endpoint, extracted memory dump for forensic sandbox, escalated to Tier-3 incident handler.",Remediated,OPR-113
CAS-2026-00771,ALT-2026-00815,CSE-007,National Highway Authority,127,Template,Automated ticket closure - SLA satisfied.,Suppressed / False Positive,OPR-112
CAS-2026-00772,ALT-2026-00816,CSE-004,Metro Airport Authority,4,Template,Alert acknowledged. Nominal traffic confirmed. No further action.,Suppressed / False Positive,OPR-112
CAS-2026-00773,ALT-2026-00817,CSE-004,Metro Airport Authority,101,Custom Detailed,Airside baggage sorting controller PLC connection reset inspected. Traced to unauthorized dual-homed maintenance laptop; physical port disabled on switch 4A.,Remediated,OPR-103
CAS-2026-00774,ALT-2026-00818,CSE-007,National Highway Authority,99,Custom Detailed,"Identified anomalous Kerberos ticket request from host 10.24.18.99. Isolated endpoint, extracted memory dump for forensic sandbox, escalated to Tier-3 incident handler.",Remediated,OPR-108
CAS-2026-00775,ALT-2026-00819,CSE-003,Bharat Telecom Ltd,129,Custom Detailed,"Identified anomalous Kerberos ticket request from host 10.24.18.99. Isolated endpoint, extracted memory dump for forensic sandbox, escalated to Tier-3 incident handler.",Remediated,OPR-105
CAS-2026-00776,ALT-2026-00820,CSE-004,Metro Airport Authority,81,Custom Detailed,"SCADA RTU dual-homed gateway drop verified. Packet capture confirms unencrypted syslog suppression. Firewall rule AST-FW-SUB-04 revised, management interface locked down.",Remediated,OPR-101
CAS-2026-00777,ALT-2026-00821,CSE-004,Metro Airport Authority,72,Custom Detailed,"SCADA RTU dual-homed gateway drop verified. Packet capture confirms unencrypted syslog suppression. Firewall rule AST-FW-SUB-04 revised, management interface locked down.",Remediated,OPR-107
CAS-2026-00778,ALT-2026-00823,CSE-003,Bharat Telecom Ltd,101,Custom Detailed,"Identified anomalous Kerberos ticket request from host 10.24.18.99. Isolated endpoint, extracted memory dump for forensic sandbox, escalated to Tier-3 incident handler.",Remediated,OPR-110
CAS-2026-00779,ALT-2026-00824,CSE-003,Bharat Telecom Ltd,167,Custom Detailed,"Identified anomalous Kerberos ticket request from host 10.24.18.99. Isolated endpoint, extracted memory dump for forensic sandbox, escalated to Tier-3 incident handler.",Remediated,OPR-103
CAS-2026-00780,ALT-2026-00825,CSE-003,Bharat Telecom Ltd,115,Custom Detailed,"SCADA RTU dual-homed gateway drop verified. Packet capture confirms unencrypted syslog suppression. Firewall rule AST-FW-SUB-04 revised, management interface locked down.",Remediated,OPR-111
CAS-2026-00781,ALT-2026-00826,CSE-007,National Highway Authority,160,Custom Detailed,Airside baggage sorting controller PLC connection reset inspected. Traced to unauthorized dual-homed maintenance laptop; physical port disabled on switch 4A.,Remediated,OPR-112
CAS-2026-00782,ALT-2026-00827,CSE-002,Apex National Bank,4,Template,Resolved as per standard SOP - closed.,Suppressed / False Positive,OPR-112
CAS-2026-00783,ALT-2026-00828,CSE-004,Metro Airport Authority,4,Template,Automated ticket closure - SLA satisfied.,Suppressed / False Positive,OPR-103
CAS-2026-00784,ALT-2026-00829,CSE-004,Metro Airport Authority,64,Custom Detailed,"Entra ID service principal role elevation detected outside maintenance window. Revoked global admin consent grant, triggered automated credential rotation.",Remediated,OPR-106
CAS-2026-00785,ALT-2026-00830,CSE-006,Central Metro Rail,117,Custom Detailed,"Entra ID service principal role elevation detected outside maintenance window. Revoked global admin consent grant, triggered automated credential rotation.",Remediated,OPR-104
CAS-2026-00786,ALT-2026-00831,CSE-005,Eastern Port Trust,46,Custom Detailed,"Identified anomalous Kerberos ticket request from host 10.24.18.99. Isolated endpoint, extracted memory dump for forensic sandbox, escalated to Tier-3 incident handler.",Remediated,OPR-102
CAS-2026-00787,ALT-2026-00832,CSE-002,Apex National Bank,6,Template,False positive reported by analyst. Closed.,Suppressed / False Positive,OPR-104
CAS-2026-00788,ALT-2026-00833,CSE-005,Eastern Port Trust,107,Custom Detailed,"SCADA RTU dual-homed gateway drop verified. Packet capture confirms unencrypted syslog suppression. Firewall rule AST-FW-SUB-04 revised, management interface locked down.",Remediated,OPR-110
CAS-2026-00789,ALT-2026-00834,CSE-004,Metro Airport Authority,126,Template,Automated ticket closure - SLA satisfied.,Suppressed / False Positive,OPR-108
CAS-2026-00790,ALT-2026-00835,CSE-004,Metro Airport Authority,139,Custom Detailed,Airside baggage sorting controller PLC connection reset inspected. Traced to unauthorized dual-homed maintenance laptop; physical port disabled on switch 4A.,Remediated,OPR-113
CAS-2026-00791,ALT-2026-00836,CSE-003,Bharat Telecom Ltd,48,Custom Detailed,Airside baggage sorting controller PLC connection reset inspected. Traced to unauthorized dual-homed maintenance laptop; physical port disabled on switch 4A.,Remediated,OPR-103
CAS-2026-00792,ALT-2026-00837,CSE-006,Central Metro Rail,136,Custom Detailed,Airside baggage sorting controller PLC connection reset inspected. Traced to unauthorized dual-homed maintenance laptop; physical port disabled on switch 4A.,Remediated,OPR-112
CAS-2026-00793,ALT-2026-00838,CSE-003,Bharat Telecom Ltd,79,Custom Detailed,"SCADA RTU dual-homed gateway drop verified. Packet capture confirms unencrypted syslog suppression. Firewall rule AST-FW-SUB-04 revised, management interface locked down.",Remediated,OPR-105
CAS-2026-00794,ALT-2026-00839,CSE-007,National Highway Authority,93,Custom Detailed,Airside baggage sorting controller PLC connection reset inspected. Traced to unauthorized dual-homed maintenance laptop; physical port disabled on switch 4A.,Remediated,OPR-108
CAS-2026-00795,ALT-2026-00840,CSE-001,National Power Grid Corporation,95,Template,Alert acknowledged. Nominal traffic confirmed. No further action.,Suppressed / False Positive,OPR-110
CAS-2026-00796,ALT-2026-00841,CSE-005,Eastern Port Trust,131,Template,Automated ticket closure - SLA satisfied.,Suppressed / False Positive,OPR-110
CAS-2026-00797,ALT-2026-00842,CSE-001,National Power Grid Corporation,7,Template,Whitelisted per shift supervisor instruction. Ticket closed.,Suppressed / False Positive,OPR-109
CAS-2026-00798,ALT-2026-00843,CSE-005,Eastern Port Trust,57,Custom Detailed,"Identified anomalous Kerberos ticket request from host 10.24.18.99. Isolated endpoint, extracted memory dump for forensic sandbox, escalated to Tier-3 incident handler.",Remediated,OPR-110
CAS-2026-00799,ALT-2026-00844,CSE-007,National Highway Authority,31,Custom Detailed,"Entra ID service principal role elevation detected outside maintenance window. Revoked global admin consent grant, triggered automated credential rotation.",Remediated,OPR-114
CAS-2026-00800,ALT-2026-00845,CSE-004,Metro Airport Authority,125,Custom Detailed,"SCADA RTU dual-homed gateway drop verified. Packet capture confirms unencrypted syslog suppression. Firewall rule AST-FW-SUB-04 revised, management interface locked down.",Remediated,OPR-112
CAS-2026-00801,ALT-2026-00846,CSE-002,Apex National Bank,79,Custom Detailed,"SCADA RTU dual-homed gateway drop verified. Packet capture confirms unencrypted syslog suppression. Firewall rule AST-FW-SUB-04 revised, management interface locked down.",Remediated,OPR-115
CAS-2026-00802,ALT-2026-00847,CSE-007,National Highway Authority,100,Template,Resolved as per standard SOP - closed.,Suppressed / False Positive,OPR-106
CAS-2026-00803,ALT-2026-00849,CSE-001,National Power Grid Corporation,5,Template,Whitelisted per shift supervisor instruction. Ticket closed.,Suppressed / False Positive,OPR-113
CAS-2026-00804,ALT-2026-00850,CSE-003,Bharat Telecom Ltd,132,Custom Detailed,"Entra ID service principal role elevation detected outside maintenance window. Revoked global admin consent grant, triggered automated credential rotation.",Remediated,OPR-110
CAS-2026-00805,ALT-2026-00851,CSE-001,National Power Grid Corporation,7,Template,Automated ticket closure - SLA satisfied.,Suppressed / False Positive,OPR-101
CAS-2026-00806,ALT-2026-00853,CSE-006,Central Metro Rail,154,Custom Detailed,"SCADA RTU dual-homed gateway drop verified. Packet capture confirms unencrypted syslog suppression. Firewall rule AST-FW-SUB-04 revised, management interface locked down.",Remediated,OPR-112
CAS-2026-00807,ALT-2026-00854,CSE-005,Eastern Port Trust,128,Custom Detailed,"Identified anomalous Kerberos ticket request from host 10.24.18.99. Isolated endpoint, extracted memory dump for forensic sandbox, escalated to Tier-3 incident handler.",Remediated,OPR-110
CAS-2026-00808,ALT-2026-00855,CSE-002,Apex National Bank,4,Template,Resolved as per standard SOP - closed.,Suppressed / False Positive,OPR-109
CAS-2026-00809,ALT-2026-00856,CSE-007,National Highway Authority,73,Custom Detailed,"SCADA RTU dual-homed gateway drop verified. Packet capture confirms unencrypted syslog suppression. Firewall rule AST-FW-SUB-04 revised, management interface locked down.",Remediated,OPR-112
CAS-2026-00810,ALT-2026-00857,CSE-001,National Power Grid Corporation,8,Template,Automated ticket closure - SLA satisfied.,Suppressed / False Positive,OPR-104
CAS-2026-00811,ALT-2026-00858,CSE-006,Central Metro Rail,87,Custom Detailed,"Entra ID service principal role elevation detected outside maintenance window. Revoked global admin consent grant, triggered automated credential rotation.",Remediated,OPR-113
CAS-2026-00812,ALT-2026-00859,CSE-005,Eastern Port Trust,89,Custom Detailed,Airside baggage sorting controller PLC connection reset inspected. Traced to unauthorized dual-homed maintenance laptop; physical port disabled on switch 4A.,Remediated,OPR-105
CAS-2026-00813,ALT-2026-00861,CSE-005,Eastern Port Trust,129,Custom Detailed,"SCADA RTU dual-homed gateway drop verified. Packet capture confirms unencrypted syslog suppression. Firewall rule AST-FW-SUB-04 revised, management interface locked down.",Remediated,OPR-106
CAS-2026-00814,ALT-2026-00862,CSE-007,National Highway Authority,167,Custom Detailed,"Identified anomalous Kerberos ticket request from host 10.24.18.99. Isolated endpoint, extracted memory dump for forensic sandbox, escalated to Tier-3 incident handler.",Remediated,OPR-106
CAS-2026-00815,ALT-2026-00863,CSE-002,Apex National Bank,111,Template,Resolved as per standard SOP - closed.,Suppressed / False Positive,OPR-109
CAS-2026-00816,ALT-2026-00864,CSE-006,Central Metro Rail,45,Custom Detailed,Airside baggage sorting controller PLC connection reset inspected. Traced to unauthorized dual-homed maintenance laptop; physical port disabled on switch 4A.,Remediated,OPR-103
CAS-2026-00817,ALT-2026-00865,CSE-007,National Highway Authority,130,Custom Detailed,Airside baggage sorting controller PLC connection reset inspected. Traced to unauthorized dual-homed maintenance laptop; physical port disabled on switch 4A.,Remediated,OPR-114
CAS-2026-00818,ALT-2026-00866,CSE-006,Central Metro Rail,130,Custom Detailed,Airside baggage sorting controller PLC connection reset inspected. Traced to unauthorized dual-homed maintenance laptop; physical port disabled on switch 4A.,Remediated,OPR-109
CAS-2026-00819,ALT-2026-00867,CSE-006,Central Metro Rail,107,Custom Detailed,"Identified anomalous Kerberos ticket request from host 10.24.18.99. Isolated endpoint, extracted memory dump for forensic sandbox, escalated to Tier-3 incident handler.",Remediated,OPR-111
CAS-2026-00820,ALT-2026-00868,CSE-002,Apex National Bank,3,Template,Alert acknowledged. Nominal traffic confirmed. No further action.,Suppressed / False Positive,OPR-104
CAS-2026-00821,ALT-2026-00869,CSE-006,Central Metro Rail,44,Custom Detailed,"SCADA RTU dual-homed gateway drop verified. Packet capture confirms unencrypted syslog suppression. Firewall rule AST-FW-SUB-04 revised, management interface locked down.",Remediated,OPR-106
CAS-2026-00822,ALT-2026-00870,CSE-004,Metro Airport Authority,60,Custom Detailed,"Identified anomalous Kerberos ticket request from host 10.24.18.99. Isolated endpoint, extracted memory dump for forensic sandbox, escalated to Tier-3 incident handler.",Remediated,OPR-107
CAS-2026-00823,ALT-2026-00871,CSE-004,Metro Airport Authority,148,Custom Detailed,"Identified anomalous Kerberos ticket request from host 10.24.18.99. Isolated endpoint, extracted memory dump for forensic sandbox, escalated to Tier-3 incident handler.",Remediated,OPR-107
CAS-2026-00824,ALT-2026-00873,CSE-005,Eastern Port Trust,141,Custom Detailed,Airside baggage sorting controller PLC connection reset inspected. Traced to unauthorized dual-homed maintenance laptop; physical port disabled on switch 4A.,Remediated,OPR-110
CAS-2026-00825,ALT-2026-00874,CSE-002,Apex National Bank,5,Template,Resolved as per standard SOP - closed.,Suppressed / False Positive,OPR-114
CAS-2026-00826,ALT-2026-00875,CSE-005,Eastern Port Trust,83,Custom Detailed,"Identified anomalous Kerberos ticket request from host 10.24.18.99. Isolated endpoint, extracted memory dump for forensic sandbox, escalated to Tier-3 incident handler.",Remediated,OPR-115
CAS-2026-00827,ALT-2026-00877,CSE-002,Apex National Bank,2,Template,Resolved as per standard SOP - closed.,Suppressed / False Positive,OPR-109
CAS-2026-00828,ALT-2026-00878,CSE-003,Bharat Telecom Ltd,105,Template,False positive reported by analyst. Closed.,Suppressed / False Positive,OPR-109
CAS-2026-00829,ALT-2026-00879,CSE-004,Metro Airport Authority,41,Custom Detailed,"Identified anomalous Kerberos ticket request from host 10.24.18.99. Isolated endpoint, extracted memory dump for forensic sandbox, escalated to Tier-3 incident handler.",Remediated,OPR-101
CAS-2026-00830,ALT-2026-00880,CSE-002,Apex National Bank,62,Custom Detailed,"Entra ID service principal role elevation detected outside maintenance window. Revoked global admin consent grant, triggered automated credential rotation.",Remediated,OPR-110
CAS-2026-00831,ALT-2026-00881,CSE-004,Metro Airport Authority,5,Template,Automated ticket closure - SLA satisfied.,Suppressed / False Positive,OPR-105
CAS-2026-00832,ALT-2026-00882,CSE-006,Central Metro Rail,125,Custom Detailed,"SCADA RTU dual-homed gateway drop verified. Packet capture confirms unencrypted syslog suppression. Firewall rule AST-FW-SUB-04 revised, management interface locked down.",Remediated,OPR-111
CAS-2026-00833,ALT-2026-00883,CSE-006,Central Metro Rail,36,Custom Detailed,Airside baggage sorting controller PLC connection reset inspected. Traced to unauthorized dual-homed maintenance laptop; physical port disabled on switch 4A.,Remediated,OPR-104
CAS-2026-00834,ALT-2026-00884,CSE-001,National Power Grid Corporation,115,Template,Whitelisted per shift supervisor instruction. Ticket closed.,Suppressed / False Positive,OPR-103
CAS-2026-00835,ALT-2026-00885,CSE-007,National Highway Authority,74,Custom Detailed,"Identified anomalous Kerberos ticket request from host 10.24.18.99. Isolated endpoint, extracted memory dump for forensic sandbox, escalated to Tier-3 incident handler.",Remediated,OPR-112
CAS-2026-00836,ALT-2026-00886,CSE-003,Bharat Telecom Ltd,73,Custom Detailed,"Identified anomalous Kerberos ticket request from host 10.24.18.99. Isolated endpoint, extracted memory dump for forensic sandbox, escalated to Tier-3 incident handler.",Remediated,OPR-113
CAS-2026-00837,ALT-2026-00887,CSE-004,Metro Airport Authority,62,Custom Detailed,"SCADA RTU dual-homed gateway drop verified. Packet capture confirms unencrypted syslog suppression. Firewall rule AST-FW-SUB-04 revised, management interface locked down.",Remediated,OPR-107
CAS-2026-00838,ALT-2026-00888,CSE-005,Eastern Port Trust,76,Custom Detailed,Airside baggage sorting controller PLC connection reset inspected. Traced to unauthorized dual-homed maintenance laptop; physical port disabled on switch 4A.,Remediated,OPR-106
CAS-2026-00839,ALT-2026-00889,CSE-007,National Highway Authority,108,Custom Detailed,"SCADA RTU dual-homed gateway drop verified. Packet capture confirms unencrypted syslog suppression. Firewall rule AST-FW-SUB-04 revised, management interface locked down.",Remediated,OPR-114
CAS-2026-00840,ALT-2026-00890,CSE-001,National Power Grid Corporation,72,Template,Resolved as per standard SOP - closed.,Suppressed / False Positive,OPR-101
CAS-2026-00841,ALT-2026-00891,CSE-001,National Power Grid Corporation,152,Custom Detailed,"SCADA RTU dual-homed gateway drop verified. Packet capture confirms unencrypted syslog suppression. Firewall rule AST-FW-SUB-04 revised, management interface locked down.",Remediated,OPR-109
CAS-2026-00842,ALT-2026-00892,CSE-006,Central Metro Rail,138,Custom Detailed,"Identified anomalous Kerberos ticket request from host 10.24.18.99. Isolated endpoint, extracted memory dump for forensic sandbox, escalated to Tier-3 incident handler.",Remediated,OPR-109
CAS-2026-00843,ALT-2026-00893,CSE-006,Central Metro Rail,74,Custom Detailed,"SCADA RTU dual-homed gateway drop verified. Packet capture confirms unencrypted syslog suppression. Firewall rule AST-FW-SUB-04 revised, management interface locked down.",Remediated,OPR-106
CAS-2026-00844,ALT-2026-00894,CSE-007,National Highway Authority,93,Custom Detailed,"Entra ID service principal role elevation detected outside maintenance window. Revoked global admin consent grant, triggered automated credential rotation.",Remediated,OPR-114
CAS-2026-00845,ALT-2026-00895,CSE-007,National Highway Authority,85,Custom Detailed,Airside baggage sorting controller PLC connection reset inspected. Traced to unauthorized dual-homed maintenance laptop; physical port disabled on switch 4A.,Remediated,OPR-115
CAS-2026-00846,ALT-2026-00896,CSE-006,Central Metro Rail,114,Template,Automated ticket closure - SLA satisfied.,Suppressed / False Positive,OPR-106
CAS-2026-00847,ALT-2026-00897,CSE-001,National Power Grid Corporation,5,Template,Resolved as per standard SOP - closed.,Suppressed / False Positive,OPR-104
CAS-2026-00848,ALT-2026-00898,CSE-001,National Power Grid Corporation,3,Template,Resolved as per standard SOP - closed.,Suppressed / False Positive,OPR-105
CAS-2026-00849,ALT-2026-00899,CSE-002,Apex National Bank,8,Template,False positive reported by analyst. Closed.,Suppressed / False Positive,OPR-102
CAS-2026-00850,ALT-2026-00900,CSE-004,Metro Airport Authority,4,Template,Resolved as per standard SOP - closed.,Suppressed / False Positive,OPR-104
CAS-2026-00851,ALT-2026-00901,CSE-001,National Power Grid Corporation,2,Template,Whitelisted per shift supervisor instruction. Ticket closed.,Suppressed / False Positive,OPR-111
CAS-2026-00852,ALT-2026-00902,CSE-002,Apex National Bank,5,Template,False positive reported by analyst. Closed.,Suppressed / False Positive,OPR-112
CAS-2026-00853,ALT-2026-00903,CSE-002,Apex National Bank,3,Template,Resolved as per standard SOP - closed.,Suppressed / False Positive,OPR-106
CAS-2026-00854,ALT-2026-00904,CSE-005,Eastern Port Trust,141,Custom Detailed,"Identified anomalous Kerberos ticket request from host 10.24.18.99. Isolated endpoint, extracted memory dump for forensic sandbox, escalated to Tier-3 incident handler.",Remediated,OPR-105
CAS-2026-00855,ALT-2026-00905,CSE-003,Bharat Telecom Ltd,59,Custom Detailed,"Entra ID service principal role elevation detected outside maintenance window. Revoked global admin consent grant, triggered automated credential rotation.",Remediated,OPR-112
CAS-2026-00856,ALT-2026-00906,CSE-002,Apex National Bank,76,Template,False positive reported by analyst. Closed.,Suppressed / False Positive,OPR-114
CAS-2026-00857,ALT-2026-00907,CSE-005,Eastern Port Trust,34,Template,Automated ticket closure - SLA satisfied.,Suppressed / False Positive,OPR-104
CAS-2026-00858,ALT-2026-00908,CSE-001,National Power Grid Corporation,139,Custom Detailed,"Entra ID service principal role elevation detected outside maintenance window. Revoked global admin consent grant, triggered automated credential rotation.",Remediated,OPR-101
CAS-2026-00859,ALT-2026-00909,CSE-005,Eastern Port Trust,93,Custom Detailed,Airside baggage sorting controller PLC connection reset inspected. Traced to unauthorized dual-homed maintenance laptop; physical port disabled on switch 4A.,Remediated,OPR-115
CAS-2026-00860,ALT-2026-00910,CSE-001,National Power Grid Corporation,140,Custom Detailed,"Identified anomalous Kerberos ticket request from host 10.24.18.99. Isolated endpoint, extracted memory dump for forensic sandbox, escalated to Tier-3 incident handler.",Remediated,OPR-105
CAS-2026-00861,ALT-2026-00911,CSE-004,Metro Airport Authority,8,Template,False positive reported by analyst. Closed.,Suppressed / False Positive,OPR-106
CAS-2026-00862,ALT-2026-00912,CSE-003,Bharat Telecom Ltd,63,Custom Detailed,"Identified anomalous Kerberos ticket request from host 10.24.18.99. Isolated endpoint, extracted memory dump for forensic sandbox, escalated to Tier-3 incident handler.",Remediated,OPR-112
CAS-2026-00863,ALT-2026-00913,CSE-005,Eastern Port Trust,107,Custom Detailed,"Entra ID service principal role elevation detected outside maintenance window. Revoked global admin consent grant, triggered automated credential rotation.",Remediated,OPR-108
CAS-2026-00864,ALT-2026-00914,CSE-007,National Highway Authority,123,Custom Detailed,"Entra ID service principal role elevation detected outside maintenance window. Revoked global admin consent grant, triggered automated credential rotation.",Remediated,OPR-111
CAS-2026-00865,ALT-2026-00915,CSE-006,Central Metro Rail,63,Custom Detailed,"Entra ID service principal role elevation detected outside maintenance window. Revoked global admin consent grant, triggered automated credential rotation.",Remediated,OPR-101
CAS-2026-00866,ALT-2026-00916,CSE-005,Eastern Port Trust,142,Custom Detailed,"SCADA RTU dual-homed gateway drop verified. Packet capture confirms unencrypted syslog suppression. Firewall rule AST-FW-SUB-04 revised, management interface locked down.",Remediated,OPR-107
CAS-2026-00867,ALT-2026-00917,CSE-005,Eastern Port Trust,161,Custom Detailed,"Identified anomalous Kerberos ticket request from host 10.24.18.99. Isolated endpoint, extracted memory dump for forensic sandbox, escalated to Tier-3 incident handler.",Remediated,OPR-109
CAS-2026-00868,ALT-2026-00918,CSE-006,Central Metro Rail,87,Custom Detailed,"SCADA RTU dual-homed gateway drop verified. Packet capture confirms unencrypted syslog suppression. Firewall rule AST-FW-SUB-04 revised, management interface locked down.",Remediated,OPR-109
CAS-2026-00869,ALT-2026-00919,CSE-002,Apex National Bank,93,Custom Detailed,"Identified anomalous Kerberos ticket request from host 10.24.18.99. Isolated endpoint, extracted memory dump for forensic sandbox, escalated to Tier-3 incident handler.",Remediated,OPR-109
CAS-2026-00870,ALT-2026-00920,CSE-001,National Power Grid Corporation,4,Template,False positive reported by analyst. Closed.,Suppressed / False Positive,OPR-103
CAS-2026-00871,ALT-2026-00921,CSE-004,Metro Airport Authority,101,Custom Detailed,"SCADA RTU dual-homed gateway drop verified. Packet capture confirms unencrypted syslog suppression. Firewall rule AST-FW-SUB-04 revised, management interface locked down.",Remediated,OPR-105
CAS-2026-00872,ALT-2026-00922,CSE-001,National Power Grid Corporation,143,Custom Detailed,"SCADA RTU dual-homed gateway drop verified. Packet capture confirms unencrypted syslog suppression. Firewall rule AST-FW-SUB-04 revised, management interface locked down.",Remediated,OPR-106
CAS-2026-00873,ALT-2026-00924,CSE-004,Metro Airport Authority,7,Template,Alert acknowledged. Nominal traffic confirmed. No further action.,Suppressed / False Positive,OPR-101
CAS-2026-00874,ALT-2026-00925,CSE-003,Bharat Telecom Ltd,146,Template,Alert acknowledged. Nominal traffic confirmed. No further action.,Suppressed / False Positive,OPR-107
CAS-2026-00875,ALT-2026-00926,CSE-001,National Power Grid Corporation,41,Custom Detailed,"Identified anomalous Kerberos ticket request from host 10.24.18.99. Isolated endpoint, extracted memory dump for forensic sandbox, escalated to Tier-3 incident handler.",Remediated,OPR-104
CAS-2026-00876,ALT-2026-00927,CSE-007,National Highway Authority,51,Custom Detailed,"Entra ID service principal role elevation detected outside maintenance window. Revoked global admin consent grant, triggered automated credential rotation.",Remediated,OPR-103
CAS-2026-00877,ALT-2026-00928,CSE-004,Metro Airport Authority,169,Custom Detailed,"Identified anomalous Kerberos ticket request from host 10.24.18.99. Isolated endpoint, extracted memory dump for forensic sandbox, escalated to Tier-3 incident handler.",Remediated,OPR-105
CAS-2026-00878,ALT-2026-00929,CSE-006,Central Metro Rail,87,Template,Resolved as per standard SOP - closed.,Suppressed / False Positive,OPR-104
CAS-2026-00879,ALT-2026-00930,CSE-004,Metro Airport Authority,7,Template,Automated ticket closure - SLA satisfied.,Suppressed / False Positive,OPR-114
CAS-2026-00880,ALT-2026-00931,CSE-001,National Power Grid Corporation,2,Template,Whitelisted per shift supervisor instruction. Ticket closed.,Suppressed / False Positive,OPR-106
CAS-2026-00881,ALT-2026-00932,CSE-001,National Power Grid Corporation,138,Custom Detailed,"SCADA RTU dual-homed gateway drop verified. Packet capture confirms unencrypted syslog suppression. Firewall rule AST-FW-SUB-04 revised, management interface locked down.",Remediated,OPR-115
CAS-2026-00882,ALT-2026-00933,CSE-006,Central Metro Rail,97,Custom Detailed,"Entra ID service principal role elevation detected outside maintenance window. Revoked global admin consent grant, triggered automated credential rotation.",Remediated,OPR-113
CAS-2026-00883,ALT-2026-00935,CSE-005,Eastern Port Trust,156,Custom Detailed,"Entra ID service principal role elevation detected outside maintenance window. Revoked global admin consent grant, triggered automated credential rotation.",Remediated,OPR-108
CAS-2026-00884,ALT-2026-00936,CSE-006,Central Metro Rail,167,Custom Detailed,Airside baggage sorting controller PLC connection reset inspected. Traced to unauthorized dual-homed maintenance laptop; physical port disabled on switch 4A.,Remediated,OPR-108
CAS-2026-00885,ALT-2026-00937,CSE-005,Eastern Port Trust,52,Custom Detailed,"SCADA RTU dual-homed gateway drop verified. Packet capture confirms unencrypted syslog suppression. Firewall rule AST-FW-SUB-04 revised, management interface locked down.",Remediated,OPR-106
CAS-2026-00886,ALT-2026-00938,CSE-001,National Power Grid Corporation,105,Template,Alert acknowledged. Nominal traffic confirmed. No further action.,Suppressed / False Positive,OPR-103
CAS-2026-00887,ALT-2026-00939,CSE-007,National Highway Authority,66,Custom Detailed,"Identified anomalous Kerberos ticket request from host 10.24.18.99. Isolated endpoint, extracted memory dump for forensic sandbox, escalated to Tier-3 incident handler.",Remediated,OPR-112
CAS-2026-00888,ALT-2026-00940,CSE-001,National Power Grid Corporation,37,Custom Detailed,"SCADA RTU dual-homed gateway drop verified. Packet capture confirms unencrypted syslog suppression. Firewall rule AST-FW-SUB-04 revised, management interface locked down.",Remediated,OPR-106
CAS-2026-00889,ALT-2026-00941,CSE-002,Apex National Bank,65,Custom Detailed,Airside baggage sorting controller PLC connection reset inspected. Traced to unauthorized dual-homed maintenance laptop; physical port disabled on switch 4A.,Remediated,OPR-109
CAS-2026-00890,ALT-2026-00942,CSE-006,Central Metro Rail,58,Custom Detailed,"Entra ID service principal role elevation detected outside maintenance window. Revoked global admin consent grant, triggered automated credential rotation.",Remediated,OPR-101
CAS-2026-00891,ALT-2026-00943,CSE-006,Central Metro Rail,171,Custom Detailed,Airside baggage sorting controller PLC connection reset inspected. Traced to unauthorized dual-homed maintenance laptop; physical port disabled on switch 4A.,Remediated,OPR-114
CAS-2026-00892,ALT-2026-00944,CSE-003,Bharat Telecom Ltd,163,Custom Detailed,"Identified anomalous Kerberos ticket request from host 10.24.18.99. Isolated endpoint, extracted memory dump for forensic sandbox, escalated to Tier-3 incident handler.",Remediated,OPR-103
CAS-2026-00893,ALT-2026-00945,CSE-006,Central Metro Rail,149,Custom Detailed,"Identified anomalous Kerberos ticket request from host 10.24.18.99. Isolated endpoint, extracted memory dump for forensic sandbox, escalated to Tier-3 incident handler.",Remediated,OPR-106
CAS-2026-00894,ALT-2026-00946,CSE-006,Central Metro Rail,57,Custom Detailed,"Entra ID service principal role elevation detected outside maintenance window. Revoked global admin consent grant, triggered automated credential rotation.",Remediated,OPR-102
CAS-2026-00895,ALT-2026-00947,CSE-003,Bharat Telecom Ltd,109,Template,Resolved as per standard SOP - closed.,Suppressed / False Positive,OPR-109
CAS-2026-00896,ALT-2026-00948,CSE-002,Apex National Bank,2,Template,False positive reported by analyst. Closed.,Suppressed / False Positive,OPR-113
CAS-2026-00897,ALT-2026-00949,CSE-004,Metro Airport Authority,158,Custom Detailed,Airside baggage sorting controller PLC connection reset inspected. Traced to unauthorized dual-homed maintenance laptop; physical port disabled on switch 4A.,Remediated,OPR-106
CAS-2026-00898,ALT-2026-00950,CSE-007,National Highway Authority,158,Custom Detailed,"Identified anomalous Kerberos ticket request from host 10.24.18.99. Isolated endpoint, extracted memory dump for forensic sandbox, escalated to Tier-3 incident handler.",Remediated,OPR-101
CAS-2026-00899,ALT-2026-00951,CSE-005,Eastern Port Trust,89,Custom Detailed,"Identified anomalous Kerberos ticket request from host 10.24.18.99. Isolated endpoint, extracted memory dump for forensic sandbox, escalated to Tier-3 incident handler.",Remediated,OPR-113
CAS-2026-00900,ALT-2026-00952,CSE-006,Central Metro Rail,144,Custom Detailed,"Entra ID service principal role elevation detected outside maintenance window. Revoked global admin consent grant, triggered automated credential rotation.",Remediated,OPR-106
CAS-2026-00901,ALT-2026-00953,CSE-003,Bharat Telecom Ltd,49,Custom Detailed,"SCADA RTU dual-homed gateway drop verified. Packet capture confirms unencrypted syslog suppression. Firewall rule AST-FW-SUB-04 revised, management interface locked down.",Remediated,OPR-110
CAS-2026-00902,ALT-2026-00954,CSE-006,Central Metro Rail,157,Custom Detailed,"Identified anomalous Kerberos ticket request from host 10.24.18.99. Isolated endpoint, extracted memory dump for forensic sandbox, escalated to Tier-3 incident handler.",Remediated,OPR-108
CAS-2026-00903,ALT-2026-00955,CSE-003,Bharat Telecom Ltd,96,Custom Detailed,Airside baggage sorting controller PLC connection reset inspected. Traced to unauthorized dual-homed maintenance laptop; physical port disabled on switch 4A.,Remediated,OPR-105
CAS-2026-00904,ALT-2026-00956,CSE-007,National Highway Authority,132,Custom Detailed,"Entra ID service principal role elevation detected outside maintenance window. Revoked global admin consent grant, triggered automated credential rotation.",Remediated,OPR-114
CAS-2026-00905,ALT-2026-00957,CSE-005,Eastern Port Trust,135,Custom Detailed,"Identified anomalous Kerberos ticket request from host 10.24.18.99. Isolated endpoint, extracted memory dump for forensic sandbox, escalated to Tier-3 incident handler.",Remediated,OPR-108
CAS-2026-00906,ALT-2026-00958,CSE-003,Bharat Telecom Ltd,56,Custom Detailed,"SCADA RTU dual-homed gateway drop verified. Packet capture confirms unencrypted syslog suppression. Firewall rule AST-FW-SUB-04 revised, management interface locked down.",Remediated,OPR-107
CAS-2026-00907,ALT-2026-00959,CSE-002,Apex National Bank,4,Template,Resolved as per standard SOP - closed.,Suppressed / False Positive,OPR-108
CAS-2026-00908,ALT-2026-00960,CSE-006,Central Metro Rail,81,Custom Detailed,Airside baggage sorting controller PLC connection reset inspected. Traced to unauthorized dual-homed maintenance laptop; physical port disabled on switch 4A.,Remediated,OPR-106
CAS-2026-00909,ALT-2026-00961,CSE-001,National Power Grid Corporation,2,Template,Automated ticket closure - SLA satisfied.,Suppressed / False Positive,OPR-108
CAS-2026-00910,ALT-2026-00962,CSE-001,National Power Grid Corporation,45,Custom Detailed,Airside baggage sorting controller PLC connection reset inspected. Traced to unauthorized dual-homed maintenance laptop; physical port disabled on switch 4A.,Remediated,OPR-113
CAS-2026-00911,ALT-2026-00963,CSE-004,Metro Airport Authority,51,Custom Detailed,"SCADA RTU dual-homed gateway drop verified. Packet capture confirms unencrypted syslog suppression. Firewall rule AST-FW-SUB-04 revised, management interface locked down.",Remediated,OPR-102
CAS-2026-00912,ALT-2026-00965,CSE-004,Metro Airport Authority,5,Template,Automated ticket closure - SLA satisfied.,Suppressed / False Positive,OPR-112
CAS-2026-00913,ALT-2026-00966,CSE-007,National Highway Authority,49,Custom Detailed,"SCADA RTU dual-homed gateway drop verified. Packet capture confirms unencrypted syslog suppression. Firewall rule AST-FW-SUB-04 revised, management interface locked down.",Remediated,OPR-111
CAS-2026-00914,ALT-2026-00967,CSE-005,Eastern Port Trust,59,Custom Detailed,"Entra ID service principal role elevation detected outside maintenance window. Revoked global admin consent grant, triggered automated credential rotation.",Remediated,OPR-107
CAS-2026-00915,ALT-2026-00968,CSE-003,Bharat Telecom Ltd,39,Custom Detailed,"Identified anomalous Kerberos ticket request from host 10.24.18.99. Isolated endpoint, extracted memory dump for forensic sandbox, escalated to Tier-3 incident handler.",Remediated,OPR-112
CAS-2026-00916,ALT-2026-00969,CSE-002,Apex National Bank,124,Custom Detailed,"Identified anomalous Kerberos ticket request from host 10.24.18.99. Isolated endpoint, extracted memory dump for forensic sandbox, escalated to Tier-3 incident handler.",Remediated,OPR-101
CAS-2026-00917,ALT-2026-00970,CSE-003,Bharat Telecom Ltd,120,Custom Detailed,"Entra ID service principal role elevation detected outside maintenance window. Revoked global admin consent grant, triggered automated credential rotation.",Remediated,OPR-107
CAS-2026-00918,ALT-2026-00971,CSE-005,Eastern Port Trust,127,Custom Detailed,Airside baggage sorting controller PLC connection reset inspected. Traced to unauthorized dual-homed maintenance laptop; physical port disabled on switch 4A.,Remediated,OPR-114
CAS-2026-00919,ALT-2026-00972,CSE-006,Central Metro Rail,52,Custom Detailed,"Identified anomalous Kerberos ticket request from host 10.24.18.99. Isolated endpoint, extracted memory dump for forensic sandbox, escalated to Tier-3 incident handler.",Remediated,OPR-101
CAS-2026-00920,ALT-2026-00973,CSE-005,Eastern Port Trust,158,Custom Detailed,Airside baggage sorting controller PLC connection reset inspected. Traced to unauthorized dual-homed maintenance laptop; physical port disabled on switch 4A.,Remediated,OPR-113
CAS-2026-00921,ALT-2026-00974,CSE-001,National Power Grid Corporation,6,Template,Automated ticket closure - SLA satisfied.,Suppressed / False Positive,OPR-102
CAS-2026-00922,ALT-2026-00975,CSE-002,Apex National Bank,31,Custom Detailed,Airside baggage sorting controller PLC connection reset inspected. Traced to unauthorized dual-homed maintenance laptop; physical port disabled on switch 4A.,Remediated,OPR-113
CAS-2026-00923,ALT-2026-00976,CSE-002,Apex National Bank,7,Template,Automated ticket closure - SLA satisfied.,Suppressed / False Positive,OPR-101
CAS-2026-00924,ALT-2026-00977,CSE-004,Metro Airport Authority,115,Custom Detailed,"Entra ID service principal role elevation detected outside maintenance window. Revoked global admin consent grant, triggered automated credential rotation.",Remediated,OPR-110
CAS-2026-00925,ALT-2026-00978,CSE-004,Metro Airport Authority,62,Custom Detailed,Airside baggage sorting controller PLC connection reset inspected. Traced to unauthorized dual-homed maintenance laptop; physical port disabled on switch 4A.,Remediated,OPR-107
CAS-2026-00926,ALT-2026-00979,CSE-006,Central Metro Rail,159,Custom Detailed,"SCADA RTU dual-homed gateway drop verified. Packet capture confirms unencrypted syslog suppression. Firewall rule AST-FW-SUB-04 revised, management interface locked down.",Remediated,OPR-111
CAS-2026-00927,ALT-2026-00980,CSE-005,Eastern Port Trust,36,Custom Detailed,"Identified anomalous Kerberos ticket request from host 10.24.18.99. Isolated endpoint, extracted memory dump for forensic sandbox, escalated to Tier-3 incident handler.",Remediated,OPR-101
CAS-2026-00928,ALT-2026-00981,CSE-006,Central Metro Rail,36,Custom Detailed,Airside baggage sorting controller PLC connection reset inspected. Traced to unauthorized dual-homed maintenance laptop; physical port disabled on switch 4A.,Remediated,OPR-112
CAS-2026-00929,ALT-2026-00982,CSE-002,Apex National Bank,4,Template,Alert acknowledged. Nominal traffic confirmed. No further action.,Suppressed / False Positive,OPR-109
CAS-2026-00930,ALT-2026-00983,CSE-007,National Highway Authority,35,Template,Alert acknowledged. Nominal traffic confirmed. No further action.,Suppressed / False Positive,OPR-110
CAS-2026-00931,ALT-2026-00984,CSE-007,National Highway Authority,156,Custom Detailed,"Identified anomalous Kerberos ticket request from host 10.24.18.99. Isolated endpoint, extracted memory dump for forensic sandbox, escalated to Tier-3 incident handler.",Remediated,OPR-115
CAS-2026-00932,ALT-2026-00985,CSE-007,National Highway Authority,83,Template,Resolved as per standard SOP - closed.,Suppressed / False Positive,OPR-107
CAS-2026-00933,ALT-2026-00986,CSE-004,Metro Airport Authority,60,Custom Detailed,"Identified anomalous Kerberos ticket request from host 10.24.18.99. Isolated endpoint, extracted memory dump for forensic sandbox, escalated to Tier-3 incident handler.",Remediated,OPR-106
CAS-2026-00934,ALT-2026-00987,CSE-004,Metro Airport Authority,2,Template,Whitelisted per shift supervisor instruction. Ticket closed.,Suppressed / False Positive,OPR-110
CAS-2026-00935,ALT-2026-00989,CSE-003,Bharat Telecom Ltd,149,Custom Detailed,"Entra ID service principal role elevation detected outside maintenance window. Revoked global admin consent grant, triggered automated credential rotation.",Remediated,OPR-113
CAS-2026-00936,ALT-2026-00990,CSE-004,Metro Airport Authority,5,Template,Whitelisted per shift supervisor instruction. Ticket closed.,Suppressed / False Positive,OPR-110
CAS-2026-00937,ALT-2026-00991,CSE-007,National Highway Authority,99,Custom Detailed,Airside baggage sorting controller PLC connection reset inspected. Traced to unauthorized dual-homed maintenance laptop; physical port disabled on switch 4A.,Remediated,OPR-110
CAS-2026-00938,ALT-2026-00994,CSE-002,Apex National Bank,7,Template,Alert acknowledged. Nominal traffic confirmed. No further action.,Suppressed / False Positive,OPR-106
CAS-2026-00939,ALT-2026-00995,CSE-002,Apex National Bank,3,Template,Whitelisted per shift supervisor instruction. Ticket closed.,Suppressed / False Positive,OPR-110
CAS-2026-00940,ALT-2026-00996,CSE-007,National Highway Authority,49,Custom Detailed,"Entra ID service principal role elevation detected outside maintenance window. Revoked global admin consent grant, triggered automated credential rotation.",Remediated,OPR-115
CAS-2026-00941,ALT-2026-00997,CSE-006,Central Metro Rail,157,Custom Detailed,Airside baggage sorting controller PLC connection reset inspected. Traced to unauthorized dual-homed maintenance laptop; physical port disabled on switch 4A.,Remediated,OPR-105
CAS-2026-00942,ALT-2026-00998,CSE-004,Metro Airport Authority,34,Custom Detailed,"Entra ID service principal role elevation detected outside maintenance window. Revoked global admin consent grant, triggered automated credential rotation.",Remediated,OPR-113
CAS-2026-00943,ALT-2026-00999,CSE-007,National Highway Authority,116,Custom Detailed,"Identified anomalous Kerberos ticket request from host 10.24.18.99. Isolated endpoint, extracted memory dump for forensic sandbox, escalated to Tier-3 incident handler.",Remediated,OPR-101
CAS-2026-00944,ALT-2026-01000,CSE-001,National Power Grid Corporation,172,Custom Detailed,"Identified anomalous Kerberos ticket request from host 10.24.18.99. Isolated endpoint, extracted memory dump for forensic sandbox, escalated to Tier-3 incident handler.",Remediated,OPR-108
CAS-2026-00945,ALT-2026-01002,CSE-002,Apex National Bank,78,Custom Detailed,"Identified anomalous Kerberos ticket request from host 10.24.18.99. Isolated endpoint, extracted memory dump for forensic sandbox, escalated to Tier-3 incident handler.",Remediated,OPR-115
CAS-2026-00946,ALT-2026-01003,CSE-007,National Highway Authority,49,Template,Whitelisted per shift supervisor instruction. Ticket closed.,Suppressed / False Positive,OPR-106
CAS-2026-00947,ALT-2026-01004,CSE-006,Central Metro Rail,179,Custom Detailed,"SCADA RTU dual-homed gateway drop verified. Packet capture confirms unencrypted syslog suppression. Firewall rule AST-FW-SUB-04 revised, management interface locked down.",Remediated,OPR-111
CAS-2026-00948,ALT-2026-01005,CSE-004,Metro Airport Authority,87,Custom Detailed,Airside baggage sorting controller PLC connection reset inspected. Traced to unauthorized dual-homed maintenance laptop; physical port disabled on switch 4A.,Remediated,OPR-105
CAS-2026-00949,ALT-2026-01006,CSE-007,National Highway Authority,49,Custom Detailed,"SCADA RTU dual-homed gateway drop verified. Packet capture confirms unencrypted syslog suppression. Firewall rule AST-FW-SUB-04 revised, management interface locked down.",Remediated,OPR-108
CAS-2026-00950,ALT-2026-01007,CSE-001,National Power Grid Corporation,165,Custom Detailed,"SCADA RTU dual-homed gateway drop verified. Packet capture confirms unencrypted syslog suppression. Firewall rule AST-FW-SUB-04 revised, management interface locked down.",Remediated,OPR-114
CAS-2026-00951,ALT-2026-01008,CSE-003,Bharat Telecom Ltd,128,Template,Whitelisted per shift supervisor instruction. Ticket closed.,Suppressed / False Positive,OPR-114
CAS-2026-00952,ALT-2026-01009,CSE-005,Eastern Port Trust,67,Custom Detailed,"Identified anomalous Kerberos ticket request from host 10.24.18.99. Isolated endpoint, extracted memory dump for forensic sandbox, escalated to Tier-3 incident handler.",Remediated,OPR-115
CAS-2026-00953,ALT-2026-01010,CSE-001,National Power Grid Corporation,120,Custom Detailed,Airside baggage sorting controller PLC connection reset inspected. Traced to unauthorized dual-homed maintenance laptop; physical port disabled on switch 4A.,Remediated,OPR-102
CAS-2026-00954,ALT-2026-01011,CSE-005,Eastern Port Trust,99,Custom Detailed,Airside baggage sorting controller PLC connection reset inspected. Traced to unauthorized dual-homed maintenance laptop; physical port disabled on switch 4A.,Remediated,OPR-102
CAS-2026-00955,ALT-2026-01012,CSE-001,National Power Grid Corporation,3,Template,Automated ticket closure - SLA satisfied.,Suppressed / False Positive,OPR-105
CAS-2026-00956,ALT-2026-01013,CSE-005,Eastern Port Trust,39,Custom Detailed,"Identified anomalous Kerberos ticket request from host 10.24.18.99. Isolated endpoint, extracted memory dump for forensic sandbox, escalated to Tier-3 incident handler.",Remediated,OPR-105
CAS-2026-00957,ALT-2026-01014,CSE-002,Apex National Bank,5,Template,Automated ticket closure - SLA satisfied.,Suppressed / False Positive,OPR-102
CAS-2026-00958,ALT-2026-01015,CSE-002,Apex National Bank,4,Template,Alert acknowledged. Nominal traffic confirmed. No further action.,Suppressed / False Positive,OPR-105
CAS-2026-00959,ALT-2026-01016,CSE-006,Central Metro Rail,91,Custom Detailed,"Entra ID service principal role elevation detected outside maintenance window. Revoked global admin consent grant, triggered automated credential rotation.",Remediated,OPR-106
CAS-2026-00960,ALT-2026-01017,CSE-006,Central Metro Rail,115,Custom Detailed,Airside baggage sorting controller PLC connection reset inspected. Traced to unauthorized dual-homed maintenance laptop; physical port disabled on switch 4A.,Remediated,OPR-103
CAS-2026-00961,ALT-2026-01019,CSE-001,National Power Grid Corporation,55,Custom Detailed,"Identified anomalous Kerberos ticket request from host 10.24.18.99. Isolated endpoint, extracted memory dump for forensic sandbox, escalated to Tier-3 incident handler.",Remediated,OPR-113
CAS-2026-00962,ALT-2026-01020,CSE-006,Central Metro Rail,33,Custom Detailed,Airside baggage sorting controller PLC connection reset inspected. Traced to unauthorized dual-homed maintenance laptop; physical port disabled on switch 4A.,Remediated,OPR-105
CAS-2026-00963,ALT-2026-01021,CSE-006,Central Metro Rail,135,Custom Detailed,"SCADA RTU dual-homed gateway drop verified. Packet capture confirms unencrypted syslog suppression. Firewall rule AST-FW-SUB-04 revised, management interface locked down.",Remediated,OPR-111
CAS-2026-00964,ALT-2026-01022,CSE-002,Apex National Bank,79,Custom Detailed,"Identified anomalous Kerberos ticket request from host 10.24.18.99. Isolated endpoint, extracted memory dump for forensic sandbox, escalated to Tier-3 incident handler.",Remediated,OPR-111
CAS-2026-00965,ALT-2026-01023,CSE-001,National Power Grid Corporation,114,Custom Detailed,"Entra ID service principal role elevation detected outside maintenance window. Revoked global admin consent grant, triggered automated credential rotation.",Remediated,OPR-110
CAS-2026-00966,ALT-2026-01024,CSE-004,Metro Airport Authority,8,Template,Whitelisted per shift supervisor instruction. Ticket closed.,Suppressed / False Positive,OPR-102
CAS-2026-00967,ALT-2026-01025,CSE-004,Metro Airport Authority,7,Template,Automated ticket closure - SLA satisfied.,Suppressed / False Positive,OPR-108
CAS-2026-00968,ALT-2026-01026,CSE-006,Central Metro Rail,40,Template,Automated ticket closure - SLA satisfied.,Suppressed / False Positive,OPR-105
CAS-2026-00969,ALT-2026-01027,CSE-007,National Highway Authority,94,Custom Detailed,"Identified anomalous Kerberos ticket request from host 10.24.18.99. Isolated endpoint, extracted memory dump for forensic sandbox, escalated to Tier-3 incident handler.",Remediated,OPR-106
CAS-2026-00970,ALT-2026-01028,CSE-003,Bharat Telecom Ltd,140,Custom Detailed,"SCADA RTU dual-homed gateway drop verified. Packet capture confirms unencrypted syslog suppression. Firewall rule AST-FW-SUB-04 revised, management interface locked down.",Remediated,OPR-115
CAS-2026-00971,ALT-2026-01030,CSE-003,Bharat Telecom Ltd,81,Custom Detailed,"SCADA RTU dual-homed gateway drop verified. Packet capture confirms unencrypted syslog suppression. Firewall rule AST-FW-SUB-04 revised, management interface locked down.",Remediated,OPR-103
CAS-2026-00972,ALT-2026-01031,CSE-004,Metro Airport Authority,6,Template,Automated ticket closure - SLA satisfied.,Suppressed / False Positive,OPR-107
CAS-2026-00973,ALT-2026-01032,CSE-007,National Highway Authority,149,Custom Detailed,"Entra ID service principal role elevation detected outside maintenance window. Revoked global admin consent grant, triggered automated credential rotation.",Remediated,OPR-107
CAS-2026-00974,ALT-2026-01033,CSE-004,Metro Airport Authority,107,Custom Detailed,"SCADA RTU dual-homed gateway drop verified. Packet capture confirms unencrypted syslog suppression. Firewall rule AST-FW-SUB-04 revised, management interface locked down.",Remediated,OPR-110
CAS-2026-00975,ALT-2026-01034,CSE-005,Eastern Port Trust,148,Custom Detailed,"Identified anomalous Kerberos ticket request from host 10.24.18.99. Isolated endpoint, extracted memory dump for forensic sandbox, escalated to Tier-3 incident handler.",Remediated,OPR-108
CAS-2026-00976,ALT-2026-01035,CSE-007,National Highway Authority,174,Template,Whitelisted per shift supervisor instruction. Ticket closed.,Suppressed / False Positive,OPR-112
CAS-2026-00977,ALT-2026-01036,CSE-003,Bharat Telecom Ltd,64,Template,Automated ticket closure - SLA satisfied.,Suppressed / False Positive,OPR-115
CAS-2026-00978,ALT-2026-01037,CSE-006,Central Metro Rail,59,Custom Detailed,"SCADA RTU dual-homed gateway drop verified. Packet capture confirms unencrypted syslog suppression. Firewall rule AST-FW-SUB-04 revised, management interface locked down.",Remediated,OPR-101
CAS-2026-00979,ALT-2026-01038,CSE-002,Apex National Bank,2,Template,Automated ticket closure - SLA satisfied.,Suppressed / False Positive,OPR-108
CAS-2026-00980,ALT-2026-01039,CSE-004,Metro Airport Authority,142,Custom Detailed,"Entra ID service principal role elevation detected outside maintenance window. Revoked global admin consent grant, triggered automated credential rotation.",Remediated,OPR-110
CAS-2026-00981,ALT-2026-01040,CSE-001,National Power Grid Corporation,3,Template,Alert acknowledged. Nominal traffic confirmed. No further action.,Suppressed / False Positive,OPR-112
CAS-2026-00982,ALT-2026-01041,CSE-006,Central Metro Rail,100,Template,Whitelisted per shift supervisor instruction. Ticket closed.,Suppressed / False Positive,OPR-107
CAS-2026-00983,ALT-2026-01042,CSE-006,Central Metro Rail,129,Template,False positive reported by analyst. Closed.,Suppressed / False Positive,OPR-110
CAS-2026-00984,ALT-2026-01044,CSE-002,Apex National Bank,5,Template,False positive reported by analyst. Closed.,Suppressed / False Positive,OPR-102
CAS-2026-00985,ALT-2026-01045,CSE-002,Apex National Bank,130,Template,Whitelisted per shift supervisor instruction. Ticket closed.,Suppressed / False Positive,OPR-115
CAS-2026-00986,ALT-2026-01046,CSE-007,National Highway Authority,63,Custom Detailed,"Entra ID service principal role elevation detected outside maintenance window. Revoked global admin consent grant, triggered automated credential rotation.",Remediated,OPR-106
CAS-2026-00987,ALT-2026-01047,CSE-005,Eastern Port Trust,57,Custom Detailed,"Identified anomalous Kerberos ticket request from host 10.24.18.99. Isolated endpoint, extracted memory dump for forensic sandbox, escalated to Tier-3 incident handler.",Remediated,OPR-115
CAS-2026-00988,ALT-2026-01048,CSE-006,Central Metro Rail,74,Custom Detailed,"Identified anomalous Kerberos ticket request from host 10.24.18.99. Isolated endpoint, extracted memory dump for forensic sandbox, escalated to Tier-3 incident handler.",Remediated,OPR-115
CAS-2026-00989,ALT-2026-01049,CSE-004,Metro Airport Authority,2,Template,Resolved as per standard SOP - closed.,Suppressed / False Positive,OPR-102
CAS-2026-00990,ALT-2026-01050,CSE-004,Metro Airport Authority,176,Template,Alert acknowledged. Nominal traffic confirmed. No further action.,Suppressed / False Positive,OPR-104
CAS-2026-00991,ALT-2026-01051,CSE-002,Apex National Bank,5,Template,Alert acknowledged. Nominal traffic confirmed. No further action.,Suppressed / False Positive,OPR-113
CAS-2026-00992,ALT-2026-01052,CSE-007,National Highway Authority,31,Template,Alert acknowledged. Nominal traffic confirmed. No further action.,Suppressed / False Positive,OPR-113
CAS-2026-00993,ALT-2026-01053,CSE-004,Metro Airport Authority,5,Template,False positive reported by analyst. Closed.,Suppressed / False Positive,OPR-114
CAS-2026-00994,ALT-2026-01054,CSE-002,Apex National Bank,8,Template,Alert acknowledged. Nominal traffic confirmed. No further action.,Suppressed / False Positive,OPR-108
CAS-2026-00995,ALT-2026-01055,CSE-004,Metro Airport Authority,157,Custom Detailed,"Identified anomalous Kerberos ticket request from host 10.24.18.99. Isolated endpoint, extracted memory dump for forensic sandbox, escalated to Tier-3 incident handler.",Remediated,OPR-101
CAS-2026-00996,ALT-2026-01056,CSE-005,Eastern Port Trust,47,Custom Detailed,"Entra ID service principal role elevation detected outside maintenance window. Revoked global admin consent grant, triggered automated credential rotation.",Remediated,OPR-105
CAS-2026-00997,ALT-2026-01058,CSE-005,Eastern Port Trust,65,Custom Detailed,"Identified anomalous Kerberos ticket request from host 10.24.18.99. Isolated endpoint, extracted memory dump for forensic sandbox, escalated to Tier-3 incident handler.",Remediated,OPR-109
CAS-2026-00998,ALT-2026-01059,CSE-007,National Highway Authority,118,Custom Detailed,"Identified anomalous Kerberos ticket request from host 10.24.18.99. Isolated endpoint, extracted memory dump for forensic sandbox, escalated to Tier-3 incident handler.",Remediated,OPR-107
CAS-2026-00999,ALT-2026-01061,CSE-004,Metro Airport Authority,2,Template,Alert acknowledged. Nominal traffic confirmed. No further action.,Suppressed / False Positive,OPR-101
CAS-2026-01000,ALT-2026-01062,CSE-007,National Highway Authority,126,Template,Automated ticket closure - SLA satisfied.,Suppressed / False Positive,OPR-103
CAS-2026-01001,ALT-2026-01063,CSE-004,Metro Airport Authority,4,Template,False positive reported by analyst. Closed.,Suppressed / False Positive,OPR-104
CAS-2026-01002,ALT-2026-01064,CSE-003,Bharat Telecom Ltd,33,Custom Detailed,"Identified anomalous Kerberos ticket request from host 10.24.18.99. Isolated endpoint, extracted memory dump for forensic sandbox, escalated to Tier-3 incident handler.",Remediated,OPR-104
CAS-2026-01003,ALT-2026-01065,CSE-007,National Highway Authority,104,Template,Alert acknowledged. Nominal traffic confirmed. No further action.,Suppressed / False Positive,OPR-110
CAS-2026-01004,ALT-2026-01066,CSE-004,Metro Airport Authority,5,Template,Alert acknowledged. Nominal traffic confirmed. No further action.,Suppressed / False Positive,OPR-112
CAS-2026-01005,ALT-2026-01067,CSE-007,National Highway Authority,164,Custom Detailed,"SCADA RTU dual-homed gateway drop verified. Packet capture confirms unencrypted syslog suppression. Firewall rule AST-FW-SUB-04 revised, management interface locked down.",Remediated,OPR-106
CAS-2026-01006,ALT-2026-01068,CSE-006,Central Metro Rail,50,Custom Detailed,"Entra ID service principal role elevation detected outside maintenance window. Revoked global admin consent grant, triggered automated credential rotation.",Remediated,OPR-115
CAS-2026-01007,ALT-2026-01069,CSE-002,Apex National Bank,39,Template,Alert acknowledged. Nominal traffic confirmed. No further action.,Suppressed / False Positive,OPR-112
CAS-2026-01008,ALT-2026-01070,CSE-004,Metro Airport Authority,51,Custom Detailed,"Entra ID service principal role elevation detected outside maintenance window. Revoked global admin consent grant, triggered automated credential rotation.",Remediated,OPR-105
CAS-2026-01009,ALT-2026-01071,CSE-007,National Highway Authority,77,Custom Detailed,Airside baggage sorting controller PLC connection reset inspected. Traced to unauthorized dual-homed maintenance laptop; physical port disabled on switch 4A.,Remediated,OPR-107
CAS-2026-01010,ALT-2026-01072,CSE-005,Eastern Port Trust,97,Custom Detailed,"Entra ID service principal role elevation detected outside maintenance window. Revoked global admin consent grant, triggered automated credential rotation.",Remediated,OPR-104
CAS-2026-01011,ALT-2026-01073,CSE-007,National Highway Authority,57,Custom Detailed,"Identified anomalous Kerberos ticket request from host 10.24.18.99. Isolated endpoint, extracted memory dump for forensic sandbox, escalated to Tier-3 incident handler.",Remediated,OPR-107
CAS-2026-01012,ALT-2026-01074,CSE-006,Central Metro Rail,127,Custom Detailed,"SCADA RTU dual-homed gateway drop verified. Packet capture confirms unencrypted syslog suppression. Firewall rule AST-FW-SUB-04 revised, management interface locked down.",Remediated,OPR-112
CAS-2026-01013,ALT-2026-01075,CSE-002,Apex National Bank,4,Template,False positive reported by analyst. Closed.,Suppressed / False Positive,OPR-110
CAS-2026-01014,ALT-2026-01076,CSE-004,Metro Airport Authority,2,Template,False positive reported by analyst. Closed.,Suppressed / False Positive,OPR-105
CAS-2026-01015,ALT-2026-01077,CSE-005,Eastern Port Trust,39,Custom Detailed,Airside baggage sorting controller PLC connection reset inspected. Traced to unauthorized dual-homed maintenance laptop; physical port disabled on switch 4A.,Remediated,OPR-108
CAS-2026-01016,ALT-2026-01078,CSE-006,Central Metro Rail,46,Custom Detailed,"Entra ID service principal role elevation detected outside maintenance window. Revoked global admin consent grant, triggered automated credential rotation.",Remediated,OPR-103
CAS-2026-01017,ALT-2026-01079,CSE-003,Bharat Telecom Ltd,59,Custom Detailed,"SCADA RTU dual-homed gateway drop verified. Packet capture confirms unencrypted syslog suppression. Firewall rule AST-FW-SUB-04 revised, management interface locked down.",Remediated,OPR-101
CAS-2026-01018,ALT-2026-01080,CSE-002,Apex National Bank,95,Custom Detailed,"Entra ID service principal role elevation detected outside maintenance window. Revoked global admin consent grant, triggered automated credential rotation.",Remediated,OPR-111
CAS-2026-01019,ALT-2026-01081,CSE-007,National Highway Authority,160,Template,Resolved as per standard SOP - closed.,Suppressed / False Positive,OPR-104
CAS-2026-01020,ALT-2026-01082,CSE-002,Apex National Bank,3,Template,Whitelisted per shift supervisor instruction. Ticket closed.,Suppressed / False Positive,OPR-106
CAS-2026-01021,ALT-2026-01083,CSE-005,Eastern Port Trust,71,Custom Detailed,"Identified anomalous Kerberos ticket request from host 10.24.18.99. Isolated endpoint, extracted memory dump for forensic sandbox, escalated to Tier-3 incident handler.",Remediated,OPR-101
CAS-2026-01022,ALT-2026-01084,CSE-003,Bharat Telecom Ltd,85,Custom Detailed,"Entra ID service principal role elevation detected outside maintenance window. Revoked global admin consent grant, triggered automated credential rotation.",Remediated,OPR-114
CAS-2026-01023,ALT-2026-01085,CSE-005,Eastern Port Trust,174,Template,Alert acknowledged. Nominal traffic confirmed. No further action.,Suppressed / False Positive,OPR-110
CAS-2026-01024,ALT-2026-01086,CSE-006,Central Metro Rail,111,Custom Detailed,Airside baggage sorting controller PLC connection reset inspected. Traced to unauthorized dual-homed maintenance laptop; physical port disabled on switch 4A.,Remediated,OPR-104
CAS-2026-01025,ALT-2026-01087,CSE-007,National Highway Authority,110,Custom Detailed,Airside baggage sorting controller PLC connection reset inspected. Traced to unauthorized dual-homed maintenance laptop; physical port disabled on switch 4A.,Remediated,OPR-102
CAS-2026-01026,ALT-2026-01088,CSE-006,Central Metro Rail,153,Custom Detailed,"Entra ID service principal role elevation detected outside maintenance window. Revoked global admin consent grant, triggered automated credential rotation.",Remediated,OPR-104
CAS-2026-01027,ALT-2026-01089,CSE-004,Metro Airport Authority,96,Custom Detailed,"SCADA RTU dual-homed gateway drop verified. Packet capture confirms unencrypted syslog suppression. Firewall rule AST-FW-SUB-04 revised, management interface locked down.",Remediated,OPR-106
CAS-2026-01028,ALT-2026-01090,CSE-003,Bharat Telecom Ltd,76,Custom Detailed,"SCADA RTU dual-homed gateway drop verified. Packet capture confirms unencrypted syslog suppression. Firewall rule AST-FW-SUB-04 revised, management interface locked down.",Remediated,OPR-101
CAS-2026-01029,ALT-2026-01091,CSE-002,Apex National Bank,72,Custom Detailed,"Identified anomalous Kerberos ticket request from host 10.24.18.99. Isolated endpoint, extracted memory dump for forensic sandbox, escalated to Tier-3 incident handler.",Remediated,OPR-103
CAS-2026-01030,ALT-2026-01093,CSE-003,Bharat Telecom Ltd,134,Template,Automated ticket closure - SLA satisfied.,Suppressed / False Positive,OPR-108
CAS-2026-01031,ALT-2026-01094,CSE-006,Central Metro Rail,68,Custom Detailed,"Identified anomalous Kerberos ticket request from host 10.24.18.99. Isolated endpoint, extracted memory dump for forensic sandbox, escalated to Tier-3 incident handler.",Remediated,OPR-110
CAS-2026-01032,ALT-2026-01095,CSE-005,Eastern Port Trust,54,Custom Detailed,"Entra ID service principal role elevation detected outside maintenance window. Revoked global admin consent grant, triggered automated credential rotation.",Remediated,OPR-105
CAS-2026-01033,ALT-2026-01096,CSE-004,Metro Airport Authority,8,Template,Whitelisted per shift supervisor instruction. Ticket closed.,Suppressed / False Positive,OPR-103
CAS-2026-01034,ALT-2026-01097,CSE-001,National Power Grid Corporation,6,Template,False positive reported by analyst. Closed.,Suppressed / False Positive,OPR-102
CAS-2026-01035,ALT-2026-01098,CSE-003,Bharat Telecom Ltd,57,Custom Detailed,"Entra ID service principal role elevation detected outside maintenance window. Revoked global admin consent grant, triggered automated credential rotation.",Remediated,OPR-111
CAS-2026-01036,ALT-2026-01099,CSE-003,Bharat Telecom Ltd,31,Custom Detailed,"SCADA RTU dual-homed gateway drop verified. Packet capture confirms unencrypted syslog suppression. Firewall rule AST-FW-SUB-04 revised, management interface locked down.",Remediated,OPR-114
CAS-2026-01037,ALT-2026-01100,CSE-007,National Highway Authority,146,Custom Detailed,"SCADA RTU dual-homed gateway drop verified. Packet capture confirms unencrypted syslog suppression. Firewall rule AST-FW-SUB-04 revised, management interface locked down.",Remediated,OPR-115
CAS-2026-01038,ALT-2026-01102,CSE-007,National Highway Authority,113,Template,Resolved as per standard SOP - closed.,Suppressed / False Positive,OPR-109
CAS-2026-01039,ALT-2026-01103,CSE-003,Bharat Telecom Ltd,163,Custom Detailed,"Identified anomalous Kerberos ticket request from host 10.24.18.99. Isolated endpoint, extracted memory dump for forensic sandbox, escalated to Tier-3 incident handler.",Remediated,OPR-104
CAS-2026-01040,ALT-2026-01104,CSE-007,National Highway Authority,86,Template,Automated ticket closure - SLA satisfied.,Suppressed / False Positive,OPR-104
CAS-2026-01041,ALT-2026-01105,CSE-003,Bharat Telecom Ltd,162,Template,Resolved as per standard SOP - closed.,Suppressed / False Positive,OPR-112
CAS-2026-01042,ALT-2026-01106,CSE-002,Apex National Bank,127,Custom Detailed,"Entra ID service principal role elevation detected outside maintenance window. Revoked global admin consent grant, triggered automated credential rotation.",Remediated,OPR-110
CAS-2026-01043,ALT-2026-01107,CSE-002,Apex National Bank,130,Custom Detailed,Airside baggage sorting controller PLC connection reset inspected. Traced to unauthorized dual-homed maintenance laptop; physical port disabled on switch 4A.,Remediated,OPR-106
CAS-2026-01044,ALT-2026-01108,CSE-005,Eastern Port Trust,113,Custom Detailed,Airside baggage sorting controller PLC connection reset inspected. Traced to unauthorized dual-homed maintenance laptop; physical port disabled on switch 4A.,Remediated,OPR-111
CAS-2026-01045,ALT-2026-01109,CSE-004,Metro Airport Authority,155,Custom Detailed,Airside baggage sorting controller PLC connection reset inspected. Traced to unauthorized dual-homed maintenance laptop; physical port disabled on switch 4A.,Remediated,OPR-107
CAS-2026-01046,ALT-2026-01110,CSE-006,Central Metro Rail,96,Custom Detailed,"Entra ID service principal role elevation detected outside maintenance window. Revoked global admin consent grant, triggered automated credential rotation.",Remediated,OPR-106
CAS-2026-01047,ALT-2026-01111,CSE-004,Metro Airport Authority,5,Template,Whitelisted per shift supervisor instruction. Ticket closed.,Suppressed / False Positive,OPR-104
CAS-2026-01048,ALT-2026-01112,CSE-003,Bharat Telecom Ltd,114,Custom Detailed,"Identified anomalous Kerberos ticket request from host 10.24.18.99. Isolated endpoint, extracted memory dump for forensic sandbox, escalated to Tier-3 incident handler.",Remediated,OPR-110
CAS-2026-01049,ALT-2026-01113,CSE-005,Eastern Port Trust,42,Custom Detailed,"Identified anomalous Kerberos ticket request from host 10.24.18.99. Isolated endpoint, extracted memory dump for forensic sandbox, escalated to Tier-3 incident handler.",Remediated,OPR-104
CAS-2026-01050,ALT-2026-01114,CSE-003,Bharat Telecom Ltd,114,Custom Detailed,"Entra ID service principal role elevation detected outside maintenance window. Revoked global admin consent grant, triggered automated credential rotation.",Remediated,OPR-104
CAS-2026-01051,ALT-2026-01116,CSE-002,Apex National Bank,126,Custom Detailed,"Identified anomalous Kerberos ticket request from host 10.24.18.99. Isolated endpoint, extracted memory dump for forensic sandbox, escalated to Tier-3 incident handler.",Remediated,OPR-107
CAS-2026-01052,ALT-2026-01117,CSE-002,Apex National Bank,35,Template,Automated ticket closure - SLA satisfied.,Suppressed / False Positive,OPR-112
CAS-2026-01053,ALT-2026-01118,CSE-007,National Highway Authority,112,Custom Detailed,"Entra ID service principal role elevation detected outside maintenance window. Revoked global admin consent grant, triggered automated credential rotation.",Remediated,OPR-109
CAS-2026-01054,ALT-2026-01119,CSE-006,Central Metro Rail,104,Custom Detailed,Airside baggage sorting controller PLC connection reset inspected. Traced to unauthorized dual-homed maintenance laptop; physical port disabled on switch 4A.,Remediated,OPR-102
CAS-2026-01055,ALT-2026-01120,CSE-002,Apex National Bank,157,Custom Detailed,"Identified anomalous Kerberos ticket request from host 10.24.18.99. Isolated endpoint, extracted memory dump for forensic sandbox, escalated to Tier-3 incident handler.",Remediated,OPR-107
CAS-2026-01056,ALT-2026-01121,CSE-003,Bharat Telecom Ltd,144,Custom Detailed,"SCADA RTU dual-homed gateway drop verified. Packet capture confirms unencrypted syslog suppression. Firewall rule AST-FW-SUB-04 revised, management interface locked down.",Remediated,OPR-108
CAS-2026-01057,ALT-2026-01122,CSE-005,Eastern Port Trust,83,Custom Detailed,"SCADA RTU dual-homed gateway drop verified. Packet capture confirms unencrypted syslog suppression. Firewall rule AST-FW-SUB-04 revised, management interface locked down.",Remediated,OPR-110
CAS-2026-01058,ALT-2026-01123,CSE-002,Apex National Bank,94,Custom Detailed,Airside baggage sorting controller PLC connection reset inspected. Traced to unauthorized dual-homed maintenance laptop; physical port disabled on switch 4A.,Remediated,OPR-105
CAS-2026-01059,ALT-2026-01124,CSE-006,Central Metro Rail,173,Custom Detailed,"SCADA RTU dual-homed gateway drop verified. Packet capture confirms unencrypted syslog suppression. Firewall rule AST-FW-SUB-04 revised, management interface locked down.",Remediated,OPR-109
CAS-2026-01060,ALT-2026-01125,CSE-004,Metro Airport Authority,56,Custom Detailed,"Identified anomalous Kerberos ticket request from host 10.24.18.99. Isolated endpoint, extracted memory dump for forensic sandbox, escalated to Tier-3 incident handler.",Remediated,OPR-112
CAS-2026-01061,ALT-2026-01126,CSE-001,National Power Grid Corporation,3,Template,Resolved as per standard SOP - closed.,Suppressed / False Positive,OPR-108
CAS-2026-01062,ALT-2026-01127,CSE-007,National Highway Authority,132,Custom Detailed,Airside baggage sorting controller PLC connection reset inspected. Traced to unauthorized dual-homed maintenance laptop; physical port disabled on switch 4A.,Remediated,OPR-105
CAS-2026-01063,ALT-2026-01128,CSE-001,National Power Grid Corporation,66,Custom Detailed,"SCADA RTU dual-homed gateway drop verified. Packet capture confirms unencrypted syslog suppression. Firewall rule AST-FW-SUB-04 revised, management interface locked down.",Remediated,OPR-109
CAS-2026-01064,ALT-2026-01129,CSE-006,Central Metro Rail,64,Custom Detailed,"Entra ID service principal role elevation detected outside maintenance window. Revoked global admin consent grant, triggered automated credential rotation.",Remediated,OPR-109
CAS-2026-01065,ALT-2026-01130,CSE-006,Central Metro Rail,109,Custom Detailed,"Identified anomalous Kerberos ticket request from host 10.24.18.99. Isolated endpoint, extracted memory dump for forensic sandbox, escalated to Tier-3 incident handler.",Remediated,OPR-104
CAS-2026-01066,ALT-2026-01131,CSE-002,Apex National Bank,5,Template,False positive reported by analyst. Closed.,Suppressed / False Positive,OPR-103
CAS-2026-01067,ALT-2026-01132,CSE-001,National Power Grid Corporation,4,Template,Alert acknowledged. Nominal traffic confirmed. No further action.,Suppressed / False Positive,OPR-114
CAS-2026-01068,ALT-2026-01133,CSE-007,National Highway Authority,49,Custom Detailed,"SCADA RTU dual-homed gateway drop verified. Packet capture confirms unencrypted syslog suppression. Firewall rule AST-FW-SUB-04 revised, management interface locked down.",Remediated,OPR-103
CAS-2026-01069,ALT-2026-01134,CSE-001,National Power Grid Corporation,8,Template,Alert acknowledged. Nominal traffic confirmed. No further action.,Suppressed / False Positive,OPR-110
CAS-2026-01070,ALT-2026-01135,CSE-006,Central Metro Rail,83,Custom Detailed,Airside baggage sorting controller PLC connection reset inspected. Traced to unauthorized dual-homed maintenance laptop; physical port disabled on switch 4A.,Remediated,OPR-101
CAS-2026-01071,ALT-2026-01136,CSE-007,National Highway Authority,65,Custom Detailed,"Identified anomalous Kerberos ticket request from host 10.24.18.99. Isolated endpoint, extracted memory dump for forensic sandbox, escalated to Tier-3 incident handler.",Remediated,OPR-113
CAS-2026-01072,ALT-2026-01137,CSE-004,Metro Airport Authority,3,Template,Resolved as per standard SOP - closed.,Suppressed / False Positive,OPR-107
CAS-2026-01073,ALT-2026-01138,CSE-004,Metro Airport Authority,6,Template,Whitelisted per shift supervisor instruction. Ticket closed.,Suppressed / False Positive,OPR-115
CAS-2026-01074,ALT-2026-01139,CSE-005,Eastern Port Trust,60,Custom Detailed,"Entra ID service principal role elevation detected outside maintenance window. Revoked global admin consent grant, triggered automated credential rotation.",Remediated,OPR-115
CAS-2026-01075,ALT-2026-01140,CSE-004,Metro Airport Authority,84,Custom Detailed,Airside baggage sorting controller PLC connection reset inspected. Traced to unauthorized dual-homed maintenance laptop; physical port disabled on switch 4A.,Remediated,OPR-109
CAS-2026-01076,ALT-2026-01141,CSE-002,Apex National Bank,3,Template,False positive reported by analyst. Closed.,Suppressed / False Positive,OPR-110
CAS-2026-01077,ALT-2026-01142,CSE-003,Bharat Telecom Ltd,100,Custom Detailed,"Identified anomalous Kerberos ticket request from host 10.24.18.99. Isolated endpoint, extracted memory dump for forensic sandbox, escalated to Tier-3 incident handler.",Remediated,OPR-108
CAS-2026-01078,ALT-2026-01143,CSE-004,Metro Airport Authority,8,Template,False positive reported by analyst. Closed.,Suppressed / False Positive,OPR-114
CAS-2026-01079,ALT-2026-01144,CSE-006,Central Metro Rail,39,Custom Detailed,"Identified anomalous Kerberos ticket request from host 10.24.18.99. Isolated endpoint, extracted memory dump for forensic sandbox, escalated to Tier-3 incident handler.",Remediated,OPR-101
CAS-2026-01080,ALT-2026-01145,CSE-005,Eastern Port Trust,44,Template,Resolved as per standard SOP - closed.,Suppressed / False Positive,OPR-111
CAS-2026-01081,ALT-2026-01146,CSE-006,Central Metro Rail,111,Custom Detailed,"Entra ID service principal role elevation detected outside maintenance window. Revoked global admin consent grant, triggered automated credential rotation.",Remediated,OPR-103
CAS-2026-01082,ALT-2026-01147,CSE-005,Eastern Port Trust,46,Custom Detailed,"Identified anomalous Kerberos ticket request from host 10.24.18.99. Isolated endpoint, extracted memory dump for forensic sandbox, escalated to Tier-3 incident handler.",Remediated,OPR-114
CAS-2026-01083,ALT-2026-01148,CSE-007,National Highway Authority,134,Template,False positive reported by analyst. Closed.,Suppressed / False Positive,OPR-111
CAS-2026-01084,ALT-2026-01149,CSE-006,Central Metro Rail,174,Custom Detailed,"Identified anomalous Kerberos ticket request from host 10.24.18.99. Isolated endpoint, extracted memory dump for forensic sandbox, escalated to Tier-3 incident handler.",Remediated,OPR-102
CAS-2026-01085,ALT-2026-01150,CSE-001,National Power Grid Corporation,8,Template,Resolved as per standard SOP - closed.,Suppressed / False Positive,OPR-113
CAS-2026-01086,ALT-2026-01151,CSE-001,National Power Grid Corporation,4,Template,Alert acknowledged. Nominal traffic confirmed. No further action.,Suppressed / False Positive,OPR-111
CAS-2026-01087,ALT-2026-01152,CSE-007,National Highway Authority,174,Custom Detailed,"SCADA RTU dual-homed gateway drop verified. Packet capture confirms unencrypted syslog suppression. Firewall rule AST-FW-SUB-04 revised, management interface locked down.",Remediated,OPR-107
CAS-2026-01088,ALT-2026-01153,CSE-002,Apex National Bank,7,Template,Whitelisted per shift supervisor instruction. Ticket closed.,Suppressed / False Positive,OPR-105
CAS-2026-01089,ALT-2026-01154,CSE-001,National Power Grid Corporation,5,Template,False positive reported by analyst. Closed.,Suppressed / False Positive,OPR-111
CAS-2026-01090,ALT-2026-01155,CSE-007,National Highway Authority,103,Custom Detailed,"Entra ID service principal role elevation detected outside maintenance window. Revoked global admin consent grant, triggered automated credential rotation.",Remediated,OPR-106
CAS-2026-01091,ALT-2026-01156,CSE-006,Central Metro Rail,38,Custom Detailed,"Entra ID service principal role elevation detected outside maintenance window. Revoked global admin consent grant, triggered automated credential rotation.",Remediated,OPR-109
CAS-2026-01092,ALT-2026-01157,CSE-006,Central Metro Rail,112,Custom Detailed,"Identified anomalous Kerberos ticket request from host 10.24.18.99. Isolated endpoint, extracted memory dump for forensic sandbox, escalated to Tier-3 incident handler.",Remediated,OPR-102
CAS-2026-01093,ALT-2026-01158,CSE-006,Central Metro Rail,108,Custom Detailed,"Entra ID service principal role elevation detected outside maintenance window. Revoked global admin consent grant, triggered automated credential rotation.",Remediated,OPR-108
CAS-2026-01094,ALT-2026-01159,CSE-005,Eastern Port Trust,94,Custom Detailed,"SCADA RTU dual-homed gateway drop verified. Packet capture confirms unencrypted syslog suppression. Firewall rule AST-FW-SUB-04 revised, management interface locked down.",Remediated,OPR-106
CAS-2026-01095,ALT-2026-01160,CSE-005,Eastern Port Trust,137,Custom Detailed,"Identified anomalous Kerberos ticket request from host 10.24.18.99. Isolated endpoint, extracted memory dump for forensic sandbox, escalated to Tier-3 incident handler.",Remediated,OPR-113
CAS-2026-01096,ALT-2026-01161,CSE-003,Bharat Telecom Ltd,175,Custom Detailed,"SCADA RTU dual-homed gateway drop verified. Packet capture confirms unencrypted syslog suppression. Firewall rule AST-FW-SUB-04 revised, management interface locked down.",Remediated,OPR-103
CAS-2026-01097,ALT-2026-01162,CSE-006,Central Metro Rail,147,Custom Detailed,"SCADA RTU dual-homed gateway drop verified. Packet capture confirms unencrypted syslog suppression. Firewall rule AST-FW-SUB-04 revised, management interface locked down.",Remediated,OPR-111
CAS-2026-01098,ALT-2026-01163,CSE-002,Apex National Bank,5,Template,Alert acknowledged. Nominal traffic confirmed. No further action.,Suppressed / False Positive,OPR-112
CAS-2026-01099,ALT-2026-01164,CSE-002,Apex National Bank,2,Template,Whitelisted per shift supervisor instruction. Ticket closed.,Suppressed / False Positive,OPR-109
CAS-2026-01100,ALT-2026-01165,CSE-006,Central Metro Rail,129,Custom Detailed,"Identified anomalous Kerberos ticket request from host 10.24.18.99. Isolated endpoint, extracted memory dump for forensic sandbox, escalated to Tier-3 incident handler.",Remediated,OPR-106
CAS-2026-01101,ALT-2026-01166,CSE-007,National Highway Authority,166,Custom Detailed,Airside baggage sorting controller PLC connection reset inspected. Traced to unauthorized dual-homed maintenance laptop; physical port disabled on switch 4A.,Remediated,OPR-106
CAS-2026-01102,ALT-2026-01167,CSE-004,Metro Airport Authority,8,Template,Alert acknowledged. Nominal traffic confirmed. No further action.,Suppressed / False Positive,OPR-106
CAS-2026-01103,ALT-2026-01168,CSE-003,Bharat Telecom Ltd,65,Custom Detailed,"SCADA RTU dual-homed gateway drop verified. Packet capture confirms unencrypted syslog suppression. Firewall rule AST-FW-SUB-04 revised, management interface locked down.",Remediated,OPR-104
CAS-2026-01104,ALT-2026-01169,CSE-001,National Power Grid Corporation,5,Template,Alert acknowledged. Nominal traffic confirmed. No further action.,Suppressed / False Positive,OPR-105
CAS-2026-01105,ALT-2026-01172,CSE-004,Metro Airport Authority,145,Custom Detailed,"Identified anomalous Kerberos ticket request from host 10.24.18.99. Isolated endpoint, extracted memory dump for forensic sandbox, escalated to Tier-3 incident handler.",Remediated,OPR-106
CAS-2026-01106,ALT-2026-01173,CSE-007,National Highway Authority,50,Custom Detailed,Airside baggage sorting controller PLC connection reset inspected. Traced to unauthorized dual-homed maintenance laptop; physical port disabled on switch 4A.,Remediated,OPR-101
CAS-2026-01107,ALT-2026-01174,CSE-003,Bharat Telecom Ltd,42,Custom Detailed,Airside baggage sorting controller PLC connection reset inspected. Traced to unauthorized dual-homed maintenance laptop; physical port disabled on switch 4A.,Remediated,OPR-105
CAS-2026-01108,ALT-2026-01175,CSE-001,National Power Grid Corporation,4,Template,Whitelisted per shift supervisor instruction. Ticket closed.,Suppressed / False Positive,OPR-106
CAS-2026-01109,ALT-2026-01176,CSE-006,Central Metro Rail,39,Custom Detailed,"Entra ID service principal role elevation detected outside maintenance window. Revoked global admin consent grant, triggered automated credential rotation.",Remediated,OPR-102
CAS-2026-01110,ALT-2026-01177,CSE-003,Bharat Telecom Ltd,156,Custom Detailed,"SCADA RTU dual-homed gateway drop verified. Packet capture confirms unencrypted syslog suppression. Firewall rule AST-FW-SUB-04 revised, management interface locked down.",Remediated,OPR-115
CAS-2026-01111,ALT-2026-01178,CSE-003,Bharat Telecom Ltd,49,Custom Detailed,"Identified anomalous Kerberos ticket request from host 10.24.18.99. Isolated endpoint, extracted memory dump for forensic sandbox, escalated to Tier-3 incident handler.",Remediated,OPR-106
CAS-2026-01112,ALT-2026-01179,CSE-001,National Power Grid Corporation,4,Template,Resolved as per standard SOP - closed.,Suppressed / False Positive,OPR-112
CAS-2026-01113,ALT-2026-01181,CSE-007,National Highway Authority,125,Custom Detailed,"Identified anomalous Kerberos ticket request from host 10.24.18.99. Isolated endpoint, extracted memory dump for forensic sandbox, escalated to Tier-3 incident handler.",Remediated,OPR-108
CAS-2026-01114,ALT-2026-01182,CSE-002,Apex National Bank,6,Template,Resolved as per standard SOP - closed.,Suppressed / False Positive,OPR-115
CAS-2026-01115,ALT-2026-01183,CSE-002,Apex National Bank,7,Template,Automated ticket closure - SLA satisfied.,Suppressed / False Positive,OPR-105
CAS-2026-01116,ALT-2026-01184,CSE-003,Bharat Telecom Ltd,103,Template,Resolved as per standard SOP - closed.,Suppressed / False Positive,OPR-112
CAS-2026-01117,ALT-2026-01185,CSE-005,Eastern Port Trust,117,Custom Detailed,"Identified anomalous Kerberos ticket request from host 10.24.18.99. Isolated endpoint, extracted memory dump for forensic sandbox, escalated to Tier-3 incident handler.",Remediated,OPR-106
CAS-2026-01118,ALT-2026-01186,CSE-003,Bharat Telecom Ltd,95,Custom Detailed,Airside baggage sorting controller PLC connection reset inspected. Traced to unauthorized dual-homed maintenance laptop; physical port disabled on switch 4A.,Remediated,OPR-101
CAS-2026-01119,ALT-2026-01187,CSE-006,Central Metro Rail,124,Template,False positive reported by analyst. Closed.,Suppressed / False Positive,OPR-105
CAS-2026-01120,ALT-2026-01188,CSE-007,National Highway Authority,136,Custom Detailed,Airside baggage sorting controller PLC connection reset inspected. Traced to unauthorized dual-homed maintenance laptop; physical port disabled on switch 4A.,Remediated,OPR-113
CAS-2026-01121,ALT-2026-01189,CSE-003,Bharat Telecom Ltd,54,Template,Resolved as per standard SOP - closed.,Suppressed / False Positive,OPR-104
CAS-2026-01122,ALT-2026-01190,CSE-002,Apex National Bank,170,Custom Detailed,Airside baggage sorting controller PLC connection reset inspected. Traced to unauthorized dual-homed maintenance laptop; physical port disabled on switch 4A.,Remediated,OPR-106
CAS-2026-01123,ALT-2026-01191,CSE-007,National Highway Authority,158,Custom Detailed,"Entra ID service principal role elevation detected outside maintenance window. Revoked global admin consent grant, triggered automated credential rotation.",Remediated,OPR-109
CAS-2026-01124,ALT-2026-01192,CSE-004,Metro Airport Authority,8,Template,Alert acknowledged. Nominal traffic confirmed. No further action.,Suppressed / False Positive,OPR-107
CAS-2026-01125,ALT-2026-01193,CSE-003,Bharat Telecom Ltd,178,Custom Detailed,Airside baggage sorting controller PLC connection reset inspected. Traced to unauthorized dual-homed maintenance laptop; physical port disabled on switch 4A.,Remediated,OPR-107
CAS-2026-01126,ALT-2026-01194,CSE-004,Metro Airport Authority,176,Custom Detailed,"Identified anomalous Kerberos ticket request from host 10.24.18.99. Isolated endpoint, extracted memory dump for forensic sandbox, escalated to Tier-3 incident handler.",Remediated,OPR-107
CAS-2026-01127,ALT-2026-01195,CSE-001,National Power Grid Corporation,129,Custom Detailed,"Identified anomalous Kerberos ticket request from host 10.24.18.99. Isolated endpoint, extracted memory dump for forensic sandbox, escalated to Tier-3 incident handler.",Remediated,OPR-109
CAS-2026-01128,ALT-2026-01196,CSE-007,National Highway Authority,112,Custom Detailed,"SCADA RTU dual-homed gateway drop verified. Packet capture confirms unencrypted syslog suppression. Firewall rule AST-FW-SUB-04 revised, management interface locked down.",Remediated,OPR-105
CAS-2026-01129,ALT-2026-01197,CSE-001,National Power Grid Corporation,148,Custom Detailed,"SCADA RTU dual-homed gateway drop verified. Packet capture confirms unencrypted syslog suppression. Firewall rule AST-FW-SUB-04 revised, management interface locked down.",Remediated,OPR-111
CAS-2026-01130,ALT-2026-01198,CSE-001,National Power Grid Corporation,31,Custom Detailed,"Identified anomalous Kerberos ticket request from host 10.24.18.99. Isolated endpoint, extracted memory dump for forensic sandbox, escalated to Tier-3 incident handler.",Remediated,OPR-101
CAS-2026-01131,ALT-2026-01199,CSE-006,Central Metro Rail,166,Custom Detailed,"Identified anomalous Kerberos ticket request from host 10.24.18.99. Isolated endpoint, extracted memory dump for forensic sandbox, escalated to Tier-3 incident handler.",Remediated,OPR-101
CAS-2026-01132,ALT-2026-01200,CSE-004,Metro Airport Authority,160,Custom Detailed,Airside baggage sorting controller PLC connection reset inspected. Traced to unauthorized dual-homed maintenance laptop; physical port disabled on switch 4A.,Remediated,OPR-111
CAS-2026-01133,ALT-2026-01201,CSE-004,Metro Airport Authority,73,Custom Detailed,"Identified anomalous Kerberos ticket request from host 10.24.18.99. Isolated endpoint, extracted memory dump for forensic sandbox, escalated to Tier-3 incident handler.",Remediated,OPR-107
CAS-2026-01134,ALT-2026-01202,CSE-006,Central Metro Rail,147,Custom Detailed,"Identified anomalous Kerberos ticket request from host 10.24.18.99. Isolated endpoint, extracted memory dump for forensic sandbox, escalated to Tier-3 incident handler.",Remediated,OPR-108
CAS-2026-01135,ALT-2026-01203,CSE-007,National Highway Authority,39,Custom Detailed,"Entra ID service principal role elevation detected outside maintenance window. Revoked global admin consent grant, triggered automated credential rotation.",Remediated,OPR-103
CAS-2026-01136,ALT-2026-01204,CSE-005,Eastern Port Trust,175,Custom Detailed,"SCADA RTU dual-homed gateway drop verified. Packet capture confirms unencrypted syslog suppression. Firewall rule AST-FW-SUB-04 revised, management interface locked down.",Remediated,OPR-105
CAS-2026-01137,ALT-2026-01205,CSE-004,Metro Airport Authority,3,Template,Alert acknowledged. Nominal traffic confirmed. No further action.,Suppressed / False Positive,OPR-105
CAS-2026-01138,ALT-2026-01206,CSE-007,National Highway Authority,96,Custom Detailed,"Identified anomalous Kerberos ticket request from host 10.24.18.99. Isolated endpoint, extracted memory dump for forensic sandbox, escalated to Tier-3 incident handler.",Remediated,OPR-112
CAS-2026-01139,ALT-2026-01207,CSE-005,Eastern Port Trust,163,Custom Detailed,"Entra ID service principal role elevation detected outside maintenance window. Revoked global admin consent grant, triggered automated credential rotation.",Remediated,OPR-107
CAS-2026-01140,ALT-2026-01208,CSE-007,National Highway Authority,46,Custom Detailed,"Identified anomalous Kerberos ticket request from host 10.24.18.99. Isolated endpoint, extracted memory dump for forensic sandbox, escalated to Tier-3 incident handler.",Remediated,OPR-104
CAS-2026-01141,ALT-2026-01209,CSE-003,Bharat Telecom Ltd,157,Custom Detailed,"Entra ID service principal role elevation detected outside maintenance window. Revoked global admin consent grant, triggered automated credential rotation.",Remediated,OPR-110
CAS-2026-01142,ALT-2026-01210,CSE-006,Central Metro Rail,114,Custom Detailed,"Identified anomalous Kerberos ticket request from host 10.24.18.99. Isolated endpoint, extracted memory dump for forensic sandbox, escalated to Tier-3 incident handler.",Remediated,OPR-102
CAS-2026-01143,ALT-2026-01211,CSE-003,Bharat Telecom Ltd,95,Custom Detailed,"SCADA RTU dual-homed gateway drop verified. Packet capture confirms unencrypted syslog suppression. Firewall rule AST-FW-SUB-04 revised, management interface locked down.",Remediated,OPR-103
CAS-2026-01144,ALT-2026-01212,CSE-006,Central Metro Rail,171,Custom Detailed,"Entra ID service principal role elevation detected outside maintenance window. Revoked global admin consent grant, triggered automated credential rotation.",Remediated,OPR-102
CAS-2026-01145,ALT-2026-01213,CSE-006,Central Metro Rail,92,Custom Detailed,"SCADA RTU dual-homed gateway drop verified. Packet capture confirms unencrypted syslog suppression. Firewall rule AST-FW-SUB-04 revised, management interface locked down.",Remediated,OPR-113
CAS-2026-01146,ALT-2026-01214,CSE-005,Eastern Port Trust,51,Template,Automated ticket closure - SLA satisfied.,Suppressed / False Positive,OPR-104
CAS-2026-01147,ALT-2026-01216,CSE-006,Central Metro Rail,94,Custom Detailed,"Identified anomalous Kerberos ticket request from host 10.24.18.99. Isolated endpoint, extracted memory dump for forensic sandbox, escalated to Tier-3 incident handler.",Remediated,OPR-110
CAS-2026-01148,ALT-2026-01217,CSE-003,Bharat Telecom Ltd,166,Custom Detailed,"Entra ID service principal role elevation detected outside maintenance window. Revoked global admin consent grant, triggered automated credential rotation.",Remediated,OPR-106
CAS-2026-01149,ALT-2026-01218,CSE-003,Bharat Telecom Ltd,31,Custom Detailed,Airside baggage sorting controller PLC connection reset inspected. Traced to unauthorized dual-homed maintenance laptop; physical port disabled on switch 4A.,Remediated,OPR-115
CAS-2026-01150,ALT-2026-01219,CSE-005,Eastern Port Trust,117,Custom Detailed,Airside baggage sorting controller PLC connection reset inspected. Traced to unauthorized dual-homed maintenance laptop; physical port disabled on switch 4A.,Remediated,OPR-111
CAS-2026-01151,ALT-2026-01220,CSE-005,Eastern Port Trust,56,Custom Detailed,Airside baggage sorting controller PLC connection reset inspected. Traced to unauthorized dual-homed maintenance laptop; physical port disabled on switch 4A.,Remediated,OPR-105
CAS-2026-01152,ALT-2026-01221,CSE-005,Eastern Port Trust,70,Custom Detailed,"SCADA RTU dual-homed gateway drop verified. Packet capture confirms unencrypted syslog suppression. Firewall rule AST-FW-SUB-04 revised, management interface locked down.",Remediated,OPR-109
CAS-2026-01153,ALT-2026-01222,CSE-004,Metro Airport Authority,124,Custom Detailed,"Entra ID service principal role elevation detected outside maintenance window. Revoked global admin consent grant, triggered automated credential rotation.",Remediated,OPR-105
CAS-2026-01154,ALT-2026-01224,CSE-004,Metro Airport Authority,83,Custom Detailed,"SCADA RTU dual-homed gateway drop verified. Packet capture confirms unencrypted syslog suppression. Firewall rule AST-FW-SUB-04 revised, management interface locked down.",Remediated,OPR-112
CAS-2026-01155,ALT-2026-01225,CSE-003,Bharat Telecom Ltd,85,Custom Detailed,"SCADA RTU dual-homed gateway drop verified. Packet capture confirms unencrypted syslog suppression. Firewall rule AST-FW-SUB-04 revised, management interface locked down.",Remediated,OPR-109
CAS-2026-01156,ALT-2026-01226,CSE-004,Metro Airport Authority,7,Template,Automated ticket closure - SLA satisfied.,Suppressed / False Positive,OPR-108
CAS-2026-01157,ALT-2026-01228,CSE-001,National Power Grid Corporation,48,Custom Detailed,"SCADA RTU dual-homed gateway drop verified. Packet capture confirms unencrypted syslog suppression. Firewall rule AST-FW-SUB-04 revised, management interface locked down.",Remediated,OPR-113
CAS-2026-01158,ALT-2026-01229,CSE-006,Central Metro Rail,113,Custom Detailed,"SCADA RTU dual-homed gateway drop verified. Packet capture confirms unencrypted syslog suppression. Firewall rule AST-FW-SUB-04 revised, management interface locked down.",Remediated,OPR-109
CAS-2026-01159,ALT-2026-01230,CSE-007,National Highway Authority,122,Custom Detailed,"Entra ID service principal role elevation detected outside maintenance window. Revoked global admin consent grant, triggered automated credential rotation.",Remediated,OPR-112
CAS-2026-01160,ALT-2026-01231,CSE-002,Apex National Bank,95,Custom Detailed,"Entra ID service principal role elevation detected outside maintenance window. Revoked global admin consent grant, triggered automated credential rotation.",Remediated,OPR-112
CAS-2026-01161,ALT-2026-01233,CSE-007,National Highway Authority,167,Custom Detailed,"Entra ID service principal role elevation detected outside maintenance window. Revoked global admin consent grant, triggered automated credential rotation.",Remediated,OPR-105
CAS-2026-01162,ALT-2026-01234,CSE-005,Eastern Port Trust,176,Custom Detailed,"Identified anomalous Kerberos ticket request from host 10.24.18.99. Isolated endpoint, extracted memory dump for forensic sandbox, escalated to Tier-3 incident handler.",Remediated,OPR-110
CAS-2026-01163,ALT-2026-01235,CSE-006,Central Metro Rail,114,Custom Detailed,"SCADA RTU dual-homed gateway drop verified. Packet capture confirms unencrypted syslog suppression. Firewall rule AST-FW-SUB-04 revised, management interface locked down.",Remediated,OPR-103
CAS-2026-01164,ALT-2026-01236,CSE-006,Central Metro Rail,34,Custom Detailed,Airside baggage sorting controller PLC connection reset inspected. Traced to unauthorized dual-homed maintenance laptop; physical port disabled on switch 4A.,Remediated,OPR-104
CAS-2026-01165,ALT-2026-01237,CSE-003,Bharat Telecom Ltd,177,Custom Detailed,"SCADA RTU dual-homed gateway drop verified. Packet capture confirms unencrypted syslog suppression. Firewall rule AST-FW-SUB-04 revised, management interface locked down.",Remediated,OPR-115
CAS-2026-01166,ALT-2026-01238,CSE-006,Central Metro Rail,62,Custom Detailed,"Identified anomalous Kerberos ticket request from host 10.24.18.99. Isolated endpoint, extracted memory dump for forensic sandbox, escalated to Tier-3 incident handler.",Remediated,OPR-106
CAS-2026-01167,ALT-2026-01239,CSE-001,National Power Grid Corporation,89,Custom Detailed,"Entra ID service principal role elevation detected outside maintenance window. Revoked global admin consent grant, triggered automated credential rotation.",Remediated,OPR-113
CAS-2026-01168,ALT-2026-01241,CSE-004,Metro Airport Authority,159,Custom Detailed,"SCADA RTU dual-homed gateway drop verified. Packet capture confirms unencrypted syslog suppression. Firewall rule AST-FW-SUB-04 revised, management interface locked down.",Remediated,OPR-112
CAS-2026-01169,ALT-2026-01242,CSE-005,Eastern Port Trust,136,Custom Detailed,"Entra ID service principal role elevation detected outside maintenance window. Revoked global admin consent grant, triggered automated credential rotation.",Remediated,OPR-104
CAS-2026-01170,ALT-2026-01244,CSE-004,Metro Airport Authority,5,Template,Resolved as per standard SOP - closed.,Suppressed / False Positive,OPR-105
CAS-2026-01171,ALT-2026-01245,CSE-002,Apex National Bank,41,Custom Detailed,"Entra ID service principal role elevation detected outside maintenance window. Revoked global admin consent grant, triggered automated credential rotation.",Remediated,OPR-114
CAS-2026-01172,ALT-2026-01246,CSE-002,Apex National Bank,83,Custom Detailed,"Identified anomalous Kerberos ticket request from host 10.24.18.99. Isolated endpoint, extracted memory dump for forensic sandbox, escalated to Tier-3 incident handler.",Remediated,OPR-111
CAS-2026-01173,ALT-2026-01248,CSE-007,National Highway Authority,37,Custom Detailed,"Entra ID service principal role elevation detected outside maintenance window. Revoked global admin consent grant, triggered automated credential rotation.",Remediated,OPR-106
CAS-2026-01174,ALT-2026-01250,CSE-001,National Power Grid Corporation,167,Custom Detailed,Airside baggage sorting controller PLC connection reset inspected. Traced to unauthorized dual-homed maintenance laptop; physical port disabled on switch 4A.,Remediated,OPR-103
CAS-2026-01175,ALT-2026-01251,CSE-007,National Highway Authority,54,Template,Whitelisted per shift supervisor instruction. Ticket closed.,Suppressed / False Positive,OPR-108
CAS-2026-01176,ALT-2026-01252,CSE-006,Central Metro Rail,54,Custom Detailed,"Identified anomalous Kerberos ticket request from host 10.24.18.99. Isolated endpoint, extracted memory dump for forensic sandbox, escalated to Tier-3 incident handler.",Remediated,OPR-107
CAS-2026-01177,ALT-2026-01253,CSE-003,Bharat Telecom Ltd,163,Custom Detailed,Airside baggage sorting controller PLC connection reset inspected. Traced to unauthorized dual-homed maintenance laptop; physical port disabled on switch 4A.,Remediated,OPR-110
CAS-2026-01178,ALT-2026-01254,CSE-003,Bharat Telecom Ltd,128,Custom Detailed,"Identified anomalous Kerberos ticket request from host 10.24.18.99. Isolated endpoint, extracted memory dump for forensic sandbox, escalated to Tier-3 incident handler.",Remediated,OPR-101
CAS-2026-01179,ALT-2026-01255,CSE-007,National Highway Authority,176,Custom Detailed,"Identified anomalous Kerberos ticket request from host 10.24.18.99. Isolated endpoint, extracted memory dump for forensic sandbox, escalated to Tier-3 incident handler.",Remediated,OPR-108
CAS-2026-01180,ALT-2026-01256,CSE-007,National Highway Authority,60,Custom Detailed,Airside baggage sorting controller PLC connection reset inspected. Traced to unauthorized dual-homed maintenance laptop; physical port disabled on switch 4A.,Remediated,OPR-105
CAS-2026-01181,ALT-2026-01257,CSE-006,Central Metro Rail,170,Custom Detailed,Airside baggage sorting controller PLC connection reset inspected. Traced to unauthorized dual-homed maintenance laptop; physical port disabled on switch 4A.,Remediated,OPR-111
CAS-2026-01182,ALT-2026-01259,CSE-005,Eastern Port Trust,108,Custom Detailed,"Entra ID service principal role elevation detected outside maintenance window. Revoked global admin consent grant, triggered automated credential rotation.",Remediated,OPR-107
CAS-2026-01183,ALT-2026-01260,CSE-005,Eastern Port Trust,34,Custom Detailed,"SCADA RTU dual-homed gateway drop verified. Packet capture confirms unencrypted syslog suppression. Firewall rule AST-FW-SUB-04 revised, management interface locked down.",Remediated,OPR-112
CAS-2026-01184,ALT-2026-01261,CSE-006,Central Metro Rail,168,Custom Detailed,"Entra ID service principal role elevation detected outside maintenance window. Revoked global admin consent grant, triggered automated credential rotation.",Remediated,OPR-112
CAS-2026-01185,ALT-2026-01262,CSE-005,Eastern Port Trust,168,Custom Detailed,"SCADA RTU dual-homed gateway drop verified. Packet capture confirms unencrypted syslog suppression. Firewall rule AST-FW-SUB-04 revised, management interface locked down.",Remediated,OPR-107
CAS-2026-01186,ALT-2026-01263,CSE-007,National Highway Authority,112,Custom Detailed,Airside baggage sorting controller PLC connection reset inspected. Traced to unauthorized dual-homed maintenance laptop; physical port disabled on switch 4A.,Remediated,OPR-112
CAS-2026-01187,ALT-2026-01264,CSE-003,Bharat Telecom Ltd,135,Custom Detailed,"Identified anomalous Kerberos ticket request from host 10.24.18.99. Isolated endpoint, extracted memory dump for forensic sandbox, escalated to Tier-3 incident handler.",Remediated,OPR-103
CAS-2026-01188,ALT-2026-01265,CSE-004,Metro Airport Authority,5,Template,Automated ticket closure - SLA satisfied.,Suppressed / False Positive,OPR-104
CAS-2026-01189,ALT-2026-01266,CSE-002,Apex National Bank,68,Template,False positive reported by analyst. Closed.,Suppressed / False Positive,OPR-108
CAS-2026-01190,ALT-2026-01267,CSE-002,Apex National Bank,4,Template,False positive reported by analyst. Closed.,Suppressed / False Positive,OPR-102
CAS-2026-01191,ALT-2026-01268,CSE-007,National Highway Authority,69,Custom Detailed,Airside baggage sorting controller PLC connection reset inspected. Traced to unauthorized dual-homed maintenance laptop; physical port disabled on switch 4A.,Remediated,OPR-115
CAS-2026-01192,ALT-2026-01269,CSE-007,National Highway Authority,149,Custom Detailed,"Identified anomalous Kerberos ticket request from host 10.24.18.99. Isolated endpoint, extracted memory dump for forensic sandbox, escalated to Tier-3 incident handler.",Remediated,OPR-110
CAS-2026-01193,ALT-2026-01270,CSE-002,Apex National Bank,91,Custom Detailed,"Entra ID service principal role elevation detected outside maintenance window. Revoked global admin consent grant, triggered automated credential rotation.",Remediated,OPR-108
CAS-2026-01194,ALT-2026-01271,CSE-007,National Highway Authority,94,Custom Detailed,"Entra ID service principal role elevation detected outside maintenance window. Revoked global admin consent grant, triggered automated credential rotation.",Remediated,OPR-109
CAS-2026-01195,ALT-2026-01272,CSE-003,Bharat Telecom Ltd,92,Template,Automated ticket closure - SLA satisfied.,Suppressed / False Positive,OPR-108
CAS-2026-01196,ALT-2026-01273,CSE-002,Apex National Bank,6,Template,Automated ticket closure - SLA satisfied.,Suppressed / False Positive,OPR-114
CAS-2026-01197,ALT-2026-01275,CSE-001,National Power Grid Corporation,147,Custom Detailed,Airside baggage sorting controller PLC connection reset inspected. Traced to unauthorized dual-homed maintenance laptop; physical port disabled on switch 4A.,Remediated,OPR-114
CAS-2026-01198,ALT-2026-01276,CSE-005,Eastern Port Trust,55,Custom Detailed,"Entra ID service principal role elevation detected outside maintenance window. Revoked global admin consent grant, triggered automated credential rotation.",Remediated,OPR-115
CAS-2026-01199,ALT-2026-01277,CSE-004,Metro Airport Authority,93,Custom Detailed,"Entra ID service principal role elevation detected outside maintenance window. Revoked global admin consent grant, triggered automated credential rotation.",Remediated,OPR-108
CAS-2026-01200,ALT-2026-01278,CSE-007,National Highway Authority,132,Custom Detailed,"Entra ID service principal role elevation detected outside maintenance window. Revoked global admin consent grant, triggered automated credential rotation.",Remediated,OPR-113
CAS-2026-01201,ALT-2026-01279,CSE-007,National Highway Authority,111,Custom Detailed,"SCADA RTU dual-homed gateway drop verified. Packet capture confirms unencrypted syslog suppression. Firewall rule AST-FW-SUB-04 revised, management interface locked down.",Remediated,OPR-102
CAS-2026-01202,ALT-2026-01280,CSE-006,Central Metro Rail,154,Custom Detailed,"Entra ID service principal role elevation detected outside maintenance window. Revoked global admin consent grant, triggered automated credential rotation.",Remediated,OPR-106
CAS-2026-01203,ALT-2026-01281,CSE-007,National Highway Authority,159,Template,Whitelisted per shift supervisor instruction. Ticket closed.,Suppressed / False Positive,OPR-111
CAS-2026-01204,ALT-2026-01282,CSE-005,Eastern Port Trust,133,Template,False positive reported by analyst. Closed.,Suppressed / False Positive,OPR-103
CAS-2026-01205,ALT-2026-01283,CSE-006,Central Metro Rail,175,Template,Whitelisted per shift supervisor instruction. Ticket closed.,Suppressed / False Positive,OPR-106
CAS-2026-01206,ALT-2026-01284,CSE-002,Apex National Bank,92,Template,Alert acknowledged. Nominal traffic confirmed. No further action.,Suppressed / False Positive,OPR-108
CAS-2026-01207,ALT-2026-01285,CSE-006,Central Metro Rail,136,Custom Detailed,Airside baggage sorting controller PLC connection reset inspected. Traced to unauthorized dual-homed maintenance laptop; physical port disabled on switch 4A.,Remediated,OPR-109
CAS-2026-01208,ALT-2026-01286,CSE-005,Eastern Port Trust,97,Custom Detailed,"Entra ID service principal role elevation detected outside maintenance window. Revoked global admin consent grant, triggered automated credential rotation.",Remediated,OPR-106
CAS-2026-01209,ALT-2026-01287,CSE-003,Bharat Telecom Ltd,167,Template,Alert acknowledged. Nominal traffic confirmed. No further action.,Suppressed / False Positive,OPR-103
CAS-2026-01210,ALT-2026-01288,CSE-001,National Power Grid Corporation,171,Custom Detailed,"Entra ID service principal role elevation detected outside maintenance window. Revoked global admin consent grant, triggered automated credential rotation.",Remediated,OPR-108
CAS-2026-01211,ALT-2026-01289,CSE-003,Bharat Telecom Ltd,173,Template,Resolved as per standard SOP - closed.,Suppressed / False Positive,OPR-109
CAS-2026-01212,ALT-2026-01290,CSE-006,Central Metro Rail,94,Template,False positive reported by analyst. Closed.,Suppressed / False Positive,OPR-101
CAS-2026-01213,ALT-2026-01291,CSE-006,Central Metro Rail,114,Custom Detailed,"Entra ID service principal role elevation detected outside maintenance window. Revoked global admin consent grant, triggered automated credential rotation.",Remediated,OPR-110
CAS-2026-01214,ALT-2026-01292,CSE-007,National Highway Authority,121,Custom Detailed,"Identified anomalous Kerberos ticket request from host 10.24.18.99. Isolated endpoint, extracted memory dump for forensic sandbox, escalated to Tier-3 incident handler.",Remediated,OPR-102
CAS-2026-01215,ALT-2026-01293,CSE-007,National Highway Authority,76,Custom Detailed,"SCADA RTU dual-homed gateway drop verified. Packet capture confirms unencrypted syslog suppression. Firewall rule AST-FW-SUB-04 revised, management interface locked down.",Remediated,OPR-111
CAS-2026-01216,ALT-2026-01294,CSE-004,Metro Airport Authority,7,Template,False positive reported by analyst. Closed.,Suppressed / False Positive,OPR-107
CAS-2026-01217,ALT-2026-01295,CSE-007,National Highway Authority,140,Custom Detailed,"SCADA RTU dual-homed gateway drop verified. Packet capture confirms unencrypted syslog suppression. Firewall rule AST-FW-SUB-04 revised, management interface locked down.",Remediated,OPR-108
CAS-2026-01218,ALT-2026-01296,CSE-001,National Power Grid Corporation,4,Template,Resolved as per standard SOP - closed.,Suppressed / False Positive,OPR-113
CAS-2026-01219,ALT-2026-01298,CSE-001,National Power Grid Corporation,78,Custom Detailed,"SCADA RTU dual-homed gateway drop verified. Packet capture confirms unencrypted syslog suppression. Firewall rule AST-FW-SUB-04 revised, management interface locked down.",Remediated,OPR-110
CAS-2026-01220,ALT-2026-01299,CSE-004,Metro Airport Authority,6,Template,Alert acknowledged. Nominal traffic confirmed. No further action.,Suppressed / False Positive,OPR-110
CAS-2026-01221,ALT-2026-01300,CSE-002,Apex National Bank,167,Custom Detailed,"Identified anomalous Kerberos ticket request from host 10.24.18.99. Isolated endpoint, extracted memory dump for forensic sandbox, escalated to Tier-3 incident handler.",Remediated,OPR-113
CAS-2026-01222,ALT-2026-01301,CSE-003,Bharat Telecom Ltd,79,Custom Detailed,Airside baggage sorting controller PLC connection reset inspected. Traced to unauthorized dual-homed maintenance laptop; physical port disabled on switch 4A.,Remediated,OPR-103
CAS-2026-01223,ALT-2026-01302,CSE-005,Eastern Port Trust,123,Custom Detailed,"SCADA RTU dual-homed gateway drop verified. Packet capture confirms unencrypted syslog suppression. Firewall rule AST-FW-SUB-04 revised, management interface locked down.",Remediated,OPR-104
CAS-2026-01224,ALT-2026-01303,CSE-007,National Highway Authority,163,Custom Detailed,"Identified anomalous Kerberos ticket request from host 10.24.18.99. Isolated endpoint, extracted memory dump for forensic sandbox, escalated to Tier-3 incident handler.",Remediated,OPR-111
CAS-2026-01225,ALT-2026-01304,CSE-006,Central Metro Rail,80,Custom Detailed,Airside baggage sorting controller PLC connection reset inspected. Traced to unauthorized dual-homed maintenance laptop; physical port disabled on switch 4A.,Remediated,OPR-111
CAS-2026-01226,ALT-2026-01305,CSE-004,Metro Airport Authority,129,Template,False positive reported by analyst. Closed.,Suppressed / False Positive,OPR-108
CAS-2026-01227,ALT-2026-01306,CSE-007,National Highway Authority,110,Custom Detailed,"SCADA RTU dual-homed gateway drop verified. Packet capture confirms unencrypted syslog suppression. Firewall rule AST-FW-SUB-04 revised, management interface locked down.",Remediated,OPR-101
CAS-2026-01228,ALT-2026-01307,CSE-005,Eastern Port Trust,160,Template,Automated ticket closure - SLA satisfied.,Suppressed / False Positive,OPR-114
CAS-2026-01229,ALT-2026-01308,CSE-002,Apex National Bank,111,Custom Detailed,"SCADA RTU dual-homed gateway drop verified. Packet capture confirms unencrypted syslog suppression. Firewall rule AST-FW-SUB-04 revised, management interface locked down.",Remediated,OPR-112
CAS-2026-01230,ALT-2026-01309,CSE-002,Apex National Bank,7,Template,Alert acknowledged. Nominal traffic confirmed. No further action.,Suppressed / False Positive,OPR-115
CAS-2026-01231,ALT-2026-01310,CSE-003,Bharat Telecom Ltd,41,Custom Detailed,Airside baggage sorting controller PLC connection reset inspected. Traced to unauthorized dual-homed maintenance laptop; physical port disabled on switch 4A.,Remediated,OPR-103
CAS-2026-01232,ALT-2026-01311,CSE-005,Eastern Port Trust,82,Custom Detailed,"Entra ID service principal role elevation detected outside maintenance window. Revoked global admin consent grant, triggered automated credential rotation.",Remediated,OPR-112
CAS-2026-01233,ALT-2026-01312,CSE-003,Bharat Telecom Ltd,94,Custom Detailed,Airside baggage sorting controller PLC connection reset inspected. Traced to unauthorized dual-homed maintenance laptop; physical port disabled on switch 4A.,Remediated,OPR-101
CAS-2026-01234,ALT-2026-01313,CSE-006,Central Metro Rail,70,Custom Detailed,"Identified anomalous Kerberos ticket request from host 10.24.18.99. Isolated endpoint, extracted memory dump for forensic sandbox, escalated to Tier-3 incident handler.",Remediated,OPR-102
CAS-2026-01235,ALT-2026-01314,CSE-002,Apex National Bank,102,Custom Detailed,"Entra ID service principal role elevation detected outside maintenance window. Revoked global admin consent grant, triggered automated credential rotation.",Remediated,OPR-105
CAS-2026-01236,ALT-2026-01315,CSE-001,National Power Grid Corporation,150,Custom Detailed,"Identified anomalous Kerberos ticket request from host 10.24.18.99. Isolated endpoint, extracted memory dump for forensic sandbox, escalated to Tier-3 incident handler.",Remediated,OPR-102
CAS-2026-01237,ALT-2026-01316,CSE-001,National Power Grid Corporation,3,Template,Resolved as per standard SOP - closed.,Suppressed / False Positive,OPR-110
CAS-2026-01238,ALT-2026-01317,CSE-003,Bharat Telecom Ltd,83,Custom Detailed,"SCADA RTU dual-homed gateway drop verified. Packet capture confirms unencrypted syslog suppression. Firewall rule AST-FW-SUB-04 revised, management interface locked down.",Remediated,OPR-106
CAS-2026-01239,ALT-2026-01318,CSE-001,National Power Grid Corporation,44,Custom Detailed,"SCADA RTU dual-homed gateway drop verified. Packet capture confirms unencrypted syslog suppression. Firewall rule AST-FW-SUB-04 revised, management interface locked down.",Remediated,OPR-107
CAS-2026-01240,ALT-2026-01319,CSE-002,Apex National Bank,4,Template,Alert acknowledged. Nominal traffic confirmed. No further action.,Suppressed / False Positive,OPR-112
CAS-2026-01241,ALT-2026-01320,CSE-004,Metro Airport Authority,44,Custom Detailed,"Entra ID service principal role elevation detected outside maintenance window. Revoked global admin consent grant, triggered automated credential rotation.",Remediated,OPR-111
CAS-2026-01242,ALT-2026-01322,CSE-006,Central Metro Rail,39,Custom Detailed,"SCADA RTU dual-homed gateway drop verified. Packet capture confirms unencrypted syslog suppression. Firewall rule AST-FW-SUB-04 revised, management interface locked down.",Remediated,OPR-109
CAS-2026-01243,ALT-2026-01323,CSE-001,National Power Grid Corporation,145,Custom Detailed,Airside baggage sorting controller PLC connection reset inspected. Traced to unauthorized dual-homed maintenance laptop; physical port disabled on switch 4A.,Remediated,OPR-104
CAS-2026-01244,ALT-2026-01324,CSE-006,Central Metro Rail,146,Custom Detailed,"SCADA RTU dual-homed gateway drop verified. Packet capture confirms unencrypted syslog suppression. Firewall rule AST-FW-SUB-04 revised, management interface locked down.",Remediated,OPR-115
CAS-2026-01245,ALT-2026-01325,CSE-003,Bharat Telecom Ltd,35,Custom Detailed,"Entra ID service principal role elevation detected outside maintenance window. Revoked global admin consent grant, triggered automated credential rotation.",Remediated,OPR-113
CAS-2026-01246,ALT-2026-01326,CSE-003,Bharat Telecom Ltd,120,Custom Detailed,"SCADA RTU dual-homed gateway drop verified. Packet capture confirms unencrypted syslog suppression. Firewall rule AST-FW-SUB-04 revised, management interface locked down.",Remediated,OPR-107
CAS-2026-01247,ALT-2026-01327,CSE-004,Metro Airport Authority,4,Template,Automated ticket closure - SLA satisfied.,Suppressed / False Positive,OPR-106
CAS-2026-01248,ALT-2026-01328,CSE-006,Central Metro Rail,148,Custom Detailed,"Entra ID service principal role elevation detected outside maintenance window. Revoked global admin consent grant, triggered automated credential rotation.",Remediated,OPR-114
CAS-2026-01249,ALT-2026-01329,CSE-007,National Highway Authority,106,Custom Detailed,Airside baggage sorting controller PLC connection reset inspected. Traced to unauthorized dual-homed maintenance laptop; physical port disabled on switch 4A.,Remediated,OPR-107
CAS-2026-01250,ALT-2026-01330,CSE-001,National Power Grid Corporation,82,Custom Detailed,"Identified anomalous Kerberos ticket request from host 10.24.18.99. Isolated endpoint, extracted memory dump for forensic sandbox, escalated to Tier-3 incident handler.",Remediated,OPR-110
CAS-2026-01251,ALT-2026-01331,CSE-006,Central Metro Rail,111,Custom Detailed,Airside baggage sorting controller PLC connection reset inspected. Traced to unauthorized dual-homed maintenance laptop; physical port disabled on switch 4A.,Remediated,OPR-104
CAS-2026-01252,ALT-2026-01332,CSE-007,National Highway Authority,54,Custom Detailed,"Identified anomalous Kerberos ticket request from host 10.24.18.99. Isolated endpoint, extracted memory dump for forensic sandbox, escalated to Tier-3 incident handler.",Remediated,OPR-102
CAS-2026-01253,ALT-2026-01333,CSE-001,National Power Grid Corporation,7,Template,Alert acknowledged. Nominal traffic confirmed. No further action.,Suppressed / False Positive,OPR-104
CAS-2026-01254,ALT-2026-01335,CSE-007,National Highway Authority,173,Custom Detailed,"SCADA RTU dual-homed gateway drop verified. Packet capture confirms unencrypted syslog suppression. Firewall rule AST-FW-SUB-04 revised, management interface locked down.",Remediated,OPR-111
CAS-2026-01255,ALT-2026-01336,CSE-004,Metro Airport Authority,40,Custom Detailed,"Identified anomalous Kerberos ticket request from host 10.24.18.99. Isolated endpoint, extracted memory dump for forensic sandbox, escalated to Tier-3 incident handler.",Remediated,OPR-115
CAS-2026-01256,ALT-2026-01337,CSE-004,Metro Airport Authority,179,Custom Detailed,Airside baggage sorting controller PLC connection reset inspected. Traced to unauthorized dual-homed maintenance laptop; physical port disabled on switch 4A.,Remediated,OPR-103
CAS-2026-01257,ALT-2026-01338,CSE-004,Metro Airport Authority,106,Custom Detailed,"SCADA RTU dual-homed gateway drop verified. Packet capture confirms unencrypted syslog suppression. Firewall rule AST-FW-SUB-04 revised, management interface locked down.",Remediated,OPR-107
CAS-2026-01258,ALT-2026-01339,CSE-002,Apex National Bank,4,Template,Resolved as per standard SOP - closed.,Suppressed / False Positive,OPR-113
CAS-2026-01259,ALT-2026-01340,CSE-004,Metro Airport Authority,163,Custom Detailed,"Entra ID service principal role elevation detected outside maintenance window. Revoked global admin consent grant, triggered automated credential rotation.",Remediated,OPR-108
CAS-2026-01260,ALT-2026-01341,CSE-003,Bharat Telecom Ltd,99,Custom Detailed,"Identified anomalous Kerberos ticket request from host 10.24.18.99. Isolated endpoint, extracted memory dump for forensic sandbox, escalated to Tier-3 incident handler.",Remediated,OPR-113
CAS-2026-01261,ALT-2026-01342,CSE-006,Central Metro Rail,176,Custom Detailed,"Identified anomalous Kerberos ticket request from host 10.24.18.99. Isolated endpoint, extracted memory dump for forensic sandbox, escalated to Tier-3 incident handler.",Remediated,OPR-105
CAS-2026-01262,ALT-2026-01343,CSE-004,Metro Airport Authority,7,Template,Whitelisted per shift supervisor instruction. Ticket closed.,Suppressed / False Positive,OPR-106
CAS-2026-01263,ALT-2026-01344,CSE-003,Bharat Telecom Ltd,171,Template,Whitelisted per shift supervisor instruction. Ticket closed.,Suppressed / False Positive,OPR-108
CAS-2026-01264,ALT-2026-01345,CSE-003,Bharat Telecom Ltd,35,Custom Detailed,"Identified anomalous Kerberos ticket request from host 10.24.18.99. Isolated endpoint, extracted memory dump for forensic sandbox, escalated to Tier-3 incident handler.",Remediated,OPR-113
CAS-2026-01265,ALT-2026-01346,CSE-007,National Highway Authority,49,Custom Detailed,"Identified anomalous Kerberos ticket request from host 10.24.18.99. Isolated endpoint, extracted memory dump for forensic sandbox, escalated to Tier-3 incident handler.",Remediated,OPR-112
CAS-2026-01266,ALT-2026-01347,CSE-001,National Power Grid Corporation,7,Template,Automated ticket closure - SLA satisfied.,Suppressed / False Positive,OPR-113
CAS-2026-01267,ALT-2026-01348,CSE-006,Central Metro Rail,53,Custom Detailed,"SCADA RTU dual-homed gateway drop verified. Packet capture confirms unencrypted syslog suppression. Firewall rule AST-FW-SUB-04 revised, management interface locked down.",Remediated,OPR-102
CAS-2026-01268,ALT-2026-01349,CSE-001,National Power Grid Corporation,4,Template,Automated ticket closure - SLA satisfied.,Suppressed / False Positive,OPR-109
CAS-2026-01269,ALT-2026-01350,CSE-002,Apex National Bank,143,Custom Detailed,"Identified anomalous Kerberos ticket request from host 10.24.18.99. Isolated endpoint, extracted memory dump for forensic sandbox, escalated to Tier-3 incident handler.",Remediated,OPR-109
CAS-2026-01270,ALT-2026-01351,CSE-001,National Power Grid Corporation,3,Template,False positive reported by analyst. Closed.,Suppressed / False Positive,OPR-102
CAS-2026-01271,ALT-2026-01352,CSE-006,Central Metro Rail,135,Custom Detailed,"Entra ID service principal role elevation detected outside maintenance window. Revoked global admin consent grant, triggered automated credential rotation.",Remediated,OPR-111
CAS-2026-01272,ALT-2026-01353,CSE-003,Bharat Telecom Ltd,102,Template,Whitelisted per shift supervisor instruction. Ticket closed.,Suppressed / False Positive,OPR-102
CAS-2026-01273,ALT-2026-01354,CSE-001,National Power Grid Corporation,33,Custom Detailed,Airside baggage sorting controller PLC connection reset inspected. Traced to unauthorized dual-homed maintenance laptop; physical port disabled on switch 4A.,Remediated,OPR-111
CAS-2026-01274,ALT-2026-01355,CSE-001,National Power Grid Corporation,111,Custom Detailed,"Entra ID service principal role elevation detected outside maintenance window. Revoked global admin consent grant, triggered automated credential rotation.",Remediated,OPR-106
CAS-2026-01275,ALT-2026-01356,CSE-006,Central Metro Rail,88,Custom Detailed,"SCADA RTU dual-homed gateway drop verified. Packet capture confirms unencrypted syslog suppression. Firewall rule AST-FW-SUB-04 revised, management interface locked down.",Remediated,OPR-103
CAS-2026-01276,ALT-2026-01357,CSE-001,National Power Grid Corporation,148,Custom Detailed,Airside baggage sorting controller PLC connection reset inspected. Traced to unauthorized dual-homed maintenance laptop; physical port disabled on switch 4A.,Remediated,OPR-108
CAS-2026-01277,ALT-2026-01358,CSE-002,Apex National Bank,8,Template,Alert acknowledged. Nominal traffic confirmed. No further action.,Suppressed / False Positive,OPR-107
CAS-2026-01278,ALT-2026-01359,CSE-007,National Highway Authority,85,Custom Detailed,"SCADA RTU dual-homed gateway drop verified. Packet capture confirms unencrypted syslog suppression. Firewall rule AST-FW-SUB-04 revised, management interface locked down.",Remediated,OPR-101
CAS-2026-01279,ALT-2026-01360,CSE-004,Metro Airport Authority,3,Template,Automated ticket closure - SLA satisfied.,Suppressed / False Positive,OPR-114
CAS-2026-01280,ALT-2026-01361,CSE-007,National Highway Authority,154,Custom Detailed,"SCADA RTU dual-homed gateway drop verified. Packet capture confirms unencrypted syslog suppression. Firewall rule AST-FW-SUB-04 revised, management interface locked down.",Remediated,OPR-101
CAS-2026-01281,ALT-2026-01362,CSE-003,Bharat Telecom Ltd,85,Custom Detailed,Airside baggage sorting controller PLC connection reset inspected. Traced to unauthorized dual-homed maintenance laptop; physical port disabled on switch 4A.,Remediated,OPR-108
CAS-2026-01282,ALT-2026-01363,CSE-001,National Power Grid Corporation,5,Template,False positive reported by analyst. Closed.,Suppressed / False Positive,OPR-102
CAS-2026-01283,ALT-2026-01365,CSE-004,Metro Airport Authority,151,Custom Detailed,"Entra ID service principal role elevation detected outside maintenance window. Revoked global admin consent grant, triggered automated credential rotation.",Remediated,OPR-109
CAS-2026-01284,ALT-2026-01366,CSE-003,Bharat Telecom Ltd,90,Custom Detailed,"SCADA RTU dual-homed gateway drop verified. Packet capture confirms unencrypted syslog suppression. Firewall rule AST-FW-SUB-04 revised, management interface locked down.",Remediated,OPR-108
CAS-2026-01285,ALT-2026-01367,CSE-005,Eastern Port Trust,148,Custom Detailed,Airside baggage sorting controller PLC connection reset inspected. Traced to unauthorized dual-homed maintenance laptop; physical port disabled on switch 4A.,Remediated,OPR-115
CAS-2026-01286,ALT-2026-01368,CSE-006,Central Metro Rail,45,Custom Detailed,"Entra ID service principal role elevation detected outside maintenance window. Revoked global admin consent grant, triggered automated credential rotation.",Remediated,OPR-104
CAS-2026-01287,ALT-2026-01369,CSE-002,Apex National Bank,154,Custom Detailed,"Entra ID service principal role elevation detected outside maintenance window. Revoked global admin consent grant, triggered automated credential rotation.",Remediated,OPR-110
CAS-2026-01288,ALT-2026-01370,CSE-005,Eastern Port Trust,93,Custom Detailed,"Entra ID service principal role elevation detected outside maintenance window. Revoked global admin consent grant, triggered automated credential rotation.",Remediated,OPR-107
CAS-2026-01289,ALT-2026-01371,CSE-006,Central Metro Rail,50,Template,Automated ticket closure - SLA satisfied.,Suppressed / False Positive,OPR-108
CAS-2026-01290,ALT-2026-01372,CSE-007,National Highway Authority,146,Custom Detailed,"Entra ID service principal role elevation detected outside maintenance window. Revoked global admin consent grant, triggered automated credential rotation.",Remediated,OPR-104
CAS-2026-01291,ALT-2026-01373,CSE-006,Central Metro Rail,171,Custom Detailed,"Entra ID service principal role elevation detected outside maintenance window. Revoked global admin consent grant, triggered automated credential rotation.",Remediated,OPR-106
CAS-2026-01292,ALT-2026-01374,CSE-002,Apex National Bank,102,Custom Detailed,"Identified anomalous Kerberos ticket request from host 10.24.18.99. Isolated endpoint, extracted memory dump for forensic sandbox, escalated to Tier-3 incident handler.",Remediated,OPR-110
CAS-2026-01293,ALT-2026-01375,CSE-007,National Highway Authority,65,Template,Resolved as per standard SOP - closed.,Suppressed / False Positive,OPR-102
CAS-2026-01294,ALT-2026-01376,CSE-005,Eastern Port Trust,156,Custom Detailed,"Identified anomalous Kerberos ticket request from host 10.24.18.99. Isolated endpoint, extracted memory dump for forensic sandbox, escalated to Tier-3 incident handler.",Remediated,OPR-109
CAS-2026-01295,ALT-2026-01378,CSE-007,National Highway Authority,152,Custom Detailed,"SCADA RTU dual-homed gateway drop verified. Packet capture confirms unencrypted syslog suppression. Firewall rule AST-FW-SUB-04 revised, management interface locked down.",Remediated,OPR-101
CAS-2026-01296,ALT-2026-01379,CSE-002,Apex National Bank,34,Custom Detailed,Airside baggage sorting controller PLC connection reset inspected. Traced to unauthorized dual-homed maintenance laptop; physical port disabled on switch 4A.,Remediated,OPR-113
CAS-2026-01297,ALT-2026-01380,CSE-003,Bharat Telecom Ltd,179,Custom Detailed,"SCADA RTU dual-homed gateway drop verified. Packet capture confirms unencrypted syslog suppression. Firewall rule AST-FW-SUB-04 revised, management interface locked down.",Remediated,OPR-101
CAS-2026-01298,ALT-2026-01381,CSE-003,Bharat Telecom Ltd,102,Custom Detailed,"Identified anomalous Kerberos ticket request from host 10.24.18.99. Isolated endpoint, extracted memory dump for forensic sandbox, escalated to Tier-3 incident handler.",Remediated,OPR-109
CAS-2026-01299,ALT-2026-01383,CSE-006,Central Metro Rail,77,Custom Detailed,"SCADA RTU dual-homed gateway drop verified. Packet capture confirms unencrypted syslog suppression. Firewall rule AST-FW-SUB-04 revised, management interface locked down.",Remediated,OPR-101
CAS-2026-01300,ALT-2026-01384,CSE-004,Metro Airport Authority,8,Template,Whitelisted per shift supervisor instruction. Ticket closed.,Suppressed / False Positive,OPR-111
CAS-2026-01301,ALT-2026-01385,CSE-002,Apex National Bank,6,Template,Alert acknowledged. Nominal traffic confirmed. No further action.,Suppressed / False Positive,OPR-104
CAS-2026-01302,ALT-2026-01386,CSE-005,Eastern Port Trust,113,Custom Detailed,Airside baggage sorting controller PLC connection reset inspected. Traced to unauthorized dual-homed maintenance laptop; physical port disabled on switch 4A.,Remediated,OPR-107
CAS-2026-01303,ALT-2026-01387,CSE-005,Eastern Port Trust,49,Custom Detailed,"SCADA RTU dual-homed gateway drop verified. Packet capture confirms unencrypted syslog suppression. Firewall rule AST-FW-SUB-04 revised, management interface locked down.",Remediated,OPR-102
CAS-2026-01304,ALT-2026-01388,CSE-001,National Power Grid Corporation,175,Custom Detailed,Airside baggage sorting controller PLC connection reset inspected. Traced to unauthorized dual-homed maintenance laptop; physical port disabled on switch 4A.,Remediated,OPR-102
CAS-2026-01305,ALT-2026-01389,CSE-001,National Power Grid Corporation,35,Custom Detailed,Airside baggage sorting controller PLC connection reset inspected. Traced to unauthorized dual-homed maintenance laptop; physical port disabled on switch 4A.,Remediated,OPR-113
CAS-2026-01306,ALT-2026-01390,CSE-001,National Power Grid Corporation,2,Template,Alert acknowledged. Nominal traffic confirmed. No further action.,Suppressed / False Positive,OPR-112
CAS-2026-01307,ALT-2026-01391,CSE-006,Central Metro Rail,172,Template,False positive reported by analyst. Closed.,Suppressed / False Positive,OPR-105
CAS-2026-01308,ALT-2026-01393,CSE-004,Metro Airport Authority,102,Custom Detailed,"Entra ID service principal role elevation detected outside maintenance window. Revoked global admin consent grant, triggered automated credential rotation.",Remediated,OPR-108
CAS-2026-01309,ALT-2026-01394,CSE-002,Apex National Bank,41,Custom Detailed,"Identified anomalous Kerberos ticket request from host 10.24.18.99. Isolated endpoint, extracted memory dump for forensic sandbox, escalated to Tier-3 incident handler.",Remediated,OPR-114
CAS-2026-01310,ALT-2026-01395,CSE-007,National Highway Authority,52,Custom Detailed,"Entra ID service principal role elevation detected outside maintenance window. Revoked global admin consent grant, triggered automated credential rotation.",Remediated,OPR-106
CAS-2026-01311,ALT-2026-01396,CSE-004,Metro Airport Authority,6,Template,False positive reported by analyst. Closed.,Suppressed / False Positive,OPR-106
CAS-2026-01312,ALT-2026-01397,CSE-006,Central Metro Rail,67,Custom Detailed,"Entra ID service principal role elevation detected outside maintenance window. Revoked global admin consent grant, triggered automated credential rotation.",Remediated,OPR-113
CAS-2026-01313,ALT-2026-01398,CSE-004,Metro Airport Authority,121,Custom Detailed,"Entra ID service principal role elevation detected outside maintenance window. Revoked global admin consent grant, triggered automated credential rotation.",Remediated,OPR-108
CAS-2026-01314,ALT-2026-01399,CSE-004,Metro Airport Authority,117,Custom Detailed,"SCADA RTU dual-homed gateway drop verified. Packet capture confirms unencrypted syslog suppression. Firewall rule AST-FW-SUB-04 revised, management interface locked down.",Remediated,OPR-111
CAS-2026-01315,ALT-2026-01400,CSE-007,National Highway Authority,137,Custom Detailed,"Identified anomalous Kerberos ticket request from host 10.24.18.99. Isolated endpoint, extracted memory dump for forensic sandbox, escalated to Tier-3 incident handler.",Remediated,OPR-109
